SAMPLE_NUMBER,pools_per_ft
08ISS4742_14,0.018927445
08WES1340_09,0.033333333
02O_09,0
02O_10,0.01
02P_10,0.009615385
02P_09,0.014814815
05B_09,0.041666667
05B_10,0.074074074
08BEA3312_02,
08BEA3312_03,
08BEA3312_05,
08BEA3312_06,0.058139535
08BEA3312_07,0.035714286
08BEA3312_08,0.043956044
08BEA3312_09,0.034090909
08BEA3312_10,0.046511628
08BEA3312_11,0.03030303
08BEA3321_02,
08BEA3321_03,
08BEA3321_05,
08BEA3321_06,0
08BEA3321_07,0.044444444
08BEA3321_08,0.030769231
08BEA3321_09,0.015151515
08BEA3321_10,
08BEA3321_11,0
08BEA3325_02,
08BEA3325_03,
08BEA3325_07,0.035714286
08EVA3474_02,
08EVA3474_03,
08EVA3474_05,
08EVA3474_06,0.018181818
08EVA3474_07,0
08EVA3474_08,0.002739726
08EVA3474_09,0
08BEA3474_10,0
08BEA3478_02,
08BEA3478_03,
08BEA3478_05,
08BEA3478_06,0.081081081
08BEA3478_07,0
08BEA3478_08,
08BEA3478_09,0.008264463
08BEA3478_10,0.0125
08BEA3478_11,0.02020202
08BEA3571_02,
08BEA3571_03,
08BEA3571_05,
08BEA3571_06,0.021428571
08BEA3571_07,0.041666667
08BEA3571_08,0.03
08BEA3571_09,0.016949153
08BEA3571_10,0.011904762
08BEA3571_11,0
08BEA3650_02,
08BEA3650_03,
08BEA3650_05,
08BEA3650_06,0.017391304
08BEA3650_07,0
08BEA3650_08,0
08BEA3650_09,0.025
08BEA3650_10,0
08BEA3650_11,0.003546099
08BEA3737_02,
08BEA3737_03,
08BEA3737_05,
08BEA3737_06,0.058139535
08BEA3737_07,0.069767442
08BEA3737_08,0.021978022
08BEA3737_09,0.02189781
08BEA3737_10,0.0625
08BEA3737_11,0.078947368
08BEA3747_02,
08BEA3747_03,
08BEA3747_05,
08BEA3747_06,0.049180328
08BEA3747_07,0.03125
08BEA3747_08,0.020833333
08BEA3747_09,0.030769231
08BEA3747_10,0.028368794
08BEA3747_11,0.011764706
08BEA3826_02,
08BEA3826_03,
08BEA3826_05,
08BEA3826_06,0.108108108
08BEA3826_07,0
08BEA3826_08,0.016666667
08BEA3826_09,0.046153846
08BEA3826_10,0.031746032
08BEA3826_11,0
08BEA3914_02,
08CED2433_02,
08CED2433_03,
08CED2433_05,
08CED2433_06,0.02189781
08CED2433_07,0.026785714
08CED2433_08,0
08CED2433_09,0.0625
08CED2433_10,0.02173913
08CED2433_11,0.016
08CED2518_02,
08CED2518_03,
08CED2518_05,
08CED2518_06,0.02
08CED2518_07,0.034883721
08CED2518_08,0.014285714
08CED2518_09,0.011235955
08CED2518_10,0.017699115
08CED2518_11,0
08CED2711_02,
08CED2711_03,
08CED2711_05,
08CED2711_06,0.074074074
08CED2711_08,0.113636364
08CED2711_09,0.06122449
08CED2711_10,0.030612245
08CED2711_11,0.043478261
08CED2898_02,
08CED2898_03,
08CED2898_05,
08CED2898_06,0
08CED2898_07,0
08CED2898_08,0
08CED2898_09,0
08CED2898_10,
08CED2898_11,0
08CED4115_02,
08CED4192_02,
08CED4192_03,
08CED4192_05,
08CED4192_06,0.038461538
08CED4192_07,0.02
08CED4192_08,0.012820513
08CED4192_09,0.021276596
08CED4192_10,0.021978022
08CED4192_11,0.006329114
08CED4479_02,
08CED4479_03,
08CED4479_05,
08CED4479_06,0.043478261
08CED4479_07,0.392156863
08CED4479_08,0.16
08CED4479_09,0
08CED4975_02,
08CED4975_03,
08CED4975_05,
08CED4975_06,0.058823529
08CED4975_07,0.047619048
08CED4975_08,0.046511628
08CED4975_10,0.05
08CED4975_11,0
08CED5032_02,
08CED5032_03,
08CED5032_06,0.012345679
08CED5032_07,0.025423729
08CED5032_08,0.017391304
08CED5032_09,0.033333333
08CED5032_10,0.064516129
08CED5032_11,0.025806452
08CED5046_02,
08CED5046_05,
08CED5046_06,0.034883721
08CED5046_07,0.046875
08CED5046_08,0.013605442
08CED5046_10,0.052083333
08CED5046_11,0.029411765
09COV1756_08,0.029850746
09COV1756_10,0.026666667
09DEE2208_10,0.012232416
09DUW0277_08,0.015625
08EAS1502_06,0.041666667
08EAS1502_07,0
08EAS1502_08,0
08EAS1502_10,0.052631579
08EAS1502_11,0.03125
08EAS1536_02,
08EAS1536_05,
08EAS1536_06,0.057142857
08EAS1536_07,0.043478261
08EAS1536_08,0.010869565
08EAS1536_09,0.024390244
08EAS1536_10,0.009433962
08EAS1536_11,0
08EAS1964_02,
08EAS1964_03,
08EAS1964_05,
08EAS1964_06,0.013559322
08EAS1964_07,0.011278195
08EAS1964_08,0.010526316
08EAS1964_09,0.010582011
08EAS1964_10,0.010204082
08EAS1964_11,0.022099448
08EAS2058_02,
08EAS2058_03,
08EAS2058_06,0.016666667
08EAS2058_07,0.02173913
08EAS2058_08,0.019685039
08EAS2058_09,0.015
08EAS2058_10,0.01863354
08EAS2058_11,0.004081633
08EAS2191_02,
08EAS2191_03,
08EAS2191_05,
08EAS2191_06,0.038834951
08EAS2191_07,0.06557377
08EAS2191_08,0.016393443
08EAS2191_09,0.030927835
08EAS2191_10,0.014925373
08EAS2191_11,0.013513514
08EAS2272_02,
08EAS2272_03,
08EAS2272_05,
08EAS2272_06,0
08EAS2272_07,0.005780347
08EAS2272_08,0.006666667
08EAS2272_09,0.008
08EAS2272_10,0.02020202
08EAS2272_11,0
08EAS2446_02,
08EAS2446_03,
08EAS2446_05,
08EAS2446_06,0.023952096
08EAS2446_07,0.014705882
08EAS2446_08,0.008510638
08EAS2446_10,0.034782609
08EAS2446_11,0.01910828
08EAS2540_02,
08EAS2540_07,0
08EAS2540_08,0.111111111
08EAS2540_09,0.010309278
08EAS2540_10,0.012658228
08EAS2540_11,
08EAS2546_02,
08EAS2546_03,
08EAS2546_05,
08EAS2546_06,0.096153846
08EAS2546_07,0
08EAS2546_08,0.055555556
08EAS2546_10,0.026315789
08EAS2546_11,0
08EAS2631_02,
08EAS2631_03,
08EAS2631_05,
08EAS2631_06,0.020408163
08EAS2631_07,0.008403361
08EAS2631_08,0.004048583
08EAS2631_09,0.016949153
08EAS2631_10,0.013071895
08EAS2631_11,0.012738854
08EVA3474_11,0
08EVA3555_02,
08EVA3555_03,
08EVA3555_05,
08EVA3555_06,0.015873016
08EVA3555_07,
08EVA3555_08,0.048780488
08EVA3555_09,0.022222222
08EVA3555_10,0
08EVA3555_11,0.012345679
08EVA3637_02,
08EVA3637_03,
08EVA3637_07,0.03
08EVA3637_08,0.032258065
08EVA3637_09,0.013888889
08EVA3637_10,0.039215686
08EVA3637_11,0.011494253
08EVA3640_02,
08EVA3640_03,
08EVA3640_05,
08EVA3640_06,0.027777778
08EVA3640_07,0.014388489
08EVA3640_08,0
08EVA3640_09,0.014705882
08EVA3640_10,0
08EVA3640_11,0
08EVA3642_02,
08EVA3642_05,
08EVA3642_06,0
08EVA3642_07,0.03125
08EVA3642_08,0.017857143
08EVA3642_09,0.013333333
08EVA3642_10,0.007042254
08EVA3642_11,0.053571429
08EVA3813_02,
08EVA3813_03,
08EVA3813_05,
08EVA3813_06,0.02173913
08EVA3813_07,0
08EVA3813_08,0
08EVA3813_09,0.047619048
08EVA3813_10,0
08EVA3813_11,0
08EVA3897_02,
08EVA3897_06,0.063492063
08EVA3897_07,0.03125
08EVA4077_02,
08EVA4077_08,0.041666667
08EVA4077_10,0.029850746
08EVA4077_11,0
08EVA4165_07,0.068965517
08EVA4249_02,
08EVA4249_03,
08EVA4249_05,
08EVA4249_06,0.08
08ISS0004_03,
08ISS3877_05,
08ISS3877_06,0.007407407
08ISS3877_07,0.044444444
08ISS3877_08,0
08ISS3877_09,0.018087855
08ISS3877_10,0.007751938
08ISS3877_11,0.003831418
08ISS3958_02,
08ISS3958_03,
08ISS3958_05,
08ISS3958_06,0.055555556
08ISS3958_07,0
08ISS3958_08,0
08ISS3958_09,0
08ISS3958_10,0
08ISS3958_11,0
08ISS3962_05,
08ISS3962_06,0
08ISS3962_07,0.01
08ISS3962_08,0
08ISS3962_09,0.006369427
08ISS3962_10,0.009756098
08ISS3962_11,0.004535147
08ISS4294_02,
08ISS4294_05,
08ISS4294_06,0.026666667
08ISS4294_07,0
08ISS4294_08,0.25
08ISS4294_09,0.015957447
08ISS4294_10,0.005524862
08ISS4294_11,0
08ISS4373_02,
08ISS4373_03,
08ISS4373_06,0.023529412
08ISS4373_08,0.066666667
08ISS4373_10,0.046511628
08ISS4373_11,0
08ISS4573_02,
08ISS4573_03,
08ISS4573_05,
08ISS4573_06,0.01
08ISS4573_07,0
08ISS4573_08,0.020833333
08ISS4573_09,0.014084507
08ISS4573_10,0.020547945
08ISS4573_11,0.012658228
08ISS4724_02,
08ISS4724_03,
08ISS4724_06,0.02
08ISS4724_07,0.008849558
08ISS4724_08,0.057142857
08ISS4724_09,0.01734104
08ISS4724_10,0.01875
08ISS4724_11,0.021978022
08ISS4730_02,
08ISS4730_03,
08ISS4730_05,
08ISS4730_06,0.017777778
08ISS4730_07,0.02
08ISS4730_08,0.01
08ISS4730_09,0.01875
08ISS4730_10,0.024539877
08ISS4730_11,0.007692308
08ISS4735_06,0
08ISS4735_02,
08ISS4735_03,
08ISS4735_05,
08ISS4735_07,0
08ISS4735_08,0.066666667
08ISS4735_09,0.076086957
08ISS4735_10,0.04
08ISS4735_11,0.007194245
08ISS4748_05,
08ISS4748_06,0.015
08ISS4748_07,0.036363636
08ISS4748_08,0.05
08ISS4748_09,0.01875
08ISS4748_10,0.041237113
08ISS4748_11,0
08ISS4884_02,
08ISS4884_03,
08ISS4884_05,
08ISS4884_06,0.012987013
08ISS4884_07,0.06
08ISS4884_08,0.06
08ISS4884_09,0.028571429
08ISS4884_10,0.007692308
08ISS4884_11,0.012820513
08LAK2827_02,
08LAK2827_05,
08LAK2827_06,0.053333333
08LAK2827_07,0.142857143
08LAK2827_08,0.133333333
08LAK2827_09,0.013333333
08LAK2827_10,0.026666667
08LAK2827_11,0.047619048
08LAK3121_02,
08LAK3121_03,
08LAK3121_05,
08LAK3121_06,0.013333333
08LAK3121_07,
08LAK3121_08,0.075
08LAK3121_09,0.075
08LAK3121_10,0.01
08LAK3121_11,0.016
08LAK3540_02,
08LAK3540_03,
08LAK3540_05,
08LAK3540_06,0.05
08LAK3540_07,0.022222222
08LAK3540_08,0.088888889
08LAK3540_09,0.05
08LAK3540_10,0.04
08LAK3540_11,0.032608696
08LAK3616_02,
08LAK3616_03,
08LAK3616_05,
08LAK3616_06,0.024096386
08LAK3616_07,0.057142857
08LAK3616_08,0.02
08LAK3616_10,0.04
08LAK3616_11,0.012
08LAK3627_02,
08LAK3627_03,
08LAK3627_05,
08LAK3627_06,0
08LAK3627_07,0
08LAK3627_08,0
08LAK3627_09,0.015384615
08LAK3627_10,0
08LAK3627_11,0
08LAK3628_02,
08LAK3628_05,
08LAK3628_06,0
08LAK3628_07,0.05
08LAK3628_08,
08LAK3628_09,0.01
08LAK3628_10,0.013333333
08LAK3628_11,0
08LAK3699_03,
08LAK3699_05,
08LAK3699_06,0.097826087
08LAK3699_07,0.030769231
08LAK3699_08,0.047058824
08LAK3699_09,0.066666667
08LAK3699_10,0.082352941
08LAK3699_11,0.016
08LAK3879_02,
08LAK3879_03,
08LAK3879_05,
08LAK3879_06,0.066666667
08LAK3879_07,0.04
08LAK3879_08,0.042857143
08LAK3879_09,0.04
08LAK3879_10,0.04
08LAK3879_11,0.009174312
08LAK3880_02,
08LAK3880_03,
08LAK3880_05,
08LAK3880_06,0
08LAK3880_07,0.2
08LAK3880_08,0
08LAK3880_09,0
08LAK3880_10,0.016666667
08LAK3880_11,0
08LIT2448_02,
08LIT2488_05,
08LIT2488_06,0.020618557
08LIT2488_07,0
08LIT2488_08,0
08LIT2488_09,0.007490637
08LIT2488_10,0.019138756
08LIT2488_11,0.015
08LIT2585_05,
08LIT2585_02,
08LIT2585_03,
08LIT2585_06,0.092592593
08LIT2585_07,0.02020202
08LIT2585_08,0.026315789
08LIT2585_09,0.023809524
08LIT2585_10,0.075
08LIT2585_11,0.010135135
08LIT2602_02,
08LIT2602_03,
08LIT2602_05,
08LIT2602_06,0.048387097
08LIT2602_07,0.045977011
08LIT2602_08,0.051282051
08LIT2602_09,0
08LIT2602_10,0.051282051
08LIT2602_11,0.012269939
08LIT2603_02,
08LIT2603_03,
08LIT2603_05,
08LIT2603_06,0.024096386
08LIT2603_07,0.00862069
08LIT2603_08,0.015625
08LIT2603_09,0.038461538
08LIT2603_10,0
08LIT2603_11,0.017964072
08LIT2682_02,
08LIT2682_03,
08LIT2682_05,
08LIT2682_06,0.022222222
08LIT2682_07,0.02739726
08LIT2682_08,0.019480519
08LIT2682_09,0.057471264
08LIT2682_10,0.029411765
08LIT2682_11,0.04
08LIT2685_02,
08LIT2685_03,
08LIT2685_05,
08LIT2685_06,0.02173913
08LIT2685_07,0.015
08LIT2685_08,0.023890785
08LIT2685_09,0.028169014
08LIT2685_10,0.020547945
08LIT2685_11,0.02
08LIT2692_02,
08LIT2692_05,
08LIT2692_03,
08LIT2692_06,0
08LIT2692_07,0
08LIT2692_08,0.014981273
08LIT2692_09,0.018987342
08LIT2692_10,0.027586207
08LIT2692_11,0.014492754
08LIT2781_02,
08LIT2781_03,
08LIT2781_05,
08LIT2781_06,0.009803922
08LIT2781_08,0.029850746
08LIT2781_09,0.013824885
08LIT2781_10,0.019230769
08LIT2781_11,0.02
08LIT2876_03,
08LIT2876_07,0.023529412
08LIT2876_08,0.043478261
08NOR0001_02,
08NOR0001_03,
08NOR1100_02,
08NOR1100_03,
08NOR1362_03,
08NOR1362_05,
08NOR1362_06,0
08NOR1362_07,0.022222222
08NOR1362_08,0.025
08NOR1362_10,0.016666667
08NOR1362_11,0.012987013
08NOR1370_02,
08NOR1370_03,
08NOR1370_05,
08NOR1370_06,0
08NOR1370_07,0
08NOR1370_08,0.016
08NOR1370_09,0.013392857
08NOR1370_10,0.02
08NOR1370_11,0.014150943
08NOR1750_03,
08NOR1750_05,
08NOR1750_06,0.016
08NOR1750_07,0.025
08NOR1750_08,0.066666667
08NOR1750_09,0.055555556
08NOR1750_10,0.03
08NOR1750_11,0.017021277
08NOR1756_07,0.026666667
08NOR1756_08,0.06
08NOR1756_09,0.015151515
08NOR1756_10,0.053333333
08NOR1756_11,0.033333333
08NOR2028_02,
08NOR2028_03,
08NOR2028_05,
08NOR2028_08,0.133333333
08NOR2115_09,0.011764706
08NOR2115_02,
08NOR2115_03,
08NOR2115_05,
08NOR2115_06,0.029850746
08NOR2115_07,0.032258065
08NOR2115_08,0.029850746
08CED5046_09,0.034883721
08NOR2115_10,0.025
08NOR2115_11,0.024691358
08NOR2306_03,
08NOR2306_05,
08NOR2306_06,0.007518797
08NOR2306_08,0.016666667
08NOR2306_09,0.009756098
08NOR2306_10,0.01
08SAM0000_02,
08SAM0000_03,
08SAM0000_05,
08SAM0000_06,0.043478261
08SAM0000_07,0.032679739
08SAM0000_08,0.04950495
08SAM0000_09,0.042553191
08SAM0000_10,0.054945055
08SAM0000_11,0.017647059
08SAM1914_02,
08SAM1914_05,
08SAM1914_06,0.038461538
08SAM1914_07,0.04
08SAM1914_08,0.022727273
08SAM1914_09,0.016949153
08SAM1914_10,0.029411765
08SAM1914_11,0.014492754
08SAM2674_10,0
08SAM2674_02,
08SAM2674_03,
08SAM2674_05,
08SAM2674_06,0.013333333
08SAM2674_07,0
08SAM2674_08,0.05
08SAM2674_09,0
08SAM2674_11,0
08SAM2855_02,
08SAM2855_05,
08SAM2855_06,0
08SAM2855_07,0.023121387
08SAM2855_08,0.038461538
08SAM2855_09,0.020547945
08SAM2855_10,0
08SAM2855_11,0.035714286
08SAM2862_02,
08SAM2862_03,
08SAM2862_05,
08SAM2862_06,0.01
08SAM2862_07,0
08SAM2862_08,0.090909091
08SAM2862_09,0.017241379
08SAM2862_10,0.068965517
08SAM2862_11,0
08SAM2865_02,
08SAM2865_03,
08SAM2865_05,
08SAM2865_06,0
08SAM2865_07,0
08SAM2865_08,0
08SAM2865_09,0.010989011
08SAM2865_10,0
08SAM2865_11,0
08SAM2946_02,
08SAM2946_03,
08SAM2946_05,
08SAM2946_06,0.095238095
08SAM2946_07,0.057692308
08SAM2946_08,0.057142857
08SAM2946_09,0.052631579
08SAM2946_10,0.133333333
08SAM2951_02,
08SAM2951_03,
08SAM2951_06,0.006289308
08SAM2951_07,0.01826484
08SAM3045_02,
08SAM3045_03,
08SAM3045_06,0.009708738
08SAM3045_07,0
08SAM3045_08,0.033898305
08SAM3045_09,0.015873016
08SAM3045_10,0
08SAM3045_11,0
08SAM3047_02,
08SAM3047_03,
08SAM3047_06,0.014705882
08SAM3047_07,0.085106383
08SAM3047_08,0
08SAM3047_09,0.035714286
08SAM3047_10,0.035714286
08SAM3047_11,0.034482759
VASHJUDD_09,0.026666667
08WES0622_02,
08WES0622_03,
08WES0622_05,
08WES0622_06,0
08WES0622_07,0
08WES0622_08,0
08WES0622_09,0
08WES0622_10,0
08WES0622_11,0
08WES0629_02,
08WES0629_03,
08WES0629_05,
08WES0629_06,0.03
08WES0629_07,0.029850746
08WES0629_08,0.04
08WES0629_09,0.06
08WES0629_10,0.03
08WES0629_11,0.033707865
08WES0903_02,
08WES0903_03,
08WES0903_05,
08WES0903_06,0.032
08WES0903_07,0.021052632
08WES0903_08,0.033333333
08WES0903_09,0.033333333
08WES0903_10,0.017647059
08WES0903_11,0.01369863
08WES0905_02,
08WES0905_03,
08WES0905_05,
08WES0905_06,0.04
08WES0905_07,0.014285714
08WES0905_08,0.166666667
08WES0905_09,0.025
08WES0905_10,0.011764706
08WES0905_11,0.014778325
08WES1036_02,
08WES1036_03,
08WES1036_05,
08WES1036_06,0.028571429
08WES1036_07,0
08WES1036_08,0.033333333
08WES1036_09,0.028571429
08WES1036_10,0.1
08WES1036_11,0
08WES1037_02,
08WES1037_03,
08WES1037_05,
08WES1037_06,0.028571429
08WES1037_07,0.015384615
08WES1037_08,0.025
08WES1037_09,0
08WES1037_10,0.025
08WES1037_11,0
08WES1178_02,
08WES1178_03,
08WES1178_05,
08WES1178_06,0.05
08WES1178_07,0.054545455
08WES1178_08,0.125
08WES1178_09,0.06
08WES1178_10,0.02
08WES1178_11,0.032
08WES1340_03,
08WES1340_05,
08WES1340_06,0.013333333
08WES1340_07,0.014285714
08WES1340_08,0.030769231
08WES1340_10,0.061538462
08WES1340_11,0.022727273
08WES1490_02,
08WES1490_03,
08WES1490_05,
08WES1490_06,0
08WES1490_08,0.133333333
08WES1490_09,0.033333333
08WES1490_10,0.185185185
08WES1490_11,0
08WES1579_02,
08WES1579_03,
08WES1579_05,
08WES1579_06,0.013333333
08WES1579_07,0.066666667
08WES1579_08,0.12
08WES1579_09,0.045454545
08WES1579_10,0.066666667
08WES1579_11,0
09BLA0675_02,
09BLA0675_03,
09BLA0675_05,
09BLA0675_07,0.016806723
09BLA0675_09,0.010582011
09BLA0675_10,0.04
09BLA0675_11,0
09BLA0716_02,
09BLA0716_03,
09BLA0716_05,
09BLA0716_06,0.01369863
09BLA0716_07,0.022727273
09BLA0716_08,0.005181347
09BLA0716_09,0
09BLA0716_10,0.025423729
09BLA0716_11,0.013333333
09BLA0722_02,
09BLA0722_03,
09BLA0722_05,
09BLA0722_06,0.057142857
09BLA0722_07,0.017699115
09BLA0722_08,0.008695652
09BLA0722_09,0.006944444
09BLA0722_10,0.061538462
09BLA0722_11,0.028571429
09BLA0756_02,
09BLA0756_03,
09BLA0756_05,
09BLA0756_06,0.047244094
09BLA0756_07,0.023255814
09BLA0756_08,0.015625
09BLA0756_09,0.008298755
09BLA0756_10,0.04
09BLA0756_11,0.03
09BLA0768_02,
09BLA0768_03,
09BLA0768_05,
09BLA0768_06,1.625
09BLA0768_07,0.040540541
09BLA0768_08,0.054054054
09BLA0768_09,0.02
09BLA0768_10,0.02
09BLA0768_11,0
09BLA0771_02,
09BLA0771_05,
09BLA0771_06,0.112903226
09BLA0771_07,0.055555556
09BLA0771_08,0.027027027
09BLA0771_09,0.017857143
09BLA0771_10,0.053333333
09BLA0771_11,0.03
09BLA0772_02,
09BLA0772_03,
09BLA0772_05,
09BLA0772_06,0
09BLA0772_07,0.010869565
09BLA0772_08,0.014285714
09BLA0772_09,0.026490066
09BLA0772_10,0.013333333
09BLA0772_11,0.026666667
09BLA0813_02,
09BLA0813_06,0.130434783
09BLA0813_07,0
09BLA0813_08,0.063829787
09BLA0813_10,0.044444444
09BLA0813_11,0.044444444
09BLA0817_02,
09BLA0817_03,
09BLA0817_05,
09BLA0817_06,0.051282051
09BLA0817_07,0
09BLA0817_08,0.03030303
09BLA0817_09,0.034482759
09BLA0817_10,0.056
09BLA0817_11,0.044444444
09BLA0675_08,0.007352941
09COV1165_02,
09COV1165_03,
09COV1165_05,
09COV1165_06,0.013157895
09COV1165_07,0
09COV1165_08,0.011952191
09COV1165_09,0.013333333
09COV1165_10,0.01
09COV1165_11,0.01
09COV1418_02,
09COV1418_05,
09COV1418_06,0.015873016
09COV1418_07,0.03
09COV1418_08,0
09COV1418_09,0.035294118
09COV1418_10,0.006666667
09COV1418_11,0.016
09COV1753_02,
09COV1756_03,
09COV1756_05,
09COV1756_06,0.068181818
09COV1756_07,0.022727273
09COV1756_09,0.033333333
09COV1756_11,0.028571429
09COV1798_02,
09COV1798_05,
09COV1798_06,0.044444444
09COV1798_07,0.018181818
09COV1798_08,0.029411765
09COV1798_09,0.022222222
09COV1798_10,0.04
09COV1798_11,0.01
09COV1862_02,
09COV1862_05,
09COV1862_06,0.0625
09COV1862_07,0.053763441
09COV1862_08,0.041666667
09COV1862_09,0.033333333
09COV1862_10,0.053333333
09COV1862_11,0.016
09COV1864_02,
09COV1864_07,0
09COV1864_08,0
09COV1864_09,0.06
09COV1864_10,0.05
09COV1864_11,0
09DEE2163_02,
09DEE2163_03,
09DEE2163_05,
09DEE2163_06,0.088235294
09DEE2163_07,0.016393443
09DEE2163_08,0.013888889
09DEE2163_09,0.03125
09DEE2163_10,0.03125
09DEE2163_11,0.051724138
09DEE2208_02,
09DEE2208_03,
09DEE2208_05,
09DEE2208_06,0.009090909
09DEE2208_07,0.009146341
09DEE2208_08,0.018292683
09DEE2208_09,0
09DEE2208_11,0.004098361
09DEE2211_02,
09DEE2211_05,
09DEE2211_06,0
09DEE2211_07,0.038461538
09DEE2211_08,0.023809524
09DEE2211_09,0.038461538
09DEE2211_10,0.074074074
09DEE2266_02,
09DEE2266_03,
09DEE2266_05,
09DEE2294_02,
09DEE2294_03,
09DEE2294_05,
09DEE2294_06,0.075
09DEE2294_07,0.03875969
09DEE2294_08,0.008064516
09DEE2294_09,0.024038462
09DEE2294_10,0.039370079
09DEE2294_11,0
09DUW0024_02,
09DUW0024_07,0
09DUW0091_02,
09DUW0091_03,
09DUW0091_06,0.085714286
09DUW0091_07,0.04494382
09DUW0091_08,0.033898305
09DUW0091_09,0.057142857
09DUW0091_10,0.037735849
09DUW0091_11,0
09DUW0144_02,
09DUW0144_03,
09DUW0144_05,
09DUW0144_06,0.00952381
09DUW0144_07,0
09DUW0144_08,0.0125
09DUW0144_10,0
09DUW0144_11,0
09DUW0225_10,0.03125
09DUW0225_02,
09DUW0225_03,
09DUW0225_07,0.037037037
09DUW0225_08,0.015873016
09DUW0225_09,0.076923077
09DUW0225_11,0
09DUW0277_02,
09DUW0277_03,
09DUW0277_05,
09DUW0277_06,0.034482759
09DUW0277_07,0.008695652
09DUW0277_09,0.046511628
09DUW0277_10,0
09JEN1318_02,
09JEN1318_03,
09JEN1318_05,
09JEN1318_06,0
09JEN1318_07,0
09JEN1318_08,0.02
09JEN1318_10,0.034482759
09JEN1318_11,0.023809524
09JEN1357_02,
09JEN1357_03,
09JEN1357_05,
09JEN1357_06,0
09JEN1357_07,0
09JEN1357_08,0.006666667
09JEN1357_09,0.008264463
09JEN1357_10,0.011111111
09JEN1357_11,0
09JEN1358_02,
09JEN1358_03,
09JEN1358_05,
09JEN1358_06,0
09JEN1358_07,0.0375
09JEN1358_08,0.058823529
09JEN1358_09,0.055555556
09JEN1358_11,0
09LOW0325_02,
09LOW0325_03,
09LOW0325_05,
09LOW0325_06,0.086956522
09LOW0325_07,0.02173913
09LOW0325_08,0.086206897
09LOW0325_09,0.016638935
09LOW0325_11,0
09LOW0406_02,
09LOW0406_05,
09LOW0406_06,0.01754386
09LOW0406_07,0.028571429
09LOW0406_08,
09LOW0406_09,0.028985507
09LOW0406_10,0.025974026
09LOW0406_11,0
09LOW0751_02,
09LOW0751_03,
09LOW0751_05,
09LOW0751_06,0
09LOW0751_07,0
09LOW0751_08,0
09LOW0751_09,0
09LOW0751_10,0
09LOW0751_11,0.014084507
09LOW0753_07,0.03030303
09LOW0753_02,
09LOW0753_03,
09LOW0753_05,
09LOW0753_06,0
09LOW0753_08,0.018867925
09LOW0753_10,0.00952381
09LOW0753_11,0.024390244
09LOW0788_02,
09LOW0788_03,
09LOW0788_06,0.040816327
09LOW0788_07,0
09LOW0788_08,0.050847458
09LOW0788_09,0.032258065
09LOW0788_10,0.058823529
09LOW0788_11,0
09LOW0325_10,0.023529412
09MID1374_02,
09MID1374_03,
09MID1374_05,
09MID1374_06,0.075471698
09MID1374_07,0.068493151
09MID1374_08,0.021978022
09MID1374_09,0.04040404
09MID1374_10,0.038961039
09MID1374_11,0.022222222
09MID1495_02,
09MID1495_03,
09MID1495_05,
09MID1495_06,0
09MID1495_07,0.014492754
09MID1495_08,0
09MID1495_09,0.024822695
09MID1495_10,0.035714286
09MID1495_11,0.02020202
09MID1537_02,
09MID1537_03,
09MID1537_05,
09MID1537_06,0
09MID1537_07,0
09MID1537_08,0
09MID1537_09,0.006849315
09MID1537_10,0.010752688
09MID1537_11,0.02173913
09MID1704_02,
09MID1704_03,
09MID1704_06,0.045454545
09MID1704_07,0.045454545
09MID1704_08,0.019230769
09MID1704_09,0.015873016
09MID1704_10,0.066666667
09MID1704_11,0
09MID1744_02,
09MID1744_03,
09MID1744_05,
09MID1744_06,0
09MID1744_07,0.010526316
09MID1744_08,0
09MID1744_09,0
09MID1744_10,0.081967213
09MID1744_11,0.068181818
09MID1817_02,
09MID1817_03,
09MID1817_05,
09MID1817_06,0.018867925
09MID1817_07,0.131578947
09MID1817_08,0.083333333
09MID1817_09,0.051948052
09MID1817_10,0.048387097
09MID1817_11,0
09MID1958_02,
09MID1958_03,
09MID1958_05,
09MID1958_06,0.041666667
09MID1958_07,0.018181818
09MID1958_08,0.005555556
09MID1958_09,0.011904762
09MID1958_10,0.009615385
09MID1958_11,0
09MID2426_02,
09MID2426_03,
09MID2426_05,
09MID2426_06,0.210526316
09MID2426_07,0.030612245
09MID2426_08,0.06
09MID2426_09,0.019047619
09MID2426_10,0.010989011
09MID2426_11,0
09MIL0291_02,
09MIL0291_03,
09MIL0340_02,
09MIL0340_03,
09MIL0340_05,
09MIL0340_06,0.121212121
09MIL0340_07,0.692307692
09MIL0340_09,0.036363636
09MIL0340_10,0
09MIL0340_11,0.021276596
09MIL0390_02,
09MIL0390_03,
09MIL0390_05,
09MIL0390_06,0
09MIL0390_07,0.02173913
09MIL0390_08,0.012121212
09MIL0390_09,0.019047619
09MIL0390_10,0.023529412
09MIL0390_11,0
09MIL0497_06,0.035714286
09NEW1657_02,
09NEW1657_03,
09NEW1657_05,
09NEW1657_06,0.011976048
09NEW1657_07,0.004694836
09NEW1657_08,0.00462963
09NEW1657_09,0.01
09NEW1657_10,0.002915452
09NEW1657_11,0.008097166
09NEW1875_02,
09NEW1875_05,
09NEW1875_06,0
09NEW1875_07,0.008333333
09NEW1875_08,0.014492754
09NEW1875_09,0.04
09NEW1875_10,0
09NEW1875_11,0.014634146
09NEW1911_02,
09NEW1911_05,
09NEW1911_06,0.02189781
09NEW1911_07,0.010869565
09NEW1911_08,0.019354839
09NEW1911_09,0.05
09NEW2076_02,
09NEW2076_03,
09NEW2076_05,
09NEW2076_06,0.038961039
09NEW2076_07,0.038461538
09NEW2076_08,0.0375
09NEW2076_10,0.014492754
09NEW2076_11,0.007142857
09NEW2078_02,
09NEW2078_05,
09NEW2078_08,0.022222222
09NEW2102_02,
09NEW2102_03,
09NEW2102_05,
09NEW2102_06,0.043010753
09NEW2102_07,0.023076923
09NEW2102_08,0.028037383
09NEW2102_09,0.032
09NEW2102_10,0.022222222
09NEW2102_11,0.030927835
09NEW2128_02,
09NEW2128_03,
09NEW2128_05,
09NEW2128_06,0.02238806
09NEW2128_07,0.006024096
09NEW2128_08,0.013245033
09NEW2128_09,0.02
09NEW2128_10,0.012903226
09NEW2128_11,0.007575758
09NEW2151_02,
09NEW2151_03,
09NEW2151_05,
09NEW2151_06,0.031578947
09NEW2151_07,0.021052632
09NEW2151_09,0.05
09NEW2151_10,
09NEW2151_11,0.01980198
09NEW2151_08,0.01010101
09SOO0943_02,
09SOO0943_03,
09SOO0943_05,
09SOO0943_06,0.071428571
09SOO0943_07,0.010526316
09SOO0943_08,0.017316017
09SOO0943_09,0.010344828
09SOO0943_10,0.010152284
09SOO0943_11,0
09SOO1020_02,
09SOO1020_03,
09SOO1022_02,
09SOO1022_03,
09SOO1022_06,0.098039216
09SOO1022_07,0.050632911
09SOO1022_09,0.037974684
09SOO1022_10,0.011560694
09SOO1022_11,0.01754386
09SOO1040_02,
09SOO1106_02,
09SOO1106_03,
09SOO1106_05,
09SOO1106_07,0.01754386
09SOO1106_08,0.078947368
09SOO1106_10,
09SOO1106_11,0.008403361
09SOO1130_02,
09SOO1130_03,
09SOO1130_05,
09SOO1130_06,0.011428571
09SOO1130_07,0.009569378
09SOO1130_08,0.017021277
09SOO1130_09,0.011441648
09SOO1130_10,0.00212766
09SOO1130_11,0.006060606
09SOO1134_02,
09SOO1134_03,
09SOO1134_05,
09SOO1134_06,0.013245033
09SOO1134_07,0
09SOO1134_08,0
09SOO1134_09,0.005464481
09SOO1134_10,0
09SOO1134_11,0
09SOO1144_02,
09SOO1144_03,
09SOO1144_06,0.1
09SOO1144_07,0.031914894
09SOO1144_08,0.066666667
09SOO1144_10,0.030927835
09SOO1144_11,0.032786885
09SOO1209_03,
09SOO1209_05,
09SOO1209_07,0.013986014
09SOO1209_08,0.025
09SOO1209_09,0.021505376
09SOO1209_10,0.03
09SOO1209_11,0.015748031
09SOO1283_02,
09SOO1283_03,
09SOO1283_05,
09SOO1283_06,0.021428571
09SOO1283_07,0.020746888
09SOO1283_08,0.018518519
09SOO1283_09,0.020134228
09SOO1283_10,0.024096386
09SOO1283_11,0.010309278
28A_09,0.021505376
28A_10,0.012903226
31I_09,0.007575758
31I_10,
31Q_09,0
31Q_10,0.042253521
53E_09,0.030612245
53E_10,0.035714286
65A_09,0.053571429
65A_10,0.042857143
65B_09,0.048192771
65B_10,0.027027027
02O_08,0.071428571
02P_08,0.034965035
BMEP BEAR 09_02,
BMEP BEAR01_02,
BMEP CEDAR01_02,
BMEP CEDAR02_02,
BMEP CEDAR04_02,
BMEP CEDAR05_02,
BMEP CEDAR07_02,
BMEP CEDAR09_02,
BMEP ISSAQ03_02,
BMEP ISSAQ04_02,
BMEP ISSAQ06_02,
BMEP ISSAQ07_02,
BMEP ISSAQ08_02,
BMEP SOOS03_02,
BMEP SOOS04_02,
BMEP SOOS05_02,
31I_08,0.030612245
31Q_08,0.013274336
Colin N,0
Colin S,0
Evans Creek East,0
Mercer10_08,0.033333333
Mercer42_08,0.00952381
Mercer06_08,0.013513514
Rutherford Creek,0
05B_08,0.042553191
53E_08,0.014184397
VashChris_06,
VashChris_07,0
VashChris_08,0.072
VASHCHRIS_09,0.048484848
VASHCHRIS_10,0.015
VashChris_11,0.032
65B_08,0.141025641
VashJudd_06,0.027777778
VashJudd_07,0.011764706
28A_08,0.022364217
VASHJUDD_10,0.02
VashJudd_11,0.02962963
VashShing_06,0.046153846
VashShing_07,0.011111111
VashShing_08,0.04
VASHSHING_09,0.03
VASHSHING_10,0.02
VashShing_11,0.026666667
65A_08,0.030075188
09BLA0675_12,0.031847134
09BLA0756_12,0.023809524
09BLA0716_12,0.047619048
09COV1756_12,0
09COV1798_12,0.01
09JEN1318_12,0.02
08BEA3312_12,0.027688048
08BEA3474_12,0
09JEN1357_12,0
09JEN1358_12,0.023255814
09MIL0390_12,0.005
VashChris_12,0.015
VashJudd_12,0.006666667
VashShing_12,0.024
02P_12,0
02O_12,0
05B_12,0.01832173
28A_12,0.009756098
31I_12,0
31Q_12,0
53E_12,0.02247191
65A_12,0.029325513
65B_12,0
08BEA3478_12,0
09BLA0722_12,0.019267823
09BLA0768_12,0
09BLA0771_12,0.031298905
09BLA0772_12,0
09BLA0817_12,0.007194245
09COV1165_12,0.005892752
09COV1418_12,0.005194805
09COV1864_12,0.01977066
09DEE2163_12,0.017964072
09DEE2208_12,0.003213368
09DEE2211_12,0
09DEE2294_12,0.006116208
09DUW0091_12,0.020576132
09DUW0225_12,0.013826478
09DUW0277_12,0
09LOW0325_12,0
09LOW0751_12,0.011223345
09LOW0753_12,0
09LOW0788_12,0
09MID1374_12,0.022988506
09MID1537_12,0.007042254
09MID1744_12,0
09MID1817_12,0
09MID1958_12,0
09MID2426_12,0
09NEW1657_12,0.004789272
09NEW2076_12,0.01059322
09NEW2102_12,0.009643202
09NEW2128_12,0
09NEW2151_12,0.009090909
09SOO0943_12,0
09SOO1022_12,0
09SOO1130_12,0.003777862
09SOO1134_12,0
09SOO1209_12,0
09SOO1283_12,0.009596929
08BEA3571_12,0
08BEA3737_12,0.012217471
08BEA3747_12,0.019157088
08BEA3826_12,0.008356313
08CED2433_12,0.009541985
08BEA3650_12,0
Miller_SWSSD_12,0.003895598
Miller_Cove_12,0.008361204
WalkerPreserve_12,0.018993352
DM200th_12,0
Dmmouth_12,0.006049607
08CED2518_12,0
08CED2898_12,0
08CED4192_12,0.013604208
08CED4975_12,0.016778523
08CED5032_12,0.013029316
08LAK2827_12,0
08LAK3540_12,0.023529412
08LAK3627_12,0
08LAK3628_12,0
08LAK3879_12,0.004487726
08LAK3880_12,0.010040161
08LIT2585_12,0
08LIT2603_12,0.006134969
08LIT2682_12,0
08LIT2685_12,0.003883495
08LIT2692_12,0.006053269
08CED5046_12,0
08EAS1536_12,0
08EAS1964_12,0.011111111
08EAS2058_12,0
08EAS2191_12,0.012820513
08EAS2272_12,0
08EAS2446_12,0
08EAS2540_12,0.027075812
08EAS2546_12,0.028195489
08EAS2631_12,0.004019293
08EVA3555_12,0
08EVA3640_12,0
08LIT2781_12,0
08NOR1362_12,0.002813731
08NOR1370_12,0.0125
08NOR1756_12,0.008948546
08NOR2115_12,0.005580357
08NOR2306_12,0
08SAM1914_12,0
08SAM2674_12,0
08SAM2862_12,0.005081301
08SAM2865_12,0
08SAM3045_12,0
08SAM3047_12,0
08WES0622_12,0
08WES0629_12,0.003795066
08WES0903_12,0.009784736
08WES0905_12,0.012160519
08EVA3642_12,0
08EVA3813_12,0
08EVA4077_12,0.022909507
08ISS3877_12,0.00181653
08ISS4294_12,0
08ISS4573_12,0.003846154
08ISS4724_12,0.009718173
08ISS4748_12,0.007905138
08ISS4735_12,0.022497188
08ISS4884_12,0.022701476
08WES1037_12,0
08WES1178_12,0.014255167
08WES1579_12,0.007044734
08ISS4730_12,0.009191176
08SAM2855_13,0.011990408
09BLA0771_13,0.019138756
08EVA4077_13,0.014760148
08SAM1914_13,0.012048193
08EAS1536_13,0
08EAS2191_13,0.016528926
09DEE2163_13,0.037327361
09NEW1657_13,0
08WES0905_13,0.01325381
09COV1864_13,0.013140604
09MID1744_13,0
09DEE2211_13,0.00965251
09NEW2128_13,0
09MID1817_13,0
09COV1862_13,0.013927577
08SAM2674_13,0
08EAS2446_13,0.00877193
08SAM2862_13,0
08EVA3813_13,0
08SAM2865_13,0
08WES1579_13,0.016393443
09LOW0325_13,0
09DEE2294_13,0.005938242
08EVA3637_13,0
08WES1178_13,0.021857923
09BLA0768_13,0
08BEA3747_13,0.019047619
08LAK3540_13,0.00819135
08EAS1964_13,0.008607704
09COV1165_13,0
09MID2426_13,0
09LOW0788_13,0.011134618
08SAM3045_13,0
09DUW0225_13,0.042283298
09MIL0390_13,0.005235602
08WES1037_13,0
08WES1490_13,0
08LIT2685_13,0
08CED2898_13,0
08LIT2781_13,0
09BLA0817_13,0.064405324
08NOR2115_13,0
09NEW2076_13,0.014204545
08NOR2306_13,0
08NOR1756_13,0.008
08EAS2631_13,0.00286944
08LIT2682_13,0.0234375
08LAK3628_13,0.008547009
08LAK3879_13,0.009708738
08LIT2585_13,0.019618101
08SAM3047_13,0.016863406
09MID1374_13,0.01957905
09LOW0753_13,0
09MID1537_13,0
08CED2433_13,0
08LAK3627_13,0
09MID1958_13,0
09JEN1357_13,0
09MIL0340_13,0
09JEN1318_13,0
08EAS2272_13,0
09COV1418_13,0
08NOR1370_13,0.0078125
08NOR1750_13,0.013069333
09COV1756_13,0
09DUW0277_13,0
08CED2518_13,0
09BLA0772_13,0
08EVA3640_13,0
09BLA0722_13,0
09DEE2208_13,0.02955665
08EVA3555_13,0
08EAS2540_13,0.038498556
08WES0629_13,0.012972973
08WES0903_13,0.006060606
08WES0622_13,0
08CED4192_13,0
08NOR1362_13,0
08BEA3571_13,0
08CED5046_13,0
08CED4975_13,0
08CED5032_13,0
08LIT2603_13,0.012288786
09BLA0716_13,0
09BLA0675_13,0
09BLA0756_13,0.006506181
09NEW2102_13,0
09NEW1875_13,0
09NEW2151_13,0
08EAS2546_13,0.016736402
08EAS2058_13,0.008380122
09LOW0751_13,0.01980198
08LAK3880_13,0
08LAK2827_13,0
08EVA3642_13,0.028248588
08BEA3474_13,
09SOO1209_13,0
08ISS4294_13,0
08LAK3616_13,0.02
08ISS4884_13,0.028571429
08ISS4748_13,0.013333333
08ISS4735_13,0.032
08ISS4730_13,
08ISS4573_13,0.010526316
08ISS3877_13,0.0025
08BEA3826_13,0.033333333
09SOO1283_13,0.011428571
09SOO1134_13,0
09SOO1130_13,0.008
09SOO1022_13,0.03
09SOO0943_13,0
08BEA3478_13,0.011111111
08BEA3312_13,0.02
08BEA3737_13,0.035714286
08BEA3650_13,0
08BEA3321_13,0
08ISS4724_13,0.016
VashChris_13,0.035
VashShing_13,0.029268293
28A_13,0.03
08NOR1362_14,0.003210273
09LOW0751_14,0.008396306
08CED2898_14,0
09MID1958_14,0
09COV1862_14,0.010169836
08NOR2115_14,0
09LOW0788_14,0
09COV1864_14,0.009719118
08EAS2058_14,0.007708119
08EAS2631_14,0
09NEW2128_14,0.006954103
08LIT2585_14,0.0041841
08EAS2540_14,0.025713551
08EAS2272_14,0
08WES0622_14,0
09LOW0753_14,0.010471204
08LIT2488_14,0.002409871
08WES0905_14,0.016592003
08WES0629_14,0.008126778
08CED2518_14,0
08CED2711_14,0.022210706
08ISS4884_14,0.014118311
08ISS3962_14,0.003664749
08WES1037_14,0
08WES1579_14,0
08WES1340_14,0.009203866
08SAM2865_14,0
08SAM2674_14,0
09BLA0675_14,0.004484305
09BLA0756_14,0
09BLA0716_14,
08LAK3699_14_R,0.012226434
09DEE2208_14,0.003363493
09DEE2211_14,0.006339948
09DEE2163_14,0.011133378
09BLA0722_14,0
08EVA3813_14,0.006514658
08EVA3640_14,0
08LIT2603_14,0
08NOR1750_14,0.008404068
09DUW0091_14,0
09BLA0772_14,0
08EAS1964_14,0.013089005
08EAS2446_14,0.005520897
08EVA3555_14,0
09BLA0817_14,0.010656436
09BLA0768_14,0.004610845
09SOO1134_14,0
08EAS2546_14,0
08EAS1536_14,0
09DEE2294_14,0
09mil0390_14,0.0163827
09LOW0325_14,0.003977725
09DUW0225_14,0.027014858
08ISS4294_14,0
08SAM0000_14,0.039164491
08SAM1914_14,0
08ISS4573_14,0.013795006
09MIL0340_14,0
09MID1537_14,0
08WES1178_14,0.017067759
09NEW2102_14,0.008064516
09NEW2076_14,0.016393443
09BLA0771_14,0
08LIT2692_14,0
08WES0903_14,0.009320968
08EVA4077_14,0.026143791
08EVA3642_14,0
09MID2426_14,0.028985507
09SOO1209_14,0
09SOO1022_14,0.018475751
08NOR1370_14,0.008413967
09SOO1130_14,0
08EAS2191_14,0
08NOR1756_14,0.017858737
08CED2433_14,0.014771049
08LIT2602_14,0.016554921
Miller_Cove_14,0.016657413
08NOR2306_14,0
Miller_SWSSD_14,0.007802747
WalkerPreserve_14,0.013550136
08WES1490_14,0
08SAM2855_14,0.008383635
08SAM2862_14,0.025461489
08SAM3047_14,0
09MID1744_14,0.009722897
08ISS4748_14,0
08CED4192_14,0
08LIT2781_14,0.007462687
08ISS3958_14,0
09DUW0277_14,0.014144272
09SOO0943_14,0.004607233
09COV1756_14,0.006142506
08LIT2685_14,0
08SAM3045_14,0
08LIT2682_14,0.025215911
09COV1165_14,0.010152284
09NEW2151_14,0.034052213
09COV1418_14,0
08EVA3637_14,0
09MID1817_14,0.005945303
09MID1374_14,0.018735363
08ISS4730_14,0.011785504
08ISS3877_14,0.003099814
09SOO1283_14,0.005758378
07RAG022147_14,0.022222222
07RAG012515_14,0.010905125
07RAG016851_14,0.021276596
07RAG018227_14,0.008362602
07RAG002867_14,0.03104144
07SFS011475_14,0.007092199
07LMS016051_14,0.002298322
07PAT001415_14,0
07SFS011059_14,0
08CED4975_14,0
08CED5046_14,0.007733952
08CED5032_14,0.024390244
08BEA3312_14,0.043956044
08BEA3474_14,0
08BEA3478_14,0.028571429
08BEA3571_14,0.02
08BEA3650_14,0
08BEA3737_14,0.057142857
08BEA3747_14,0.05
08BEA3826_14,0.026086957
08ISS4735_14,0.037037037
08LAK2827_14,0
08LAK3121_14,0.032
08LAK3540_14,0.036363636
08LAK3616_14,0.047619048
08LAK3627_14,0.032258065
08LAK3628_14,0.04
08LAK3699_14,0.053763441
08LAK3879_14,0.022346369
08LAK3880_14,0
08BEA3321_14,0
NPDES_BP8_14,0
MontRed94_14,0.023923445
WAM06600_017111_14,0.002797203
WAM06600_076119_14,0.005750431
NPDES_BP1_14,0
BSE_1_MudMtnRd_14,0
BSE_8_268thAveSE_14,0
BSE_21_GolfCrs_14,0.005988024
07STL005879_14,0.025125628
VashChris_14,0.064
VashJudd_14,0.03
VashShing_14,0.03
08EAS2446_15,0.008598452
08ISS4748_15,0.006680027
08CED2518_15,0
08CED2711_15,0.042735043
08SAM3047_15,0
08LAK3880_15,0
08ISS3958_15,0
08ISS3877_15,0.021288949
09BLA0722_15,0
09BLA0756_15,0.009451796
09COV1756_15,0.015806112
09BLA0817_15,0.008695652
08CED4192_15,0
08CED2898_15,0
08SAM2674_15,0
09DUW0225_15,0.04109589
09COV1862_15,0.01937609
08EVA3555_15,0.022727273
08LAK3628_15,0.021865889
08EVA3640_15,0
08LAK3121_15,0
08LAK2827_15,0
08SAM0000_15,0.01875
08ISS4573_15,0.005192108
08SAM2855_15,0
09BLA0716_15,0.007042254
08SAM2862_15,0.021857923
08LIT2685_15,0.01532567
08BEA3478_15,0.021037868
08LIT2692_15,0.004651163
09MID1537_15,0
09BLA0771_15,0.054151625
09SOO0943_15,0.01
09SOO1022_15,0.026785714
09SOO1130_15,0.01
09SOO1134_15,0
09SOO1209_15,0.011820331
08EAS1964_15,0.011428571
08EAS2058_15,0.025
08EAS2191_15,0.04
08EAS2272_15,0
08EAS2540_15,0.026666667
08EAS2631_15,0
08WES0622_15,0
08WES0629_15,0.026666667
08WES0903_15,0.008
08WES1037_15,0.013333333
08WES1178_15,0
08WES1340_15,0.03
08WES1490_15,0.02
08WES1579_15,0.04
08EAS1536_15,0.033333333
VashShing_15,0.006060606
VashChris_15,0.028
VashJudd_15,0
09DUW0277_15,0
08LAK3699_15,0.022779043
08ISS3962_15,0.003153579
08LAK3879_15,0.009063718
08EVA3813_15,0
08CED5046_15,0
08EVA3642_15,0
09NEW2076_15,0.005847953
09NEW2102_15,0
09MID1817_15,0.03562341
09MIL0340_15,0
08BEA3826_15,0.012658228
08BEA3474_15,0
08BEA3571_15,0
09BLA0772_15,0
08LIT2781_15,0.022338049
09DUW0091_15,0
08LIT2602_15,0.010169492
07RAG022147_15,0.029048656
07RAG018227_15,0.010460251
07RAG012515_15,0
07PAT001415_15,0
08SAM3045_15,0
07SFS011059_15,0
08NOR1750_15,0.011855365
09LOW0325_15,0.012552301
08SAM2865_15,0
09LOW0751_15,0.021668472
07SFS011475_15,0
09MID1958_15,0.011494253
09MID1374_15,0.045689918
09BLA0768_15,0
08CED2433_15,0.034042553
09JEN1318_15,0.017921147
09DEE2294_15,0.010277492
08ISS4724_15,0.017182131
08LIT2603_15,0.011947431
08ISS4294_15,0.007936508
08BEA3321_15,0
09COV1165_15,0.009629273
02O_15,0.026845638
08BEA3312_15,0.024783147
02P_15,0.009727626
08BEA3914_15,0.030272452
E1168_15,0.0066357
07SFS066611_15,0.025940337
09JEN1357_15,0
E1261_15,0.008271299
Miller_SWSSD_15,0.004440497
E1264_15,0.022271715
MackRed107_15,0.024370431
MontRed94_15,0
Miller_Cove_15,0.010309278
NPDES_BP1_15,0
07RAG042787_15,0.009771987
NPDES_BP7_15,0.035211268
NPDES_BP8_15,0
07RAG043443_15,0.003891051
08LIT2682_15,0.014031805
07RAG004615_15,0
07RAG002867_15,0.04
07SFS041891_15,0
07SFS009443_15,0
WalkerPreserve_15,0.015625
09MIL0390_15,0
09DEE2208_15,0.005521811
WAM06600_017111_15,0.005865103
07RAG054215_15,0
09BLA0675_15,0.01025641
WAM06600_036971_15,0
09NEW1657_15,0.002525253
WAM06600_076119_15,0.01610306
08NOR2115_15_R,0.012875536
07HAR055371_15,0.00785546
WAM06600_122423_15,0.00862069
08NOR1370_15,0.017857143
07STL184007_15,0
08NOR1362_15,0.003800258
07STL080295_15,0
08EVA3637_15,0
08NOR2306_15,0.005882353
08LAK3540_15,0.036231884
07STL195271_15,0
BSE_8_268thAveSE_15,0
09DEE2163_15,0.021810251
07CHR234411_15,0.00862069
BSE_1_MudMtnRd_15,0.012605042
09MID2426_15,0
07GRN077319_15,0
07GRN208791_15,0
08EVA3642_15_R,0
07LMS026663_15,0
07CHR013259_15,0.005479452
07RAG065475_15,0.048309179
07CHR070059_15,0.006849315
07CHR045515_15,0.00248139
07HAR070087_15,0.00842815
09COV1418_15,0.006418485
08WES0905_15,0.013333333
07HAR025863_15,0
09COV1418_15_R,0.009322561
08WES0905_15_R,0.008888889
07LMS093027_15,0
08EAS2546_15,0.082191781
09MID1744_15,0.00729927
07LMS029443_15,
08EAS2546_15_R,0.081081081
09MID1744_15_R,0.006493506
07LMS055075_15,0.02247191
08LIT2585_15,0.007312614
08LIT2585_15_R,0.011082788
08LAK3627_15,0.012944984
07LMS033235_15,0.01146789
08LAK3627_15_R,0.007272727
09SOO1283_15,0.02
09SOO1283_15_R,0.02
08NOR1756_15,0.014388489
08NOR1756_15_R,0.005797101
08SAM1914_15,0.021978022
08SAM1914_15_R,0.01980198
08BEA3650_15,0.003246753
08BEA3737_15,0.015748031
08BEA3650_15_R,0.00330033
08BEA3747_15,0.012338063
08BEA3737_15_R,0.017467249
08BEA3747_15_R,0
08ISS4735_15,0.04
09NEW2128_15,0.005376344
08ISS4735_15_R,0.034482759
09NEW2128_15_R,0.005434783
08EVA3813_15_R,0
08SAM2865_15_R,0
09NEW2076_16,0
07SFS041891_16,0
09NEW2128_16,0.036014406
07LMS026663_16,0
08LAK2827_16,0.016528926
09COV1862_16,0.026258206
09COV1756_16,0.034188034
09LOW0325_16,0
09MID1374_16_R,0.022099448
08SAM2862_16,0.009090909
09MID2426_16,0
09LOW0753_16,0
07RAG042787_16,0.01177163
08BEA3737_16,0.025862069
08SAM3045_16,0
07SFS009443_16,0
09NEW2102_16,0.016736402
08ISS3962_16,0.006779661
08ISS4294_16,0.013717421
08ISS4884_16,0.018867925
08LAK3627_16,0.01828655
08LIT2692_16,0.006984703
08BEA3474_16,0
07RAG004615_16,0
08LIT2781_16,0.005882353
07RAG022147_16,0.018248175
07RAG002867_16,0.02020202
09COV1418_16,0.016806723
08ISS4724_16,0.007017544
07RAG012515_16,0.006993007
09MID1744_16,0
07LMS093027_16,0
08SAM3047_16,0
09NEW1657_16,0.003913894
08EVA3642_16,0
08LIT2685_16,0
08LIT2585_16,0.005
WalkerPreserve_16,0.02739726
07SFS011059_16,0
09NEW2151_16,0.053571429
08BEA3571_16,0
08BEA3650_16,0
09DUW0225_16,0.016393443
09MIL0390_16,0
09DEE2208_16,0.007155635
BSE_21_GolfCrs_16,0.01010101
07PAT166087_16_R,0
07PAT001415_16,0
08SAM0000_16,0.012682308
07SFS066611_16,0
09JEN1318_16_R,0
08SAM2855_16,0
08LAK3616_16,0
07PAT228627_16,0
07LMS103591_16,0
07TKL072439_16,0.017857143
07TKL047047_16,0.010309278
08NOR1370_16,0.004768717
08NOR1756_16,0.017699115
08NOR2306_16,0
07RAG043443_16,0
08ISS3877_16,0
08ISS4730_16,0.009702458
08NOR2115_16_R,0
08LAK3540_16,0.014084507
08NOR1750_16,0.011111111
08LAK3699_16,0.019305019
08LAK3879_16,0.010857763
08ISS4573_16_R,0
08EVA3640_16,0
08CED4192_16,0
08BEA3321_16,0
07SFS011475_16_R,0
08SAM2674_16,0
BSE_1_MudMtnRd_16,0.016207455
08CED2898_16,0
08SAM1914_16,0.012121212
08ISS4748_16,0.018867925
08LAK3628_16,0.014925373
08LAK3880_16,0.033955857
08CED2518_16,0.024390244
08BEA3747_16,0
08BEA3826_16,0.025157233
08BEA3914_16,0.011494253
08CED2711_16,0.06122449
08NOR1362_16_R,0.008639309
Miller_SWSSD_16,0.010204082
Miller_Cove_16,0.007042254
09DUW0277_16,0
09DEE2294_16,0.00754717
09DEE2163_16,0.012658228
08LIT2682_16,0.006116208
09MIL0340_16,0.015873016
09LOW0751_16,0
09DUW0091_16,0
08SAM2865_16,0
08BEA3312_16,0.012170632
08LAK3121_16,0
08EVA3813_16,0
09MID1537_16,0
09MID1817_16,0.007968127
07LNT062039_16,0
09JEN1357_16,0
07LNT075179_16,0.028571429
07STL080295_16,0
07GRN022903_16,
07LNT130827_16,0
08LIT2602_16_R,0.013157895
08CED2433_16,0
09COV1165_16,
07RAG018227_16,0
07PAT231079_16,0.029585799
07STL184007_16,0.005208333
07CHR070059_16,0
07CHR234411_16,0.009090909
07CHR045515_16,0.010928962
07LMS033235_16,0.013953488
07LMS055075_16,0.025823112
09SOO1283_16_R,0
09BLA0756_16,0.032206119
08WES0622_16,0.005047956
08ISS4735_16,0.020338983
08EAS2540_16,0.01
08EAS2446_16,0.007692308
08EAS1536_16,0.006666667
08WES0629_16,0.008298755
08WES0903_16,0
09BLA0675_16,0
09BLA0716_16,0
08EAS2631_16,0.00862069
08EAS2191_16,0
08EAS2058_16,0.01
08EAS1964_16,0
07HAR070087_16,
07GRN077319_16,0.083333333
08EAS2272_16,0.026086957
08EAS2546_16,0
08WES0905_16,0.028571429
07HAR025863_16,0
07PAT187623_16_R,0
07LMS213875_16,0.012345679
09DEE2211_16_R,
08EAS2191_16_R,0.018181818
08WES1037_16,0.016233766
08WES1178_16,0.028571429
08WES1340_16,0.023837902
08WES1579_16,0
09BLA0722_16,0.018382353
09BLA0768_16,0
09BLA0771_16,0.033898305
09BLA0772_16,0.008928571
09BLA0817_16,0.016835017
09SOO0943_16,0
09SOO1022_16,0.033482143
09SOO1130_16,0.004347826
09SOO1134_16,0
09SOO1209_16,0.007535795
VashChris_16,0.007153076
VashShing_16,0.017751479
28A_16,0.006697924
08EVA3637_16,0
08LIT2603_16,0
08CED4975_16,0.025740026
08CED5032_16,0
08CED5046_16,0.010917031
09BLA0675_06,0.033812342
09NEW1657_14,0.00288767
08EAS2058_05,
09SOO1022_08,0.017857143
E1264_14,0.010152284
08ISS4730_15,0.018761726
BSE_8_268thAveSE_16,
