SAMPLE_NUMBER,WW,BF,Expr1
02O_08,2.4,7.556666667,0.317600353
02O_09,3.413333333,7.943333333,0.429710449
02O_10,3.806666667,7.666666667,0.496521739
02O_12,2.25,4.913333333,0.457937585
02O_15,4.45,6.55,0.679389313
02P_08,5,7.333333333,0.681818182
02P_09,3.276666667,6.86,0.477648202
02P_10,4.6,7.69,0.598179454
02P_12,5.3,8.433333333,0.628458498
02P_15,5.675,7.825,0.725239617
05B_08,4.666666667,13.33333333,0.35
05B_09,2.026666667,11.41666667,0.177518248
05B_10,4.333333333,11,0.393939394
05B_12,6.666666667,17.44,0.382262997
07CHR013259_15,23.625,30,0.7875
07CHR045515_15,27.625,42,0.657738095
07CHR045515_16,24.66666667,36.66666667,0.672727273
07CHR070059_15,10.675,15.225,0.701149425
07CHR070059_16,10.25,16.25,0.630769231
07CHR234411_15,23.25,35.375,0.657243816
07CHR234411_16,16.125,39,0.413461538
07GRN022903_16,17.25,33.25,0.518796992
07GRN077319_15,9,40,0.225
07GRN077319_16,26,42.33333333,0.614173228
07GRN208791_15,28,55,0.509090909
07HAR025863_15,7.9,18.65,0.423592493
07HAR025863_16,6,11,0.545454545
07HAR055371_15,4.233333333,11.23333333,0.376854599
07HAR070087_15,6.325,11.1,0.56981982
07HAR070087_16,7.333333333,9.166666667,0.8
07LMS016051_14,74.375,371.75,0.200067249
07LMS026663_15,113,214,0.528037383
07LMS026663_16,115.5,165,0.7
07LMS029443_15,165,185,0.891891892
07LMS033235_15,16.25,24.3,0.66872428
07LMS033235_16,17.425,29.5,0.590677966
07LMS055075_15,10.625,15.375,0.691056911
07LMS055075_16,10.825,15.75,0.687301587
07LMS093027_15,215,250,0.86
07LMS093027_16,183,195,0.938461538
07LMS103591_16,28,41,0.682926829
07LMS213875_16,216,252,0.857142857
07LNT062039_16,59.7,81.9,0.728937729
07LNT075179_16,6.375,10,0.6375
07LNT130827_16,48,66,0.727272727
07PAT001415_14,6.05,14.675,0.412265758
07PAT001415_15,5.08,17.66,0.287655719
07PAT001415_16,10.5,14,0.75
07PAT166087_16_R,12.5,27.5,0.454545455
07PAT187623_16_R,13,17,0.764705882
07PAT228627_16,8.6,18.83333333,0.456637168
07PAT231079_16,5.575,8.55,0.652046784
07RAG002867_14,11.9025,23.7575,0.500999684
07RAG002867_15,7.55,11.225,0.672605791
07RAG002867_16,11.75,15.625,0.752
07RAG004615_15,61.5,69.75,0.88172043
07RAG004615_16,53.75,63.5,0.846456693
07RAG012515_14,29.05,78.75,0.368888889
07RAG012515_15,23.6,41.175,0.573163327
07RAG012515_16,25.66666667,63.66666667,0.403141361
07RAG016851_14,4.74,18.35,0.258310627
07RAG018227_14,21.29,42.625,0.499472141
07RAG018227_15,19.725,37.35,0.52811245
07RAG018227_16,19.33333333,33.66666667,0.574257426
07RAG022147_14,5.75,11.5,0.5
07RAG022147_15,8.45,12.55,0.673306773
07RAG022147_16,13.625,13.5,1.009259259
07RAG042787_15,30.75,74.5,0.412751678
07RAG042787_16,20.53333333,65.33333333,0.314285714
07RAG043443_15,46.75,68.75,0.68
07RAG043443_16,41,1494.75,0.027429336
07RAG054215_15,15.9,60.3,0.263681592
07RAG065475_15,8.6,15.15,0.567656766
07SFS009443_15,80.33333333,94.33333333,0.851590106
07SFS009443_16,70.3,85.6,0.821261682
07SFS011059_14,63,105,0.6
07SFS011059_15,69.66,167.66,0.415483717
07SFS011059_16,61.5,105,0.585714286
07SFS011475_14,100,115,0.869565217
07SFS011475_15,54.5,180,0.302777778
07SFS011475_16_R,60,213.9,0.280504909
07SFS041891_15,60.5,100.5,0.60199005
07SFS041891_16,83.7,114.6,0.730366492
07SFS066611_15,4.875,11.5,0.423913043
07SFS066611_16,7.5,10.5,0.714285714
07STL005879_14,14.05,29.225,0.48075278
07STL080295_15,135,170,0.794117647
07STL080295_16,71,85,0.835294118
07STL184007_15,130,138,0.942028986
07STL184007_16,100.5,126,0.797619048
07STL195271_15,153,240,0.6375
07TKL047047_16,14.33333333,21.83333333,0.65648855
07TKL072439_16,7.266666667,13,0.558974359
08BEA3312_02,3.166666667,,
08BEA3312_03,4.19,,
08BEA3312_05,13.33333333,17.33333333,0.769230769
08BEA3312_06,4.116666667,12.1,0.340220386
08BEA3312_07,4.886666667,6.663333333,0.733366683
08BEA3312_08,4.833333333,10.91666667,0.442748092
08BEA3312_09,4.583333333,13.16666667,0.348101266
08BEA3312_10,4.566666667,11.76666667,0.388101983
08BEA3312_11,5.733333333,11.76666667,0.487252125
08BEA3312_12,5.325,8.175,0.651376147
08BEA3312_13,4.333333333,5.333333333,0.8125
08BEA3312_14,5.05,9.7,0.520618557
08BEA3312_15,5.125,12.925,0.396518375
08BEA3312_16,4.725,9.23,0.51191766
08BEA3321_02,9.315,,
08BEA3321_03,11.80333333,,
08BEA3321_05,9,9,1
08BEA3321_06,12.30666667,20.51,0.600032504
08BEA3321_07,19.5,4,4.875
08BEA3321_08,14.165,24.125,0.587150259
08BEA3321_09,11.91666667,11.91666667,1
08BEA3321_10,13.66666667,16.33333333,0.836734694
08BEA3321_11,19.5,20,0.975
08BEA3321_13,14.1,15.5,0.909677419
08BEA3321_14,7.15,15.575,0.459069021
08BEA3321_15,20.06666667,19.06666667,1.052447552
08BEA3321_16,21,21,1
08BEA3325_02,6.026666667,,
08BEA3325_03,5.306666667,,
08BEA3325_07,6.415,7.995,0.802376485
08BEA3474_10,22.23333333,25.66666667,0.866233766
08BEA3474_12,22.225,32.9,0.675531915
08BEA3474_13,30.5,45,0.677777778
08BEA3474_14,26.7,35,0.762857143
08BEA3474_15,23.425,38.875,0.602572347
08BEA3474_16,22.525,22.725,0.99119912
08BEA3478_02,4.86,,
08BEA3478_03,4.25,,
08BEA3478_05,3.666666667,6.666666667,0.55
08BEA3478_06,4.996666667,6.61,0.755925366
08BEA3478_07,4.86,14.55566667,0.333890581
08BEA3478_08,3.776666667,8.366666667,0.451394422
08BEA3478_09,3.6,6.983333333,0.515513126
08BEA3478_10,3.783333333,7.4,0.511261261
08BEA3478_11,4.526666667,7.47,0.605979473
08BEA3478_12,4.566666667,6.033333333,0.756906077
08BEA3478_13,3.5,5,0.7
08BEA3478_14,5.7,7.566666667,0.753303965
08BEA3478_15,5.85,7.95,0.735849057
08BEA3571_02,15.9,,
08BEA3571_03,20.5,,
08BEA3571_05,19.33333333,21,0.920634921
08BEA3571_06,19,30.665,0.619598891
08BEA3571_07,19.13666667,19.69333333,0.971733243
08BEA3571_08,19.21,22.42,0.856824264
08BEA3571_09,19.58333333,22.08333333,0.886792453
08BEA3571_10,18.5,22.33333333,0.828358209
08BEA3571_11,23.25,23.25,1
08BEA3571_12,24.5,29.33,0.835322196
08BEA3571_13,24.7,28.2,0.875886525
08BEA3571_14,17.5,27.2,0.643382353
08BEA3571_15,22.4,24.7,0.906882591
08BEA3571_16,24.9,26,0.957692308
08BEA3650_02,19.7,,
08BEA3650_03,67.42,,
08BEA3650_05,21,23,0.913043478
08BEA3650_06,21.75,23,0.945652174
08BEA3650_07,17.5,20.5,0.853658537
08BEA3650_08,18,24.5,0.734693878
08BEA3650_09,20,22,0.909090909
08BEA3650_10,20.5,23.75,0.863157895
08BEA3650_11,18.72,23,0.813913043
08BEA3650_12,21.2,22.93333333,0.924418605
08BEA3650_13,19.25,21.5,0.895348837
08BEA3650_14,25.1,27,0.92962963
08BEA3650_15,24.66666667,25,0.986666667
08BEA3650_15_R,23.66666667,28.33333333,0.835294118
08BEA3650_16,21.7,23,0.943478261
08BEA3737_02,4.833333333,,
08BEA3737_03,7.056666667,,
08BEA3737_05,5.5,5.666666667,0.970588235
08BEA3737_06,4.276666667,8.223333333,0.520064856
08BEA3737_07,6.75,8.803333333,0.766755017
08BEA3737_08,6.283333333,13.1,0.479643766
08BEA3737_09,7.166666667,9.25,0.774774775
08BEA3737_10,6.5,8.833333333,0.735849057
08BEA3737_11,3.613333333,9.443333333,0.382633251
08BEA3737_12,4.775,9.25,0.516216216
08BEA3737_13,3.425,10.15,0.337438424
08BEA3737_14,5.1,11.525,0.442516269
08BEA3737_15,3.925,12.625,0.310891089
08BEA3737_15_R,4,11.7,0.341880342
08BEA3737_16,7.25,9.875,0.734177215
08BEA3747_02,8.14,,
08BEA3747_03,61.02666667,,
08BEA3747_05,32.75,36.5,0.897260274
08BEA3747_06,81.5,84.42,0.96541104
08BEA3747_07,45.44333333,97.33333333,0.466883562
08BEA3747_08,19.94333333,24.19333333,0.824331772
08BEA3747_09,17.5,50,0.35
08BEA3747_10,33.22,50.83333333,0.653508197
08BEA3747_11,25.36,46,0.551304348
08BEA3747_12,36.3,60.925,0.595814526
08BEA3747_13,20.4,53,0.38490566
08BEA3747_14,32.25,43.75,0.737142857
08BEA3747_15,36.1,58.5,0.617094017
08BEA3747_15_R,15,26.66666667,0.5625
08BEA3747_16,16,22,0.727272727
08BEA3826_02,7.46,,
08BEA3826_03,2.863333333,,
08BEA3826_05,22,28.66666667,0.76744186
08BEA3826_06,3.86,20.33333333,0.189836066
08BEA3826_07,4.33,10,0.433
08BEA3826_08,4.783333333,9.82,0.487101154
08BEA3826_09,4.666666667,9,0.518518519
08BEA3826_10,5.633333333,12.36666667,0.455525606
08BEA3826_11,7.443333333,13.58,0.548109966
08BEA3826_12,3.8925,8.3975,0.463530813
08BEA3826_13,4.625,9,0.513888889
08BEA3826_14,5.175,14.025,0.368983957
08BEA3826_15,4.425,14.75,0.3
08BEA3826_16,8,12,0.666666667
08BEA3914_02,5.42,,
08BEA3914_15,5.8425,33.25,0.175714286
08BEA3914_16,4.98,19.25,0.258701299
08CED2433_02,6.666666667,,
08CED2433_03,5.64,,
08CED2433_05,5.625,8,0.703125
08CED2433_06,6.665,0,
08CED2433_07,5.053333333,14.47233333,0.349171983
08CED2433_08,6.916666667,9.582,0.72183956
08CED2433_09,7.666666667,7.833333333,0.978723404
08CED2433_10,6.766666667,8.8,0.768939394
08CED2433_11,8.25,10.58333333,0.779527559
08CED2433_12,6.633333333,11.33333333,0.585294118
08CED2433_13,6.65,12.65,0.5256917
08CED2433_14,7.55,11.3,0.668141593
08CED2433_15,6.5,9.3375,0.696117805
08CED2433_16,6.5,25.6,0.25390625
08CED2518_02,5.5,,
08CED2518_03,9.776666667,,
08CED2518_05,9.583333333,12.33333333,0.777027027
08CED2518_06,8.21,10.455,0.785270206
08CED2518_07,6.943333333,13.052,0.531974665
08CED2518_08,9.612333333,15.36,0.625802951
08CED2518_09,11,13.58333333,0.809815951
08CED2518_10,7.333333333,16.66666667,0.44
08CED2518_11,7.66,8.5,0.901176471
08CED2518_12,7.175,9.775,0.734015345
08CED2518_13,7.46,12.75,0.585098039
08CED2518_14,9.3925,11.6425,0.806742538
08CED2518_15,7.233333333,8.6,0.841085271
08CED2518_16,7.5,11.5,0.652173913
08CED2711_02,7.333333333,,
08CED2711_03,6.416666667,,
08CED2711_05,6,19.66666667,0.305084746
08CED2711_06,9.443333333,13.28,0.711094378
08CED2711_08,4.35,11.72233333,0.37108653
08CED2711_09,8.75,13.66666667,0.640243902
08CED2711_10,9.666666667,16,0.604166667
08CED2711_11,5.636666667,13.36,0.421906188
08CED2711_14,7.1875,19.7075,0.364708867
08CED2711_15,6.95,14.025,0.495543672
08CED2711_16,8.666666667,13.66666667,0.634146341
08CED2898_02,5.11,,
08CED2898_03,2.886666667,,
08CED2898_05,1.916666667,26.66666667,0.071875
08CED2898_06,2.75,18,0.152777778
08CED2898_07,2.805666667,16.16666667,0.173546392
08CED2898_08,1.266666667,3.966666667,0.319327731
08CED2898_09,2.556666667,17.08333333,0.149658537
08CED2898_10,1.233333333,19.66666667,0.062711864
08CED2898_11,2.08,22.75,0.091428571
08CED2898_12,2.05,4.05,0.50617284
08CED2898_13,1.915,3.0825,0.621248986
08CED2898_14,2.2925,7.5,0.305666667
08CED2898_15,2.5,8,0.3125
08CED2898_16,5,18,0.277777778
08CED4115_02,12.5,,
08CED4192_02,12.66666667,,
08CED4192_03,18.72333333,,
08CED4192_05,18.16666667,30.33333333,0.598901099
08CED4192_06,18,19.5,0.923076923
08CED4192_07,17.58,23.75,0.740210526
08CED4192_08,18.33333333,20,0.916666667
08CED4192_09,17,25.83333333,0.658064516
08CED4192_10,16.33333333,19,0.859649123
08CED4192_11,17.94333333,23.25,0.771756272
08CED4192_12,19.7275,29.6225,0.665963372
08CED4192_13,16.825,24.5,0.686734694
08CED4192_14,21.4375,27.98,0.766172266
08CED4192_15,16.875,27.25,0.619266055
08CED4192_16,21,27.33,0.768386389
08CED4479_02,8.37,,
08CED4479_03,7.75,,
08CED4479_05,13,23,0.565217391
08CED4479_06,7.2,15,0.48
08CED4479_07,11.02766667,23.63866667,0.466509673
08CED4479_08,18.83333333,21.5,0.875968992
08CED4479_09,95,130,0.730769231
08CED4975_02,2.5,,
08CED4975_03,2.916666667,,
08CED4975_05,2.75,8.5,0.323529412
08CED4975_06,2.193333333,8.5,0.258039216
08CED4975_07,3.582233333,8.805566667,0.406814629
08CED4975_08,5.61,8.056666667,0.696317749
08CED4975_10,2.733333333,8.333333333,0.328
08CED4975_11,4.92,7.806666667,0.630230572
08CED4975_12,4,9.525,0.419947507
08CED4975_13,3.2675,9.73,0.335817061
08CED4975_14,4.375,10.525,0.41567696
08CED4975_16,4.15,8.05,0.51552795
08CED5032_02,8.723333333,,
08CED5032_03,9.943333333,,
08CED5032_06,11.14,20.58,0.541302235
08CED5032_07,13.66666667,22.30566667,0.612699314
08CED5032_08,15.25,21.83333333,0.698473282
08CED5032_09,11.16666667,21.58333333,0.517374517
08CED5032_10,10.33333333,24.41666667,0.423208191
08CED5032_11,12.83333333,21.76666667,0.589586524
08CED5032_12,11.95,18.55,0.644204852
08CED5032_13,11.4175,22.875,0.499125683
08CED5032_14,6.025,11.425,0.527352298
08CED5032_16,9.9,21.125,0.468639053
08CED5046_02,7.835,,
08CED5046_05,16.33333333,36.66666667,0.445454545
08CED5046_06,10.69333333,32.55666667,0.328452954
08CED5046_07,13.41666667,31.75,0.422572178
08CED5046_08,22.33333333,30.33333333,0.736263736
08CED5046_09,15.66666667,30,0.522222222
08CED5046_10,19.36,35.83333333,0.54027907
08CED5046_11,16.08,33.125,0.485433962
08CED5046_12,12.925,34.125,0.378754579
08CED5046_13,17.835,32.25,0.553023256
08CED5046_14,17.125,31.5,0.543650794
08CED5046_15,13.775,44.7,0.308165548
08CED5046_16,14.3,17.93333333,0.79739777
08EAS1502_06,2.443333333,5.33,0.458411507
08EAS1502_07,2.303333333,4.273333333,0.53900156
08EAS1502_08,1.86,5.14,0.361867704
08EAS1502_10,2.943333333,3.526666667,0.834593573
08EAS1502_11,2.14,3.72,0.575268817
08EAS1536_02,4.833333333,,
08EAS1536_05,7.666666667,11.66666667,0.657142857
08EAS1536_06,7.583333333,14.66666667,0.517045455
08EAS1536_07,8.516666667,13.95,0.61051374
08EAS1536_08,4.8,15.12333333,0.317390346
08EAS1536_09,4.166666667,10.77333333,0.386757426
08EAS1536_10,5.733333333,12.4,0.462365591
08EAS1536_11,4.72,13.83333333,0.341204819
08EAS1536_12,4.6,13.1,0.351145038
08EAS1536_13,15.6875,12.575,1.247514911
08EAS1536_14,5.8,15.6125,0.371497198
08EAS1536_15,4.975,11.425,0.435448578
08EAS1536_16,6.1,10.925,0.558352403
08EAS1964_02,14.33333333,,
08EAS1964_03,19.22333333,,
08EAS1964_05,16.16666667,30.66666667,0.527173913
08EAS1964_06,16.75,24.76666667,0.676312248
08EAS1964_07,19.52666667,29.11,0.670788961
08EAS1964_08,20.57666667,25.21,0.816210498
08EAS1964_09,17.66666667,23.33333333,0.757142857
08EAS1964_10,18.36666667,22.46666667,0.817507418
08EAS1964_11,17.63666667,26.5,0.665534591
08EAS1964_12,19.525,25.875,0.754589372
08EAS1964_13,18.6125,25.4,0.732775591
08EAS1964_14,18.075,30.625,0.590204082
08EAS1964_15,14.775,20.45,0.722493888
08EAS1964_16,18.1,25.8,0.701550388
08EAS2058_02,14.37333333,,
08EAS2058_03,19,,
08EAS2058_05,17,37.66666667,0.451327434
08EAS2058_06,16.1,29.2,0.551369863
08EAS2058_07,20.24666667,26.55333333,0.762490585
08EAS2058_08,22.91666667,24.88666667,0.920841147
08EAS2058_09,15.4,27.86666667,0.552631579
08EAS2058_10,12.6,26.8,0.470149254
08EAS2058_11,21.10666667,34.28,0.61571373
08EAS2058_12,20.8625,30.99,0.673201033
08EAS2058_13,19.3125,32.645,0.591591362
08EAS2058_14,22.825,33.625,0.678810409
08EAS2058_15,16.925,28.175,0.600709849
08EAS2058_16,19.5,29.625,0.658227848
08EAS2191_02,4.165,,
08EAS2191_03,3.89,,
08EAS2191_05,8,8.333333333,0.96
08EAS2191_06,7.026666667,9.613333333,0.730929265
08EAS2191_07,8.861,9.36,0.946688034
08EAS2191_08,6.888866667,9.026666667,0.76316839
08EAS2191_09,5.72,11.27666667,0.507242093
08EAS2191_10,9.553333333,9.72,0.982853224
08EAS2191_11,4.745,10.625,0.446588235
08EAS2191_12,7.75,18.2,0.425824176
08EAS2191_13,7.4,9.416666667,0.785840708
08EAS2191_14,7.866666667,9.6,0.819444444
08EAS2191_15,5.366666667,9.833333333,0.545762712
08EAS2191_16,6,9.5,0.631578947
08EAS2191_16_R,5.25,9.6,0.546875
08EAS2272_02,8,,
08EAS2272_03,10.11,,
08EAS2272_05,12,13,0.923076923
08EAS2272_06,11.22333333,17.91666667,0.626418605
08EAS2272_07,12.55333333,13.91333333,0.902252036
08EAS2272_08,12.16666667,14.61666667,0.832383124
08EAS2272_09,12.80333333,16.30333333,0.785319975
08EAS2272_10,11.23333333,13.75,0.816969697
08EAS2272_11,12.76333333,15.88666667,0.803399077
08EAS2272_12,13.175,15.1,0.872516556
08EAS2272_13,11.875,14.925,0.795644891
08EAS2272_14,12.375,15.355,0.805926408
08EAS2272_15,12.2,16.16666667,0.754639175
08EAS2272_16,11.75,12.525,0.938123752
08EAS2446_02,10.79333333,,
08EAS2446_03,9.03,,
08EAS2446_05,14.66666667,35.66666667,0.411214953
08EAS2446_06,8.526666667,29.95,0.284696717
08EAS2446_07,8.866666667,23.81666667,0.372288314
08EAS2446_08,12.40666667,29.4,0.421995465
08EAS2446_10,13,21.33333333,0.609375
08EAS2446_11,14.91666667,35.91333333,0.415351773
08EAS2446_12,9.325,27.35,0.34095064
08EAS2446_13,12.105,32.1875,0.37607767
08EAS2446_14,10.1,26.825,0.376514445
08EAS2446_15,14.3325,29.705,0.48249453
08EAS2446_16,12.15,22.5,0.54
08EAS2540_02,1.833333333,,
08EAS2540_07,2.7,9.75,0.276923077
08EAS2540_08,2.2,16.46666667,0.133603239
08EAS2540_09,2.8,7.066666667,0.396226415
08EAS2540_10,4.22,9.916666667,0.425546218
08EAS2540_11,3.803333333,12.36333333,0.307630089
08EAS2540_12,2.325,9.85,0.236040609
08EAS2540_13,3.02,9.06,0.333333333
08EAS2540_14,3.125,11.8325,0.264103106
08EAS2540_15,2.4,11.35,0.211453744
08EAS2540_16,1.7,11.55,0.147186147
08EAS2546_02,2.5,,
08EAS2546_03,3.833333333,,
08EAS2546_05,5.083333333,9.333333333,0.544642857
08EAS2546_06,2.276666667,13.08333333,0.174012739
08EAS2546_07,5.33,11.42,0.466725044
08EAS2546_08,3.593333333,11.33333333,0.317058824
08EAS2546_10,4.276666667,7.123333333,0.600374357
08EAS2546_11,4.58,5.33,0.859287054
08EAS2546_12,3.95,15.3625,0.257119609
08EAS2546_13,3.3325,7.8125,0.42656
08EAS2546_14,3.125,11,0.284090909
08EAS2546_15,3.0575,5.025,0.608457711
08EAS2546_15_R,2.9775,5.77,0.516031196
08EAS2546_16,3.8,5.5,0.690909091
08EAS2631_02,13.75,,
08EAS2631_03,11.83333333,,
08EAS2631_05,19.91666667,29,0.686781609
08EAS2631_06,17.33333333,32.28333333,0.536912752
08EAS2631_07,26.61,31.83,0.83600377
08EAS2631_08,21.80666667,25.91,0.841631288
08EAS2631_09,19.05333333,31.55333333,0.603845341
08EAS2631_10,22.4,35.75,0.626573427
08EAS2631_11,22.02666667,29.91666667,0.736267409
08EAS2631_12,20.925,20.435,1.023978468
08EAS2631_13,19.825,26.125,0.758851675
08EAS2631_14,17.4575,26.9575,0.647593434
08EAS2631_15,16.2,41,0.395121951
08EAS2631_16,14.2,26.5,0.535849057
08EVA3474_02,9.5,,
08EVA3474_03,10.66666667,,
08EVA3474_05,24.83333333,44.33333333,0.560150376
08EVA3474_06,26,28,0.928571429
08EVA3474_07,34.7,31.5,1.101587302
08EVA3474_08,29.83333333,49.66666667,0.600671141
08EVA3474_09,25,46.33333333,0.539568345
08EVA3474_11,24.06666667,57,0.422222222
08EVA3555_02,18.58666667,,
08EVA3555_03,15.61,,
08EVA3555_05,22,32,0.6875
08EVA3555_06,24.3,24.3,1
08EVA3555_07,31.5,,
08EVA3555_08,29.5,34.5,0.855072464
08EVA3555_09,8.666666667,16,0.541666667
08EVA3555_10,14.5,17,0.852941176
08EVA3555_11,10.60666667,22.05666667,0.480882575
08EVA3555_12,15.83333333,24.08333333,0.657439446
08EVA3555_13,16.175,23.2,0.697198276
08EVA3555_14,16.375,17.375,0.942446043
08EVA3555_15,13.3,18.375,0.723809524
08EVA3637_02,2.416666667,,
08EVA3637_03,1.363333333,,
08EVA3637_07,3.205,12.165,0.263460748
08EVA3637_08,2.8,5.1,0.549019608
08EVA3637_09,3.1,7.683333333,0.403470716
08EVA3637_10,1.633333333,17.83333333,0.091588785
08EVA3637_11,1.946666667,11.91666667,0.163356643
08EVA3637_13,2.4625,4.945,0.497977755
08EVA3637_14,2.666666667,8.566666667,0.311284047
08EVA3637_15,4.65,2.4,1.9375
08EVA3637_16,2.625,6.5,0.403846154
08EVA3640_02,14,,
08EVA3640_03,17.97333333,,
08EVA3640_05,5.5,18.33333333,0.3
08EVA3640_06,19,26,0.730769231
08EVA3640_07,14.54,20.5,0.709268293
08EVA3640_08,7.666666667,11.41666667,0.671532847
08EVA3640_09,5.89,16.5,0.356969697
08EVA3640_10,7.833333333,13.5,0.580246914
08EVA3640_11,7.806666667,12.44,0.627545552
08EVA3640_12,5.95,9.7,0.613402062
08EVA3640_13,7.5,21.76666667,0.344563553
08EVA3640_14,6.75,8.5,0.794117647
08EVA3640_15,7.4,14.1,0.524822695
08EVA3640_16,8.1,8.95,0.905027933
08EVA3642_02,2.333333333,,
08EVA3642_05,2.5,11,0.227272727
08EVA3642_06,4.5,12.61333333,0.356765328
08EVA3642_07,5.236666667,8.845666667,0.592003618
08EVA3642_08,5.916666667,12.16666667,0.48630137
08EVA3642_09,4.966666667,11.53333333,0.430635838
08EVA3642_10,3.6,11.96666667,0.300835655
08EVA3642_11,6.97,15.86,0.439470366
08EVA3642_12,5.25,13.125,0.4
08EVA3642_13,3.65,4.6,0.793478261
08EVA3642_14,4.3675,15.5,0.281774194
08EVA3642_15,6.025,11.75,0.512765957
08EVA3642_15_R,6.0625,14.5,0.418103448
08EVA3642_16,4.375,17.25,0.253623188
08EVA3813_02,7.965,,
08EVA3813_03,6.556666667,,
08EVA3813_05,6,8,0.75
08EVA3813_06,7.58,8.92,0.849775785
08EVA3813_07,8.083333333,12.05666667,0.67044512
08EVA3813_08,7.666666667,14.33333333,0.534883721
08EVA3813_09,10.63333333,12.63333333,0.841688654
08EVA3813_10,6.2,11.33333333,0.547058824
08EVA3813_11,9.59,12.19333333,0.786495353
08EVA3813_12,7.225,11.775,0.61358811
08EVA3813_13,9.2,19.275,0.477302205
08EVA3813_14,8.3,12.6,0.658730159
08EVA3813_15,7.125,10.2,0.698529412
08EVA3813_15_R,6.225,12.1,0.51446281
08EVA3813_16,5.5,12,0.458333333
08EVA3897_02,7.326666667,,
08EVA3897_06,7.333333333,11.46666667,0.639534884
08EVA3897_07,6.97,11.85666667,0.587854934
08EVA4077_02,2.223333333,,
08EVA4077_08,2.833333333,7.366666667,0.384615385
08EVA4077_10,4.11,8.736666667,0.470431133
08EVA4077_11,3.5,13.33333333,0.2625
08EVA4077_12,4.85,14.425,0.336221837
08EVA4077_13,2.855,16.3325,0.174804837
08EVA4077_14,3.9,27.25,0.143119266
08EVA4165_07,3.277666667,10.16666667,0.322393443
08EVA4249_02,4.196666667,,
08EVA4249_03,4.665,,
08EVA4249_05,3.5,6,0.583333333
08EVA4249_06,4.466666667,11.06666667,0.403614458
08ISS0004_03,22.55666667,,
08ISS3877_05,29,50,0.58
08ISS3877_06,31.66666667,59.33333333,0.533707865
08ISS3877_07,24,65,0.369230769
08ISS3877_08,35,60,0.583333333
08ISS3877_09,33.83333333,69,0.490338164
08ISS3877_10,38.23333333,51.21666667,0.74650179
08ISS3877_11,32.33333333,47.33333333,0.683098592
08ISS3877_12,32.6375,59.375,0.549684211
08ISS3877_13,25.95,45.25,0.573480663
08ISS3877_14,32,71.1,0.450070323
08ISS3877_15,27.3,47.125,0.579310345
08ISS3877_16,26.875,59.6,0.450922819
08ISS3958_02,2.513333333,,
08ISS3958_03,4.333333333,,
08ISS3958_05,1.666666667,11,0.151515152
08ISS3958_06,3.125,12.375,0.252525253
08ISS3958_07,2.333333333,11,0.212121212
08ISS3958_08,2,9,0.222222222
08ISS3958_09,4.58,10,0.458
08ISS3958_10,2.25,5.25,0.428571429
08ISS3958_11,2.25,5.5,0.409090909
08ISS3958_14,2.7,15,0.18
08ISS3958_15,3,6,0.5
08ISS3962_05,38,42,0.904761905
08ISS3962_06,19,53,0.358490566
08ISS3962_07,29,50,0.58
08ISS3962_08,33.33333333,44,0.757575758
08ISS3962_09,41.66666667,61.33333333,0.679347826
08ISS3962_10,47,51,0.921568627
08ISS3962_11,47.08333333,52.83333333,0.891167192
08ISS3962_14,34.44,51.61,0.667312536
08ISS3962_15,29.475,51.15,0.576246334
08ISS3962_16,26,38.5,0.675324675
08ISS4294_02,7.11,,
08ISS4294_05,14.83333333,20.33333333,0.729508197
08ISS4294_06,12.66666667,22,0.575757576
08ISS4294_07,14.5,20.83333333,0.696
08ISS4294_08,10.66666667,19,0.561403509
08ISS4294_09,10.16666667,16.23333333,0.626283368
08ISS4294_10,12.51666667,16.16666667,0.774226804
08ISS4294_11,11.91666667,17,0.700980392
08ISS4294_12,10.275,16.75,0.613432836
08ISS4294_13,10.2925,16.375,0.628549618
08ISS4294_14,8.9875,16.5,0.54469697
08ISS4294_15,9.675,15.85,0.610410095
08ISS4294_16,11.03333333,14.26666667,0.773364486
08ISS4373_02,3.3,,
08ISS4373_03,7.276666667,,
08ISS4373_06,5.333333333,28.83333333,0.184971098
08ISS4373_08,4,18.33333333,0.218181818
08ISS4373_10,10.5,22.66666667,0.463235294
08ISS4373_11,9.523333333,32.08333333,0.296831169
08ISS4573_02,5.5,,
08ISS4573_03,6.083333333,,
08ISS4573_05,7,17.66666667,0.396226415
08ISS4573_06,5.75,15.5,0.370967742
08ISS4573_07,4.333333333,48.33333333,0.089655172
08ISS4573_08,6.666666667,13.33333333,0.5
08ISS4573_09,5.72,17.41666667,0.328421053
08ISS4573_10,6.666666667,18.58333333,0.358744395
08ISS4573_11,7.5,13.22,0.567322239
08ISS4573_12,6.05,13.775,0.439201452
08ISS4573_13,6.025,9.35,0.644385027
08ISS4573_14,4.7475,12.185,0.389618383
08ISS4573_15,7.9,15.1,0.523178808
08ISS4573_16_R,7.5,14.25,0.526315789
08ISS4724_02,8.333333333,,
08ISS4724_03,20.44333333,,
08ISS4724_06,13.33333333,21.66666667,0.615384615
08ISS4724_07,13.66666667,25.66666667,0.532467532
08ISS4724_08,10.66666667,16.66666667,0.64
08ISS4724_09,13.94666667,26.05333333,0.53531218
08ISS4724_10,13.33333333,17.33333333,0.769230769
08ISS4724_11,12.69333333,18,0.705185185
08ISS4724_12,15.725,23.075,0.681473456
08ISS4724_13,13.6,20.3,0.669950739
08ISS4724_15,11.075,21,0.527380952
08ISS4724_16,12.5,26.625,0.469483568
08ISS4730_02,16,,
08ISS4730_03,9.416666667,,
08ISS4730_05,11.33333333,36.66666667,0.309090909
08ISS4730_06,11.05,36.66666667,0.301363636
08ISS4730_07,11.66666667,26,0.448717949
08ISS4730_08,10,28,0.357142857
08ISS4730_09,9.693333333,25.22,0.384351044
08ISS4730_10,22.05666667,32.22333333,0.684493638
08ISS4730_11,14.66666667,27.66666667,0.530120482
08ISS4730_12,19.05,34.275,0.555798687
08ISS4730_13,12.125,21.125,0.573964497
08ISS4730_14,25.575,42.2,0.606042654
08ISS4730_15,19.4,34,0.570588235
08ISS4730_16,13.925,38.05,0.365965834
08ISS4735_02,5.333333333,,
08ISS4735_03,6.723333333,,
08ISS4735_05,2,17,0.117647059
08ISS4735_06,7.2,16.01666667,0.449531738
08ISS4735_07,4.333333333,40,0.108333333
08ISS4735_08,3.666666667,50,0.073333333
08ISS4735_09,6.136666667,20.91666667,0.293386454
08ISS4735_10,5.833333333,9.666666667,0.603448276
08ISS4735_11,5.25,9.666666667,0.543103448
08ISS4735_12,4.975,11.925,0.417190776
08ISS4735_13,4.375,7.275,0.60137457
08ISS4735_14,5.6,9.525,0.587926509
08ISS4735_15,3.8,9.525,0.398950131
08ISS4735_15_R,4.475,8.175,0.547400612
08ISS4735_16,5.566666667,7.866666667,0.707627119
08ISS4742_14,18.16666667,30.16666667,0.602209945
08ISS4748_05,15.33333333,27.66666667,0.554216867
08ISS4748_06,13.33333333,29.41666667,0.45325779
08ISS4748_07,17.33333333,139.3333333,0.124401914
08ISS4748_08,9,15,0.6
08ISS4748_09,10.33333333,27.5,0.375757576
08ISS4748_10,10.16666667,17.33333333,0.586538462
08ISS4748_11,10.77666667,22.11,0.487411428
08ISS4748_12,11.775,22.25,0.529213483
08ISS4748_13,12.275,17.65,0.695467422
08ISS4748_14,15.83,23.58,0.671331637
08ISS4748_15,11.975,16.2,0.739197531
08ISS4748_16,10.9,14.83333333,0.734831461
08ISS4884_02,4.97,,
08ISS4884_03,6.333333333,,
08ISS4884_05,6,30.33333333,0.197802198
08ISS4884_06,8,22,0.363636364
08ISS4884_07,6,40,0.15
08ISS4884_08,3.5,18.66666667,0.1875
08ISS4884_09,6.283333333,19.78333333,0.317607414
08ISS4884_10,8.636666667,17.69333333,0.488131123
08ISS4884_11,6.666666667,13.75,0.484848485
08ISS4884_12,3.533333333,10.8,0.327160494
08ISS4884_13,3.225,8,0.403125
08ISS4884_14,5.665,8.4975,0.666666667
08ISS4884_16,5.25,13,0.403846154
08LAK2827_02,2.75,,
08LAK2827_05,3,7.666666667,0.391304348
08LAK2827_06,3.366666667,11.73333333,0.286931818
08LAK2827_07,3,13,0.230769231
08LAK2827_08,3.666666667,5.666666667,0.647058824
08LAK2827_09,4.233333333,4.4,0.962121212
08LAK2827_10,4.833333333,6.766666667,0.714285714
08LAK2827_11,3.833333333,4.5,0.851851852
08LAK2827_12,4.9,7.525,0.651162791
08LAK2827_13,3.826666667,5.543333333,0.690318701
08LAK2827_14,3.766666667,6.766666667,0.556650246
08LAK2827_15,4.55,6.3,0.722222222
08LAK2827_16,5.166666667,9.166666667,0.563636364
08LAK3121_02,5.71,,
08LAK3121_03,5.026666667,,
08LAK3121_05,6.333333333,17.66666667,0.358490566
08LAK3121_06,4.25,15.25,0.278688525
08LAK3121_07,3,62.5,0.048
08LAK3121_08,3.366666667,17.33333333,0.194230769
08LAK3121_09,4.166666667,7.466666667,0.558035714
08LAK3121_10,6.166666667,11.83333333,0.521126761
08LAK3121_11,7.633333333,12.33333333,0.618918919
08LAK3121_14,4.825,12.625,0.382178218
08LAK3121_15,6.875,12.45,0.552208835
08LAK3121_16,8.75,15.5,0.564516129
08LAK3540_02,3.833333333,,
08LAK3540_03,6.193333333,,
08LAK3540_05,4.5,11.33333333,0.397058824
08LAK3540_06,3.933333333,31.8,0.123689727
08LAK3540_07,5,23.33333333,0.214285714
08LAK3540_08,3.5,11.33333333,0.308823529
08LAK3540_09,4.833333333,13.56666667,0.356265356
08LAK3540_10,4.333333333,12.66666667,0.342105263
08LAK3540_11,3.166666667,25.66666667,0.123376623
08LAK3540_12,5.1,8.125,0.627692308
08LAK3540_13,6.145,9.15,0.671584699
08LAK3540_14,3.466666667,10.66666667,0.325
08LAK3540_15,4.425,9.675,0.457364341
08LAK3540_16,4.8375,8.675,0.557636888
08LAK3616_02,15,,
08LAK3616_03,7.666666667,,
08LAK3616_05,7.333333333,15.66666667,0.468085106
08LAK3616_06,4.666666667,35.66666667,0.130841121
08LAK3616_07,4.5,16,0.28125
08LAK3616_08,7.666666667,30,0.255555556
08LAK3616_10,4.833333333,11.13333333,0.434131737
08LAK3616_11,9.3,12.73333333,0.730366492
08LAK3616_13,6.025,12.175,0.49486653
08LAK3616_14,6.75,13.35,0.505617978
08LAK3616_16,6.8,15,0.453333333
08LAK3627_02,8,,
08LAK3627_03,7.776666667,,
08LAK3627_05,5,9,0.555555556
08LAK3627_06,9,15,0.6
08LAK3627_07,10,13,0.769230769
08LAK3627_08,7.333333333,10.16666667,0.721311475
08LAK3627_09,6.1,8.7,0.701149425
08LAK3627_10,8,9.4,0.85106383
08LAK3627_11,5.366666667,10.66666667,0.503125
08LAK3627_12,6.875,8.975,0.766016713
08LAK3627_13,5.75,11.33333333,0.507352941
08LAK3627_14,5.95,11.05,0.538461538
08LAK3627_15,8.175,12.4,0.659274194
08LAK3627_15_R,8.45,11.6,0.728448276
08LAK3627_16,6.203333333,8.316666667,0.745891784
08LAK3628_02,2.833333333,,
08LAK3628_05,3,8,0.375
08LAK3628_06,6,16,0.375
08LAK3628_07,2.25,10,0.225
08LAK3628_08,4.333333333,10.66666667,0.40625
08LAK3628_09,4.333333333,8.4,0.515873016
08LAK3628_10,4.333333333,6.833333333,0.634146341
08LAK3628_11,4.866666667,10.33333333,0.470967742
08LAK3628_12,4.9,9.475,0.517150396
08LAK3628_13,5.0625,7.8325,0.646345356
08LAK3628_14,3.525,9.3,0.379032258
08LAK3628_15,4,8.525,0.469208211
08LAK3628_16,4.5,8.833333333,0.509433962
08LAK3699_03,6.5,,
08LAK3699_05,6,21.33333333,0.28125
08LAK3699_06,3.366666667,16.88333333,0.1994077
08LAK3699_07,3.666666667,24,0.152777778
08LAK3699_08,6.5,18.33333333,0.354545455
08LAK3699_09,8.866666667,17.03333333,0.520547945
08LAK3699_10,6.166666667,16.83333333,0.366336634
08LAK3699_11,13.46666667,15.26666667,0.88209607
08LAK3699_14,4.833333333,14.7,0.328798186
08LAK3699_14_R,11.375,13.2475,0.858652576
08LAK3699_15,6.125,17.125,0.357664234
08LAK3699_16,10.35,15,0.69
08LAK3879_02,7,,
08LAK3879_03,11.66666667,,
08LAK3879_05,10,20,0.5
08LAK3879_06,5.5,21.33333333,0.2578125
08LAK3879_07,6,17.33333333,0.346153846
08LAK3879_08,11.83333333,28.33333333,0.417647059
08LAK3879_09,6.633333333,13.9,0.477218225
08LAK3879_10,8.1,11.73333333,0.690340909
08LAK3879_11,11.25,15,0.75
08LAK3879_12,9.95,14.19,0.701198027
08LAK3879_13,10.325,14.75,0.7
08LAK3879_14,7.6,13.875,0.547747748
08LAK3879_15,10.4375,17.1675,0.607980195
08LAK3879_16,8.9,18.3,0.486338798
08LAK3880_02,4.333333333,,
08LAK3880_03,4.496666667,,
08LAK3880_05,6.833333333,13,0.525641026
08LAK3880_06,5.516666667,12.51,0.440980549
08LAK3880_07,3,12,0.25
08LAK3880_08,4.666666667,9,0.518518519
08LAK3880_09,4.366666667,6.7,0.651741294
08LAK3880_10,4.5,7.166666667,0.627906977
08LAK3880_11,4.133333333,5.333333333,0.775
08LAK3880_12,3.466666667,7.4,0.468468468
08LAK3880_13,3.625,7,0.517857143
08LAK3880_14,5.5,9.5,0.578947368
08LAK3880_15,3.5,33.8,0.103550296
08LAK3880_16,3.666666667,5.566666667,0.658682635
08LIT2448_02,14.33333333,,
08LIT2488_05,14,24,0.583333333
08LIT2488_06,16.5,20.5,0.804878049
08LIT2488_07,15.33,16.58,0.924607961
08LIT2488_08,14.3,20,0.715
08LIT2488_09,14.61,17.5,0.834857143
08LIT2488_10,15.83,18.72333333,0.845469112
08LIT2488_11,15.36666667,17.83333333,0.861682243
08LIT2488_14,13.02333333,19.02666667,0.684477926
08LIT2585_02,11.14,,
08LIT2585_03,15.08333333,,
08LIT2585_05,10,15.33333333,0.652173913
08LIT2585_06,13.325,23.75,0.561052632
08LIT2585_07,10.22233333,20.77766667,0.491986588
08LIT2585_08,21.11,29.25,0.721709402
08LIT2585_09,13.41666667,20.5,0.654471545
08LIT2585_10,24.72,36.25,0.681931034
08LIT2585_11,12.66666667,21.66666667,0.584615385
08LIT2585_12,14.8,22.975,0.644178455
08LIT2585_13,18.5425,16.98,1.092020024
08LIT2585_14,14.25,23.125,0.616216216
08LIT2585_15,15.225,29,0.525
08LIT2585_15_R,16.8525,29.7925,0.565662499
08LIT2585_16,15.43333333,24.96666667,0.618157543
08LIT2602_02,6.666666667,,
08LIT2602_03,6.363333333,,
08LIT2602_05,9.75,15,0.65
08LIT2602_06,10.25,12.21666667,0.839017735
08LIT2602_07,16,18,0.888888889
08LIT2602_08,10.33333333,15.66666667,0.659574468
08LIT2602_09,9.273333333,11.58,0.800805987
08LIT2602_10,13.86666667,18.5,0.74954955
08LIT2602_11,6.75,14.38666667,0.46918443
08LIT2602_14,11.68666667,17.76666667,0.657786116
08LIT2602_15,10.225,16.55,0.617824773
08LIT2602_16_R,10.36666667,11.46666667,0.904069767
08LIT2603_02,4.916666667,,
08LIT2603_03,6.53,,
08LIT2603_05,9.333333333,18.66666667,0.5
08LIT2603_06,8.25,8.25,1
08LIT2603_07,10.1215,10.0835,1.003768533
08LIT2603_08,9.283333333,11.6,0.800287356
08LIT2603_09,8,10,0.8
08LIT2603_10,7,7.5,0.933333333
08LIT2603_11,8.875,8.5,1.044117647
08LIT2603_12,44.05,11.55,3.813852814
08LIT2603_13,8.875,17.665,0.502405887
08LIT2603_14,11.25,17.25,0.652173913
08LIT2603_15,8.466666667,8.166666667,1.036734694
08LIT2603_16,7.5,10.25,0.731707317
08LIT2682_02,14.5,,
08LIT2682_03,15,,
08LIT2682_05,12.25,18.66666667,0.65625
08LIT2682_06,9.1,14,0.65
08LIT2682_07,14.75,16.25,0.907692308
08LIT2682_08,13.83333333,29,0.477011494
08LIT2682_09,16.83,20.41666667,0.824326531
08LIT2682_10,16.33,30.94333333,0.527738878
08LIT2682_11,12.56666667,19.4,0.647766323
08LIT2682_12,17.65,32.3,0.546439628
08LIT2682_13,18.95,30,0.631666667
08LIT2682_14,20.975,28.825,0.727666956
08LIT2682_15,20.125,29.1,0.691580756
08LIT2682_16,15.75,27.25,0.577981651
08LIT2685_02,17.65,,
08LIT2685_03,22.80333333,,
08LIT2685_05,17.58333333,21,0.837301587
08LIT2685_06,20.46,23,0.889565217
08LIT2685_07,16.75,21.915,0.764316678
08LIT2685_08,21,24.16666667,0.868965517
08LIT2685_09,20.75,21,0.988095238
08LIT2685_10,14.95,22.5,0.664444444
08LIT2685_11,12.53333333,21.83333333,0.574045802
08LIT2685_12,16.25,19.66666667,0.826271186
08LIT2685_13,20.8,24.7,0.842105263
08LIT2685_14,14.5,18.575,0.780619112
08LIT2685_15,16.5,17.66666667,0.933962264
08LIT2685_16,18,21.83333333,0.824427481
08LIT2692_02,16.5,,
08LIT2692_03,19.72,,
08LIT2692_05,19.16666667,20.33333333,0.942622951
08LIT2692_06,24.92,24.92,1
08LIT2692_07,15.33,23.883,0.641879161
08LIT2692_08,17.61,21.19333333,0.830921673
08LIT2692_09,13.41666667,15.66666667,0.856382979
08LIT2692_10,16.33333333,23.83333333,0.685314685
08LIT2692_11,12.99666667,26.33333333,0.493544304
08LIT2692_12,17.95,23.725,0.75658588
08LIT2692_14,14.5,22.625,0.640883978
08LIT2692_15,15,18.5,0.810810811
08LIT2692_16,15.2475,18.15,0.840082645
08LIT2781_02,10.11,,
08LIT2781_03,13.69333333,,
08LIT2781_05,15.16666667,22,0.689393939
08LIT2781_06,18.58,20.44333333,0.908853742
08LIT2781_08,16.33333333,19.25,0.848484848
08LIT2781_09,17.06666667,24.26666667,0.703296703
08LIT2781_10,14.16666667,22.5,0.62962963
08LIT2781_11,18.13333333,21.6,0.839506173
08LIT2781_12,15.625,19.025,0.821287779
08LIT2781_13,13.875,23.855,0.581639069
08LIT2781_14,15.4775,22.3325,0.693048248
08LIT2781_15,17.4,19.3,0.901554404
08LIT2781_16,14.5,23.25,0.623655914
08LIT2876_03,4.306666667,,
08LIT2876_07,10.83,61.97,0.174761982
08LIT2876_08,5.723333333,9.14,0.626185266
08NOR0001_02,4.25,,
08NOR0001_03,4.92,,
08NOR1100_02,4.5,,
08NOR1100_03,6.92,,
08NOR1362_03,22.80666667,,
08NOR1362_05,17.33333333,25.66666667,0.675324675
08NOR1362_06,17.5,25,0.7
08NOR1362_07,13.66666667,25.66666667,0.532467532
08NOR1362_08,23.66666667,24.66666667,0.959459459
08NOR1362_10,17,19,0.894736842
08NOR1362_11,20.19333333,30.80666667,0.655485826
08NOR1362_12,21.475,28.85,0.744367418
08NOR1362_13,22.16666667,27.5,0.806060606
08NOR1362_14,18.575,27.5625,0.673922902
08NOR1362_15,20.54,34.27,0.599358039
08NOR1362_16_R,24.96666667,30.2,0.826710817
08NOR1370_02,14,,
08NOR1370_03,18.47,,
08NOR1370_05,20.33333333,27,0.75308642
08NOR1370_06,17.5,25,0.7
08NOR1370_07,17,20,0.85
08NOR1370_08,28,32.33333333,0.865979381
08NOR1370_09,26.33333333,39,0.675213675
08NOR1370_10,15.66666667,30.33333333,0.516483516
08NOR1370_11,26.83333333,39.72333333,0.67550558
08NOR1370_12,24.5,35.2,0.696022727
08NOR1370_13,23.75,30.9175,0.768173365
08NOR1370_14,23.45,36.475,0.6429061
08NOR1370_15,17.25,44.75,0.38547486
08NOR1370_16,23,27.6,0.833333333
08NOR1750_03,9.28,,
08NOR1750_05,11,19.66666667,0.559322034
08NOR1750_06,10.65,25.58333333,0.416286645
08NOR1750_07,9,15.33333333,0.586956522
08NOR1750_08,13.33333333,24.33333333,0.547945205
08NOR1750_09,14.61,26.11,0.559555726
08NOR1750_10,10.16666667,15.5,0.655913978
08NOR1750_11,20,21.94333333,0.911438554
08NOR1750_13,16.575,22.7,0.730176211
08NOR1750_14,13.645,23.0825,0.591140474
08NOR1750_15,10.325,24.2,0.426652893
08NOR1750_16,13.725,20.775,0.660649819
08NOR1756_07,3.833333333,15.83333333,0.242105263
08NOR1756_08,5.666666667,14,0.404761905
08NOR1756_09,17.52666667,30.16666667,0.580994475
08NOR1756_10,9.6,19.26666667,0.498269896
08NOR1756_11,6.415,10,0.6415
08NOR1756_12,15.975,27.025,0.591119334
08NOR1756_13,10.25,30.79,0.332900292
08NOR1756_14,12.4375,32.75,0.379770992
08NOR1756_15,10.175,18.15,0.560606061
08NOR1756_15_R,12.675,16.975,0.746686303
08NOR1756_16,16,24.625,0.649746193
08NOR2028_02,5.556666667,,
08NOR2028_03,4.196666667,,
08NOR2028_05,4.166666667,5.666666667,0.735294118
08NOR2028_08,3,4.333333333,0.692307692
08NOR2115_02,4,,
08NOR2115_03,4.723333333,,
08NOR2115_05,4.333333333,17.66666667,0.245283019
08NOR2115_06,4.666666667,11,0.424242424
08NOR2115_07,7.5,16,0.46875
08NOR2115_08,5.833333333,10,0.583333333
08NOR2115_09,21,31,0.677419355
08NOR2115_10,5.666666667,24.66666667,0.22972973
08NOR2115_11,14.33333333,22.33333333,0.641791045
08NOR2115_12,21.76666667,33.96666667,0.640824338
08NOR2115_13,26.125,30.25,0.863636364
08NOR2115_14,23.625,27.75,0.851351351
08NOR2115_15_R,21,34,0.617647059
08NOR2115_16_R,26.5,37,0.716216216
08NOR2306_03,21.06666667,,
08NOR2306_05,19.33333333,24,0.805555556
08NOR2306_06,22.33333333,28.33333333,0.788235294
08NOR2306_08,21,32.33333333,0.649484536
08NOR2306_09,29.66666667,40.33333333,0.73553719
08NOR2306_10,19.33333333,23.33333333,0.828571429
08NOR2306_12,23.86666667,35.33333333,0.675471698
08NOR2306_13,22.25,36.25,0.613793103
08NOR2306_14,22.56666667,29,0.77816092
08NOR2306_15,25.5,27,0.944444444
08NOR2306_16,18.375,57.5,0.319565217
08SAM0000_02,4,,
08SAM0000_03,6.306666667,,
08SAM0000_05,5.75,7.5,0.766666667
08SAM0000_06,6.86,10.30333333,0.665803947
08SAM0000_07,5.109,9.803333333,0.521149269
08SAM0000_08,7.923333333,8.8,0.900378788
08SAM0000_09,4.75,10.58333333,0.448818898
08SAM0000_10,5.666666667,10.06666667,0.562913907
08SAM0000_11,4.166666667,10,0.416666667
08SAM0000_14,9.2,12.075,0.761904762
08SAM0000_15,5.1,11.525,0.442516269
08SAM0000_16,6.225,10.725,0.58041958
08SAM1914_02,5.08,,
08SAM1914_05,3.833333333,8.666666667,0.442307692
08SAM1914_06,4.166666667,8.333333333,0.5
08SAM1914_07,4,8,0.5
08SAM1914_08,5.266666667,8.6,0.612403101
08SAM1914_09,3.625,12.125,0.298969072
08SAM1914_10,4.75,16.61,0.285972306
08SAM1914_11,2.833333333,6.166666667,0.459459459
08SAM1914_12,4.266666667,14.46666667,0.294930876
08SAM1914_13,4.175,10.75,0.388372093
08SAM1914_14,5.525,13.175,0.419354839
08SAM1914_15,5.65,9.925,0.569269521
08SAM1914_15_R,5.325,7.675,0.693811075
08SAM1914_16,5.625,9.125,0.616438356
08SAM2674_02,2.335,,
08SAM2674_03,1.753333333,,
08SAM2674_05,2,8,0.25
08SAM2674_06,1.835,2.54,0.722440945
08SAM2674_07,46.16666667,2.566666667,17.98701299
08SAM2674_08,2.5,6.5,0.384615385
08SAM2674_09,2.5,12.5,0.2
08SAM2674_10,3.8,7,0.542857143
08SAM2674_11,1.66,1.66,1
08SAM2674_12,3.75,16.125,0.23255814
08SAM2674_13,3.5,5.433333333,0.644171779
08SAM2674_14,3.25,9.5,0.342105263
08SAM2674_15,3,14,0.214285714
08SAM2674_16,3,4,0.75
08SAM2855_02,5.11,,
08SAM2855_05,6.916666667,14.33333333,0.48255814
08SAM2855_06,3.96,7.415,0.534052596
08SAM2855_07,6.749,13,0.519153846
08SAM2855_08,10.22333333,13.94666667,0.733030593
08SAM2855_09,3.916666667,10.06666667,0.389072848
08SAM2855_10,7.21,11.46666667,0.62877907
08SAM2855_11,5.433333333,9.166666667,0.592727273
08SAM2855_13,7.6,18.56666667,0.409335727
08SAM2855_14,9.7,16.125,0.601550388
08SAM2855_15,4.475,14.325,0.312390925
08SAM2855_16,4.625,10.75,0.430232558
08SAM2862_02,2.443333333,,
08SAM2862_03,5,,
08SAM2862_05,5,15.66666667,0.319148936
08SAM2862_06,3.316666667,15,0.221111111
08SAM2862_07,2.5,20.33333333,0.12295082
08SAM2862_08,2,15.66666667,0.127659574
08SAM2862_09,4.033333333,8.25,0.488888889
08SAM2862_10,6.5,13.16666667,0.493670886
08SAM2862_11,7.026666667,23.58333333,0.29795053
08SAM2862_12,7.166666667,16.56666667,0.432595573
08SAM2862_13,5.9,9.975,0.591478697
08SAM2862_14,6.2925,14.05,0.447864769
08SAM2862_15,4.225,11.7,0.361111111
08SAM2862_16,3.55,32.15,0.110419907
08SAM2865_02,5.17,,
08SAM2865_03,5.25,,
08SAM2865_05,5.833333333,7,0.833333333
08SAM2865_06,5.566666667,8.933333333,0.623134328
08SAM2865_07,5.5,10,0.55
08SAM2865_08,5.833333333,9.5,0.614035088
08SAM2865_09,3.2,4.583333333,0.698181818
08SAM2865_10,2.01,3.553333333,0.565666041
08SAM2865_11,6,6,1
08SAM2865_12,7.3,9.4,0.776595745
08SAM2865_13,6.433333333,11.4,0.564327485
08SAM2865_14,4.75,12,0.395833333
08SAM2865_15,6.8,8,0.85
08SAM2865_15_R,8,9,0.888888889
08SAM2865_16,8.58,10.25,0.837073171
08SAM2946_02,7.465,,
08SAM2946_03,8.33,,
08SAM2946_05,9,34,0.264705882
08SAM2946_06,7.67,21.5,0.356744186
08SAM2946_07,9.08,14.25,0.637192982
08SAM2946_08,4.85,15,0.323333333
08SAM2946_09,8,10,0.8
08SAM2946_10,8,14,0.571428571
08SAM2951_02,4.5,,
08SAM2951_03,4.366666667,,
08SAM2951_06,5.033333333,10.23333333,0.491856678
08SAM2951_07,6.166666667,10.05333333,0.613395225
08SAM3045_02,2.5,,
08SAM3045_03,4.61,,
08SAM3045_06,3.75,4.75,0.789473684
08SAM3045_07,3.996666667,7.773333333,0.514150943
08SAM3045_08,2.58,4.246666667,0.607535322
08SAM3045_09,3.333333333,5.833333333,0.571428571
08SAM3045_10,4.5,11.33333333,0.397058824
08SAM3045_11,5.333333333,6,0.888888889
08SAM3045_12,3.95,8.95,0.441340782
08SAM3045_13,4.5,9.75,0.461538462
08SAM3045_14,4.9,10.2,0.480392157
08SAM3045_15,3.475,11.625,0.298924731
08SAM3045_16,6,20,0.3
08SAM3047_02,3.556666667,,
08SAM3047_03,4.526666667,,
08SAM3047_06,6.9,8.166666667,0.844897959
08SAM3047_07,4.216666667,10.13666667,0.415981585
08SAM3047_08,5.433333333,9.933333333,0.546979866
08SAM3047_09,2.916666667,12.15666667,0.239923225
08SAM3047_10,2.9,10.33333333,0.280645161
08SAM3047_11,4.433333333,9.166666667,0.483636364
08SAM3047_12,4.25,11.95,0.355648536
08SAM3047_13,4.825,14.0825,0.342623824
08SAM3047_14,6.066666667,12.06666667,0.502762431
08SAM3047_15,5.825,11.2,0.520089286
08SAM3047_16,6.325,8.2675,0.765043846
08WES0622_02,3.625,,
08WES0622_03,1.943333333,,
08WES0622_05,4,10,0.4
08WES0622_06,4.5,14,0.321428571
08WES0622_07,2.5,10,0.25
08WES0622_08,4.333333333,11,0.393939394
08WES0622_09,11,8,1.375
08WES0622_10,3.266666667,7.233333333,0.451612903
08WES0622_11,2.886666667,8.583333333,0.33631068
08WES0622_12,3.166666667,10.5,0.301587302
08WES0622_13,3.915,7.3125,0.535384615
08WES0622_14,7.875,19.225,0.409622887
08WES0622_15,2.825,7.075,0.399293286
08WES0622_16,3.7,6.7,0.552238806
08WES0629_02,4.5,,
08WES0629_03,9.5,,
08WES0629_05,6.666666667,13.66666667,0.487804878
08WES0629_06,7.516666667,20.33333333,0.369672131
08WES0629_07,7.666666667,18,0.425925926
08WES0629_08,12.66666667,21,0.603174603
08WES0629_09,11,21.83333333,0.503816794
08WES0629_10,13.06666667,22.16666667,0.589473684
08WES0629_11,13,17.33333333,0.75
08WES0629_12,13,21.05,0.617577197
08WES0629_13,14.125,20.375,0.693251534
08WES0629_14,9.95,24.4,0.407786885
08WES0629_15,13.06666667,20.1,0.650082919
08WES0629_16,11.66666667,22.83333333,0.510948905
08WES0903_02,16,,
08WES0903_03,12.27666667,,
08WES0903_05,14.83333333,21.66666667,0.684615385
08WES0903_06,14.86666667,18.48333333,0.804328224
08WES0903_07,15,22.33333333,0.671641791
08WES0903_08,10.33333333,16.33333333,0.632653061
08WES0903_09,13.73333333,22.1,0.621417798
08WES0903_10,13.03333333,19.16666667,0.68
08WES0903_11,12.86,15.19333333,0.84642387
08WES0903_12,13.5,17.475,0.772532189
08WES0903_13,13.895,16.855,0.824384456
08WES0903_14,16.2275,21.2075,0.765177414
08WES0903_15,14.45,17.65,0.818696884
08WES0903_16,18.33333333,21.73333333,0.843558282
08WES0905_02,9.5,,
08WES0905_03,5.526666667,,
08WES0905_05,5.333333333,12,0.444444444
08WES0905_06,8.333333333,22.48333333,0.370644922
08WES0905_07,6,13.66666667,0.43902439
08WES0905_08,7.166666667,12.16666667,0.589041096
08WES0905_09,8.75,11.66666667,0.75
08WES0905_10,11.6,14.86666667,0.780269058
08WES0905_11,11.36,19.36,0.58677686
08WES0905_12,40.075,16.1,2.489130435
08WES0905_13,10.7,16.33,0.655235762
08WES0905_14,11.075,17.25,0.642028986
08WES0905_15,13.6,16.325,0.833078101
08WES0905_15_R,13.775,16.3,0.845092025
08WES0905_16,9.566666667,16.76666667,0.570576541
08WES1036_02,3.625,,
08WES1036_03,4.666666667,,
08WES1036_05,7.666666667,9,0.851851852
08WES1036_06,6.75,16.25,0.415384615
08WES1036_07,8,12,0.666666667
08WES1036_08,6.5,12.16666667,0.534246575
08WES1036_09,5.333333333,8.666666667,0.615384615
08WES1036_10,6,15,0.4
08WES1036_11,7.356666667,9.166666667,0.802545455
08WES1037_02,7.6,,
08WES1037_03,6.36,,
08WES1037_05,3.333333333,11.33333333,0.294117647
08WES1037_06,4.916666667,16.53333333,0.297379032
08WES1037_07,4,13,0.307692308
08WES1037_08,5.166666667,11.66666667,0.442857143
08WES1037_09,4.5,9.666666667,0.465517241
08WES1037_10,4,13.33333333,0.3
08WES1037_11,3.526666667,7.833333333,0.450212766
08WES1037_12,5.6,13,0.430769231
08WES1037_13,6.676666667,14.06666667,0.47464455
08WES1037_14,5.303333333,10.05666667,0.527345045
08WES1037_15,4.675,7.175,0.651567944
08WES1037_16,5.275,10.35,0.509661836
08WES1178_02,3.72,,
08WES1178_03,3.556666667,,
08WES1178_05,6.333333333,11,0.575757576
08WES1178_06,3.233333333,10.35,0.312399356
08WES1178_07,6,13.66666667,0.43902439
08WES1178_08,4.833333333,13.33333333,0.3625
08WES1178_09,4.333333333,9,0.481481481
08WES1178_10,6.233333333,10.2,0.611111111
08WES1178_11,6.83,12.44333333,0.548888294
08WES1178_12,6.575,11.95,0.550209205
08WES1178_13,7.556666667,11.33333333,0.666764706
08WES1178_14,4.625,12.085,0.382705834
08WES1178_15,10.9175,13.3975,0.814890838
08WES1178_16,8.05,9.5,0.847368421
08WES1340_03,11.19666667,,
08WES1340_05,3.333333333,15.66666667,0.212765957
08WES1340_06,7.083333333,24.31666667,0.291295408
08WES1340_07,5.666666667,15.66666667,0.361702128
08WES1340_08,5.333333333,25,0.213333333
08WES1340_09,7.333333333,20,0.366666667
08WES1340_10,11.66666667,21.33333333,0.546875
08WES1340_11,11.77666667,16.55666667,0.711294544
08WES1340_14,7.52,26.7075,0.281568848
08WES1340_15,5.775,17.075,0.338213763
08WES1340_16,8.075,24.1,0.335062241
08WES1490_02,1.21,,
08WES1490_03,4.36,,
08WES1490_05,3,5.666666667,0.529411765
08WES1490_06,4.25,6.75,0.62962963
08WES1490_08,11.5,8.666666667,1.326923077
08WES1490_09,3,5,0.6
08WES1490_10,4.666666667,8.666666667,0.538461538
08WES1490_11,3.53,5.64,0.625886525
08WES1490_13,3.4375,6.875,0.5
08WES1490_14,3.875,8.875,0.436619718
08WES1490_15,3.25,6.75,0.481481481
08WES1579_02,4.833333333,,
08WES1579_03,4.11,,
08WES1579_05,3.5,10,0.35
08WES1579_06,4.866666667,14.96666667,0.325167038
08WES1579_07,5.833333333,29,0.201149425
08WES1579_08,2.833333333,15.66666667,0.180851064
08WES1579_09,3,11,0.272727273
08WES1579_10,6,17.33333333,0.346153846
08WES1579_11,4.08,10.16666667,0.401311475
08WES1579_12,3.375,7.875,0.428571429
08WES1579_13,3.7,14.325,0.258289703
08WES1579_14,5.79,16.8125,0.344386617
08WES1579_15,3.75,9.4,0.39893617
08WES1579_16,3.775,6.525,0.578544061
09BLA0675_02,7.389,,
09BLA0675_03,6.89,,
09BLA0675_05,10.16666667,23.66666667,0.429577465
09BLA0675_06,7.626666667,22.48666667,0.339163949
09BLA0675_07,8.306666667,30.83333333,0.269405405
09BLA0675_08,10.27566667,25.52666667,0.402546357
09BLA0675_09,14.91666667,28.23333333,0.528335301
09BLA0675_10,7.366666667,19.98333333,0.368640534
09BLA0675_11,14.41666667,19.83333333,0.726890756
09BLA0675_12,7.325,26.15,0.280114723
09BLA0675_13,14.45,27.865,0.518571685
09BLA0675_14,18.8,31.375,0.599203187
09BLA0675_15,11.125,28.875,0.385281385
09BLA0675_16,8.4,14.5,0.579310345
09BLA0716_02,7.944666667,,
09BLA0716_03,5.053333333,,
09BLA0716_05,5.666666667,12.33333333,0.459459459
09BLA0716_06,6.8,9.266666667,0.73381295
09BLA0716_07,6.193333333,11.74666667,0.527241771
09BLA0716_08,6.693333333,10,0.669333333
09BLA0716_09,8.416666667,10.78,0.780766852
09BLA0716_10,8.833333333,17.16666667,0.514563107
09BLA0716_11,8.473333333,9.553333333,0.886950454
09BLA0716_12,6.825,10.775,0.633410673
09BLA0716_13,8.0625,12.6825,0.63571851
09BLA0716_14,9.6,12.375,0.775757576
09BLA0716_15,7.825,10.45,0.748803828
09BLA0716_16,8.15,10.95,0.744292237
09BLA0722_02,3.527666667,,
09BLA0722_03,7.166666667,,
09BLA0722_05,5,14,0.357142857
09BLA0722_06,3,15.22,0.197109067
09BLA0722_07,5,23.75,0.210526316
09BLA0722_08,7.333333333,18.52666667,0.395825837
09BLA0722_09,11.19333333,20.05666667,0.558085425
09BLA0722_10,6.3,14,0.45
09BLA0722_11,4.766666667,14.76666667,0.322799097
09BLA0722_12,7.45,14.375,0.51826087
09BLA0722_13,6.725,12.79,0.525801407
09BLA0722_14,5.425,22.875,0.23715847
09BLA0722_15,5.685,16.87,0.336988737
09BLA0722_16,5.625,14.95,0.376254181
09BLA0756_02,3.083333333,,
09BLA0756_03,5.89,,
09BLA0756_05,3.8,21.33333333,0.178125
09BLA0756_06,7.9,23.63333333,0.334273625
09BLA0756_07,4.5,24.91666667,0.180602007
09BLA0756_08,4.055533333,22,0.184342424
09BLA0756_09,14.08333333,27.77666667,0.507020281
09BLA0756_10,4.666666667,17.66666667,0.264150943
09BLA0756_11,7.47,16.47333333,0.453460138
09BLA0756_12,5.125,20.9,0.245215311
09BLA0756_13,12.96666667,30.16666667,0.429834254
09BLA0756_14,11.575,24.95,0.463927856
09BLA0756_15,7.675,27.925,0.27484333
09BLA0756_16,3.175,28.45,0.111599297
09BLA0768_02,7.083333333,,
09BLA0768_03,7.666666667,,
09BLA0768_05,5,14,0.357142857
09BLA0768_06,7.11,12.94333333,0.549317538
09BLA0768_07,11.24666667,17.44333333,0.644754443
09BLA0768_08,6.25,26.72333333,0.233878009
09BLA0768_09,6.433333333,25.33333333,0.253947368
09BLA0768_10,8.933333333,14.06666667,0.63507109
09BLA0768_11,8.066666667,10.93333333,0.737804878
09BLA0768_12,7.7,8.766666667,0.878326996
09BLA0768_13,8.005,13.25,0.604150943
09BLA0768_14,8.9,12.3,0.723577236
09BLA0768_15,11.5,8.9,1.292134831
09BLA0768_16,13,16,0.8125
09BLA0771_02,2.804333333,,
09BLA0771_05,2.583333333,8,0.322916667
09BLA0771_06,4.246666667,10.05666667,0.422273782
09BLA0771_07,3.447666667,9,0.383074074
09BLA0771_08,3.166666667,6.526666667,0.485188968
09BLA0771_09,3.553333333,8.443333333,0.420844848
09BLA0771_10,3.1,8.566666667,0.361867704
09BLA0771_11,3.666666667,14.46666667,0.253456221
09BLA0771_12,4.8,17.85,0.268907563
09BLA0771_13,3.9375,12.1875,0.323076923
09BLA0771_14,5.3525,10.865,0.492636908
09BLA0771_15,4.95,9.5,0.521052632
09BLA0771_16,3.325,11.025,0.301587302
09BLA0772_02,4.5,,
09BLA0772_03,3.5,,
09BLA0772_05,5.333333333,9.666666667,0.551724138
09BLA0772_06,7.75,15,0.516666667
09BLA0772_07,6.5,11.16666667,0.582089552
09BLA0772_08,7.366666667,14.06666667,0.523696682
09BLA0772_09,5.753333333,10.97,0.52446065
09BLA0772_10,4.366666667,10.53333333,0.414556962
09BLA0772_11,5,8.833333333,0.566037736
09BLA0772_12,6.5,10.975,0.592255125
09BLA0772_13,4.47,13.86,0.322510823
09BLA0772_14,5.225,19,0.275
09BLA0772_15,4.65,11.375,0.408791209
09BLA0772_16,6.5,10.75,0.604651163
09BLA0813_02,3.666666667,,
09BLA0813_06,3.625,8.625,0.420289855
09BLA0813_07,2.833333333,7.083333333,0.4
09BLA0813_08,1.916666667,8.473333333,0.226199843
09BLA0813_10,2.466666667,7.9,0.312236287
09BLA0813_11,2.866666667,8.266666667,0.346774194
09BLA0817_02,3.333333333,,
09BLA0817_03,6.39,,
09BLA0817_05,3.95,35.33333333,0.111792453
09BLA0817_06,6.333333333,9.36,0.676638177
09BLA0817_07,4.694333333,6.612333333,0.709935978
09BLA0817_08,3.833333333,7.833333333,0.489361702
09BLA0817_09,5.093333333,10.97,0.464296566
09BLA0817_10,4.566666667,11.1,0.411411411
09BLA0817_11,2.36,10.05333333,0.234748011
09BLA0817_12,5.25,19.9,0.263819095
09BLA0817_13,4.86,9.223333333,0.526924467
09BLA0817_14,4.9675,13.1,0.379198473
09BLA0817_15,5.125,27,0.189814815
09BLA0817_16,4.975,8.675,0.573487032
09COV1165_02,25.66666667,,
09COV1165_03,26.5,,
09COV1165_05,28.33333333,38.66666667,0.732758621
09COV1165_06,27.33333333,31.16666667,0.877005348
09COV1165_07,20,29,0.689655172
09COV1165_08,23.75,32.08333333,0.74025974
09COV1165_09,14.53333333,21.93333333,0.662613982
09COV1165_10,15.8,22.66666667,0.697058824
09COV1165_11,17.39333333,24.22,0.718139279
09COV1165_12,21.05,28.625,0.735371179
09COV1165_13,22.5,35.80666667,0.628374604
09COV1165_14,22.875,37.95,0.602766798
09COV1165_15,29,21.925,1.322690992
09COV1165_16,22.25,29.75,0.74789916
09COV1418_02,13.47233333,,
09COV1418_05,23.83333333,31,0.768817204
09COV1418_06,9,34.5,0.260869565
09COV1418_07,26.415,39.25,0.672993631
09COV1418_08,24.81666667,32.6,0.761247444
09COV1418_09,11.66666667,22,0.53030303
09COV1418_10,16.66666667,22.66666667,0.735294118
09COV1418_11,14.9,22.93333333,0.649709302
09COV1418_12,20.425,29.05,0.703098107
09COV1418_13,25.1225,35.915,0.699498817
09COV1418_14,24.5825,33.375,0.736554307
09COV1418_15,12.6,23.96666667,0.525730181
09COV1418_15_R,12.91666667,23.2,0.556752874
09COV1418_16,12.33333333,29.33333333,0.420454545
09COV1753_02,13,,
09COV1756_03,25.67,,
09COV1756_05,28,50,0.56
09COV1756_06,38.30666667,40.75666667,0.939887135
09COV1756_07,39.66666667,42.11133333,0.941947536
09COV1756_08,39.16666667,41.25,0.949494949
09COV1756_09,11.03333333,35.93333333,0.307050093
09COV1756_10,34.5,38.16666667,0.903930131
09COV1756_11,37.91666667,48,0.789930556
09COV1756_12,36.75,39,0.942307692
09COV1756_13,33.25,41.125,0.808510638
09COV1756_14,39.375,50.05,0.786713287
09COV1756_15,33.425,41.975,0.796307326
09COV1756_16,35,40.16666667,0.871369295
09COV1798_02,6,,
09COV1798_05,12,50,0.24
09COV1798_06,19,60,0.316666667
09COV1798_07,15.33,24,0.63875
09COV1798_08,12,31,0.387096774
09COV1798_09,11.83333333,32.6,0.362985685
09COV1798_10,10.15,18.4,0.551630435
09COV1798_11,8.5,17.35,0.489913545
09COV1798_12,12.5,15,0.833333333
09COV1862_02,2.666666667,,
09COV1862_05,5.666666667,16,0.354166667
09COV1862_06,4.415,14.96,0.295120321
09COV1862_07,8.75,14.5,0.603448276
09COV1862_08,3.666666667,12.5,0.293333333
09COV1862_09,3.633333333,10.23333333,0.35504886
09COV1862_10,5.366666667,12,0.447222222
09COV1862_11,7.466666667,8.233333333,0.906882591
09COV1862_13,5,16,0.3125
09COV1862_14,4.375,12.4525,0.351335073
09COV1862_15,4.5625,21.7575,0.209697805
09COV1862_16,5.125,15.4575,0.331554262
09COV1864_02,4.166666667,,
09COV1864_07,3.25,8,0.40625
09COV1864_08,4.376666667,8.983333333,0.487198516
09COV1864_09,3.1,8.8,0.352272727
09COV1864_10,6.5,9.666666667,0.672413793
09COV1864_11,2.166666667,7.466666667,0.290178571
09COV1864_12,5.86,16.31666667,0.359141982
09COV1864_13,4.55,15.4,0.295454545
09COV1864_14,4.6675,14.855,0.314203972
09DEE2163_02,8.666666667,,
09DEE2163_03,8.833333333,,
09DEE2163_05,10.5,14,0.75
09DEE2163_06,11.125,14.3,0.777972028
09DEE2163_07,11.9165,13.5,0.882703704
09DEE2163_08,13.83333333,17.1,0.808966862
09DEE2163_09,6.433333333,14.5,0.443678161
09DEE2163_10,9,14.16666667,0.635294118
09DEE2163_11,8.833333333,14.52666667,0.6080771
09DEE2163_12,8.875,17.05,0.520527859
09DEE2163_13,6.375,15.375,0.414634146
09DEE2163_14,6.3125,17.4375,0.362007168
09DEE2163_15,5.625,17.875,0.314685315
09DEE2163_16,9,15.5,0.580645161
09DEE2208_02,22.5,,
09DEE2208_03,19.02666667,,
09DEE2208_05,19,29.66666667,0.640449438
09DEE2208_06,17.615,28.425,0.619700967
09DEE2208_07,25.94333333,43.16666667,0.601003861
09DEE2208_08,22.73333333,36.16666667,0.628571429
09DEE2208_09,22.16666667,30.5,0.726775956
09DEE2208_10,24.66666667,41.33333333,0.596774194
09DEE2208_11,18.39,27.52666667,0.668079438
09DEE2208_12,22.325,34.5,0.647101449
09DEE2208_13,20.75,37.6,0.551861702
09DEE2208_14,18.6175,36.27,0.513303005
09DEE2208_15,18.25,43.6,0.418577982
09DEE2208_16,19.3,35.2,0.548295455
09DEE2211_02,9,,
09DEE2211_05,7.416666667,9,0.824074074
09DEE2211_06,7.4,9.1,0.813186813
09DEE2211_07,9.25,10.66,0.867729831
09DEE2211_08,9.823333333,13.05666667,0.752361501
09DEE2211_09,9.583333333,11,0.871212121
09DEE2211_10,8.333333333,10,0.833333333
09DEE2211_12,7.633333333,10.93333333,0.698170732
09DEE2211_13,8.6,12.35,0.696356275
09DEE2211_14,9.25,13.995,0.660950339
09DEE2211_16_R,6.7,12.3,0.544715447
09DEE2266_02,9,,
09DEE2266_03,9.166666667,,
09DEE2266_05,9.5,12.66666667,0.75
09DEE2294_02,20.33333333,,
09DEE2294_03,15.97,,
09DEE2294_05,19.5,28.5,0.684210526
09DEE2294_06,15.95,28.48333333,0.559976594
09DEE2294_07,20.889,28.75,0.726573913
09DEE2294_08,16.66666667,27.16666667,0.613496933
09DEE2294_09,13.72333333,33.94333333,0.404301286
09DEE2294_10,14.35,28.83333333,0.497687861
09DEE2294_11,17.36333333,31.80666667,0.545902327
09DEE2294_12,12.25,28.075,0.436331256
09DEE2294_13,14.2375,29.95,0.475375626
09DEE2294_14,15.2475,33.705,0.452380952
09DEE2294_15,14.9,25.825,0.57696031
09DEE2294_16,11.66666667,24.16666667,0.482758621
09DUW0024_02,2.11,,
09DUW0024_07,2.676666667,5.11,0.523809524
09DUW0091_02,4.972333333,,
09DUW0091_03,5.973333333,,
09DUW0091_06,5.333333333,10.25,0.520325203
09DUW0091_07,3.92,8.636666667,0.453878811
09DUW0091_08,3.35,6.6,0.507575758
09DUW0091_09,5.083333333,6.166666667,0.824324324
09DUW0091_10,5.666666667,12,0.472222222
09DUW0091_11,5.416666667,8.033333333,0.674273859
09DUW0091_12,2.45,8.05,0.304347826
09DUW0091_14,4.6,8,0.575
09DUW0091_15,5.9,8.5,0.694117647
09DUW0091_16,4.375,8.5,0.514705882
09DUW0144_02,3,,
09DUW0144_03,5,,
09DUW0144_05,4.5,7,0.642857143
09DUW0144_06,4.46,7.125,0.625964912
09DUW0144_07,4.025333333,4.636666667,0.868152408
09DUW0144_08,5.276666667,14.08333333,0.374674556
09DUW0144_10,3.75,4.5,0.833333333
09DUW0144_11,3.886666667,6.663333333,0.583291646
09DUW0225_02,5.778,,
09DUW0225_03,4.333333333,,
09DUW0225_07,4.496666667,10.11,0.444774151
09DUW0225_08,4.526666667,13.55666667,0.333907057
09DUW0225_09,4.916666667,13.41666667,0.366459627
09DUW0225_10,3.443333333,10.41666667,0.33056
09DUW0225_11,4.386666667,12.25,0.358095238
09DUW0225_12,5.45,12.975,0.420038536
09DUW0225_13,4.725,10.825,0.436489607
09DUW0225_14,3.8875,14.825,0.26222597
09DUW0225_15,3.855,10.875,0.354482759
09DUW0225_16,5.5,13,0.423076923
09DUW0277_02,5.083333333,,
09DUW0277_03,4.92,,
09DUW0277_05,4,8,0.5
09DUW0277_06,3.35,7.833333333,0.427659574
09DUW0277_07,4.666666667,7,0.666666667
09DUW0277_08,6.055666667,36.80566667,0.164530824
09DUW0277_09,4.026666667,11.66666667,0.345142857
09DUW0277_10,8.833333333,21.66666667,0.407692308
09DUW0277_12,4.666666667,11.13333333,0.419161677
09DUW0277_13,5.5,10.375,0.530120482
09DUW0277_14,5.633333333,8.966666667,0.628252788
09DUW0277_15,3.8,7.8,0.487179487
09DUW0277_16,3,5,0.6
09JEN1318_02,23.88666667,,
09JEN1318_03,13.86333333,,
09JEN1318_05,32,46,0.695652174
09JEN1318_06,30,44,0.681818182
09JEN1318_07,25.16,34.035,0.739239019
09JEN1318_08,25.11,36.52666667,0.687442964
09JEN1318_10,25,33.5,0.746268657
09JEN1318_11,21.08333333,30.44,0.69261936
09JEN1318_12,16.475,24.475,0.673135853
09JEN1318_13,19,33,0.575757576
09JEN1318_15,20.75,32.75,0.633587786
09JEN1318_16_R,28.8,37,0.778378378
09JEN1357_02,15.66666667,,
09JEN1357_03,17.44333333,,
09JEN1357_05,27.83333333,34,0.818627451
09JEN1357_06,16.75,22.5,0.744444444
09JEN1357_07,19.08,27.5,0.693818182
09JEN1357_08,17.11,22.125,0.773333333
09JEN1357_09,15.05,18,0.836111111
09JEN1357_10,17.33333333,19.33333333,0.896551724
09JEN1357_11,18,23,0.782608696
09JEN1357_12,15.5,16.2,0.956790123
09JEN1357_13,17,23,0.739130435
09JEN1357_15,17,23,0.739130435
09JEN1357_16,30,38,0.789473684
09JEN1358_02,9,,
09JEN1358_03,20.97,,
09JEN1358_05,20,38,0.526315789
09JEN1358_06,22.6,25.9,0.872586873
09JEN1358_07,20.5,27.66,0.741142444
09JEN1358_08,14,16,0.875
09JEN1358_09,20,21,0.952380952
09JEN1358_11,17.25,25.75,0.669902913
09JEN1358_12,11.975,17.8,0.672752809
09LOW0325_02,6.5,,
09LOW0325_03,17,,
09LOW0325_05,15.5,27.5,0.563636364
09LOW0325_06,6.196666667,13.13666667,0.471707688
09LOW0325_07,10.91666667,19.25,0.567099567
09LOW0325_08,7.943333333,11.25333333,0.705864929
09LOW0325_09,3.75,25.25,0.148514851
09LOW0325_10,5.443333333,9.943333333,0.547435468
09LOW0325_11,7.25,14.5,0.5
09LOW0325_12,6.975,22.15,0.31489842
09LOW0325_13,6.975,10.845,0.643153527
09LOW0325_14,8.6,19.55,0.439897698
09LOW0325_15,8,13.4,0.597014925
09LOW0325_16,8,14,0.571428571
09LOW0406_02,7.222333333,,
09LOW0406_05,10,11,0.909090909
09LOW0406_06,8.67,11.5,0.753913043
09LOW0406_07,8.666666667,11.22,0.772430184
09LOW0406_08,7.915,11.25,0.703555556
09LOW0406_09,7.25,10.25,0.707317073
09LOW0406_10,7.835,10.18,0.769646365
09LOW0406_11,9.36,18.69333333,0.500713267
09LOW0751_02,2.833333333,,
09LOW0751_03,5,,
09LOW0751_05,3.666666667,10.33333333,0.35483871
09LOW0751_06,4.67,10.33,0.452081317
09LOW0751_07,3.5,10,0.35
09LOW0751_08,5.14,9.75,0.527179487
09LOW0751_09,3.543333333,10.07666667,0.351637446
09LOW0751_10,3.663333333,9.736666667,0.376241013
09LOW0751_11,4.36,12.5,0.3488
09LOW0751_12,5.375,11.325,0.474613687
09LOW0751_13,4.6375,11.0625,0.41920904
09LOW0751_14,6.05,15.625,0.3872
09LOW0751_15,6.1,13.2,0.462121212
09LOW0751_16,5,9.166666667,0.545454545
09LOW0753_02,3,,
09LOW0753_03,2.556666667,,
09LOW0753_05,4.166666667,10.33333333,0.403225806
09LOW0753_06,4.916666667,13.94666667,0.352533461
09LOW0753_07,4.166666667,9.443333333,0.44122838
09LOW0753_08,6.58,13,0.506153846
09LOW0753_10,7.61,10.5,0.724761905
09LOW0753_11,4.39,17.52666667,0.250475466
09LOW0753_12,3.125,5.125,0.609756098
09LOW0753_13,3.475,8.1,0.429012346
09LOW0753_14,4.1,17.66666667,0.232075472
09LOW0753_16,3.725,9.125,0.408219178
09LOW0788_02,4.527666667,,
09LOW0788_03,5.526666667,,
09LOW0788_06,5.72,8.25,0.693333333
09LOW0788_07,3.944233333,8.5,0.464027451
09LOW0788_08,5.566666667,8.866666667,0.627819549
09LOW0788_09,3.526666667,9.833333333,0.358644068
09LOW0788_10,5.666666667,8.833333333,0.641509434
09LOW0788_11,9.556666667,12.5,0.764533333
09LOW0788_12,3.35,9.9,0.338383838
09LOW0788_13,3.8325,7.73,0.495795602
09LOW0788_14,4.2075,12.25,0.343469388
09MID1374_02,8.443333333,,
09MID1374_03,7.693333333,,
09MID1374_05,6,8,0.75
09MID1374_06,12,22.1,0.542986425
09MID1374_07,7,20.705,0.338082589
09MID1374_08,7.583333333,14.33333333,0.529069767
09MID1374_09,7.556666667,17.91666667,0.421767442
09MID1374_10,7.75,12.16666667,0.636986301
09MID1374_11,7.36,11.41666667,0.644671533
09MID1374_12,8.375,12.4,0.675403226
09MID1374_13,8.975,11.9525,0.750888935
09MID1374_14,6.645,10.145,0.655002464
09MID1374_15,7.3525,12.5425,0.586206897
09MID1374_16_R,7.4125,13.475,0.550092764
09MID1495_02,25.833,,
09MID1495_03,15.5,,
09MID1495_05,10.25,17,0.602941176
09MID1495_06,16.66666667,18.5,0.900900901
09MID1495_07,18,19,0.947368421
09MID1495_08,24.75,36,0.6875
09MID1495_09,22.5,26.5,0.849056604
09MID1495_10,21,29.5,0.711864407
09MID1495_11,18.58,26.875,0.691348837
09MID1537_02,8.415666667,,
09MID1537_03,9.276666667,,
09MID1537_05,7.25,9,0.805555556
09MID1537_06,1.8,3,0.6
09MID1537_07,2,6.75,0.296296296
09MID1537_08,2,7.5,0.266666667
09MID1537_09,1.806666667,5.25,0.344126984
09MID1537_10,2.39,3.776666667,0.632833186
09MID1537_11,2.276666667,8.083333333,0.281649485
09MID1537_12,2.5,6.775,0.36900369
09MID1537_13,2.5,3.2,0.78125
09MID1537_14,3.05,8.9,0.342696629
09MID1537_15,2,3.3,0.606060606
09MID1537_16,1,1.5,0.666666667
09MID1704_02,3.914333333,,
09MID1704_03,2.78,,
09MID1704_06,4.125,6.375,0.647058824
09MID1704_07,4.0835,6.29,0.649205087
09MID1704_08,3.833333333,6.166666667,0.621621622
09MID1704_09,4.25,5.333333333,0.796875
09MID1704_10,3.163333333,5.693333333,0.555620609
09MID1704_11,4.25,5.473333333,0.776492083
09MID1744_02,11,,
09MID1744_03,10.19666667,,
09MID1744_05,16.33333333,21,0.777777778
09MID1744_06,13.75,13.75,1
09MID1744_07,10.4,19,0.547368421
09MID1744_08,17.36,19.77666667,0.877802124
09MID1744_09,8.86,14.66666667,0.604090909
09MID1744_10,12.5,20.16666667,0.619834711
09MID1744_11,15.7,24.73333333,0.634770889
09MID1744_12,15.75,22.325,0.705487122
09MID1744_13,15.825,23.8,0.664915966
09MID1744_14,10.4,26.9,0.3866171
09MID1744_15,11.16666667,23.66666667,0.471830986
09MID1744_15_R,9.666666667,24,0.402777778
09MID1744_16,11,21.5,0.511627907
09MID1817_02,6.666666667,,
09MID1817_03,6.946666667,,
09MID1817_05,8.25,15.66666667,0.526595745
09MID1817_06,6.4,11.6,0.551724138
09MID1817_07,10,16.25,0.615384615
09MID1817_08,6.625,10,0.6625
09MID1817_09,9.333333333,12.66666667,0.736842105
09MID1817_10,8.666666667,15.16666667,0.571428571
09MID1817_11,13.35,16.85,0.792284866
09MID1817_12,11.175,18.3,0.610655738
09MID1817_13,11.415,18.4575,0.618447785
09MID1817_14,8.8125,15.55,0.566720257
09MID1817_15,8.475,13.8,0.614130435
09MID1817_16,10.94333333,13,0.841794872
09MID1958_02,12.33333333,,
09MID1958_03,27,,
09MID1958_05,16,22,0.727272727
09MID1958_06,19.33333333,20.33333333,0.950819672
09MID1958_07,9.16,24.833,0.368864012
09MID1958_08,13.75,21.83333333,0.629770992
09MID1958_09,10.375,25.75,0.402912621
09MID1958_10,11.7,21.33333333,0.5484375
09MID1958_11,12.73666667,21.47,0.593230865
09MID1958_12,14.86666667,22.15,0.671181339
09MID1958_13,16.375,23.625,0.693121693
09MID1958_14,10.5,21,0.5
09MID1958_15,25.3,21.225,1.191990577
09MID2426_02,4.166666667,,
09MID2426_03,4.806666667,,
09MID2426_05,3.833333333,15.33333333,0.25
09MID2426_06,8.666666667,10.66666667,0.8125
09MID2426_07,7.966666667,16.13666667,0.493699649
09MID2426_08,6.943333333,11.52666667,0.602371313
09MID2426_09,8.916666667,16.16666667,0.551546392
09MID2426_10,5.166666667,16.33333333,0.316326531
09MID2426_11,5.333333333,10.01,0.532800533
09MID2426_12,5.8,11.6,0.5
09MID2426_13,4.216666667,10.62,0.397049592
09MID2426_14,2.05,5.075,0.403940887
09MID2426_15,5.3,10.35,0.512077295
09MID2426_16,7.166666667,9.5,0.754385965
09MIL0291_02,4.25,,
09MIL0291_03,4,,
09MIL0340_02,5.11,,
09MIL0340_03,6.333333333,,
09MIL0340_05,7.5,12.5,0.6
09MIL0340_06,6.2,13.725,0.451730419
09MIL0340_07,3.496666667,8.36,0.418261563
09MIL0340_09,5.833333333,10.33333333,0.564516129
09MIL0340_10,4.75,13,0.365384615
09MIL0340_11,5.11,10.55666667,0.48405431
09MIL0340_13,8.25,12.625,0.653465347
09MIL0340_14,8.775,14.675,0.597955707
09MIL0340_15,4.966666667,8.866666667,0.560150376
09MIL0340_16,8.333333333,18.33333333,0.454545455
09MIL0390_02,7.11,,
09MIL0390_03,8.386666667,,
09MIL0390_05,7.666666667,11.66666667,0.657142857
09MIL0390_06,7.7,12,0.641666667
09MIL0390_07,9.816666667,15.16666667,0.647252747
09MIL0390_08,7.806666667,11.611,0.672350932
09MIL0390_09,7.583333333,11.35,0.668135095
09MIL0390_10,14.33333333,16.33333333,0.87755102
09MIL0390_11,9.833333333,12.97,0.758159856
09MIL0390_12,9.225,10.825,0.852193995
09MIL0390_13,6.5,10.325,0.629539952
09mil0390_14,8.415,16.5,0.51
09MIL0390_15,10.275,25.25,0.406930693
09MIL0390_16,9.25,13.5,0.685185185
09MIL0497_06,5.25,14.5,0.362068966
09NEW1657_02,28.75,,
09NEW1657_03,17.36,,
09NEW1657_05,20.33333333,33,0.616161616
09NEW1657_06,19,26.65,0.712945591
09NEW1657_07,19.875,100,0.19875
09NEW1657_08,21.93333333,30.55666667,0.71779208
09NEW1657_09,26.66666667,37.5,0.711111111
09NEW1657_10,34.5,60,0.575
09NEW1657_11,24.4,30.98333333,0.787520172
09NEW1657_12,31.16666667,46.1,0.676066522
09NEW1657_13,24.5,31,0.790322581
09NEW1657_14,29.145,39.025,0.746828956
09NEW1657_15,22.875,34.75,0.658273381
09NEW1657_16,25.5,32.5,0.784615385
09NEW1875_02,14.917,,
09NEW1875_05,16,17,0.941176471
09NEW1875_06,16.5,23.5,0.70212766
09NEW1875_07,14.7085,18.0835,0.813365775
09NEW1875_08,15.65,18.95,0.82585752
09NEW1875_09,19,25.5,0.745098039
09NEW1875_10,16,18.625,0.859060403
09NEW1875_11,21.66666667,25.66666667,0.844155844
09NEW1875_13,17.83,24.5,0.727755102
09NEW1911_02,10.94433333,,
09NEW1911_05,17.66666667,26.66666667,0.6625
09NEW1911_06,14.35,22,0.652272727
09NEW1911_07,15.12,16.87,0.89626556
09NEW1911_08,13.92333333,18,0.773518519
09NEW1911_09,9.8,14.33333333,0.68372093
09NEW2076_02,10.86666667,,
09NEW2076_03,8.78,,
09NEW2076_05,9.666666667,12.66666667,0.763157895
09NEW2076_06,8.5,12.5,0.68
09NEW2076_07,4.5,12.125,0.371134021
09NEW2076_08,5.5,11.63333333,0.47277937
09NEW2076_10,10.35,12.75,0.811764706
09NEW2076_11,4.33,11.44333333,0.378386251
09NEW2076_12,6.85,12.1,0.566115702
09NEW2076_13,6.4,10.38666667,0.616174583
09NEW2076_14,6.133333333,9.066666667,0.676470588
09NEW2076_15,7.05,13.075,0.539196941
09NEW2076_16,5.3,9.766666667,0.542662116
09NEW2078_02,7.5,,
09NEW2078_05,5.125,7,0.732142857
09NEW2078_08,5.366666667,5.8,0.925287356
09NEW2102_02,11.00033333,,
09NEW2102_03,8.666666667,,
09NEW2102_05,8.866666667,13,0.682051282
09NEW2102_06,8.86,15.19333333,0.583150505
09NEW2102_07,9.333,11.9165,0.783199765
09NEW2102_08,7.866666667,13.26666667,0.592964824
09NEW2102_09,7.033333333,12.86666667,0.546632124
09NEW2102_10,9.75,13.66666667,0.713414634
09NEW2102_11,10.5,14.66666667,0.715909091
09NEW2102_12,7.566666667,13.7,0.552311436
09NEW2102_13,9.325,11.25,0.828888889
09NEW2102_14,10,12.075,0.82815735
09NEW2102_15,8.675,12.25,0.708163265
09NEW2102_16,9.833333333,14.16666667,0.694117647
09NEW2128_02,7.5,,
09NEW2128_03,9.666666667,,
09NEW2128_05,7.016666667,10.66666667,0.6578125
09NEW2128_06,9,13.13666667,0.685105303
09NEW2128_07,8,13.66666667,0.585365854
09NEW2128_08,8.466666667,16.66666667,0.508
09NEW2128_09,9.233333333,14.26666667,0.647196262
09NEW2128_10,7.433333333,15.86666667,0.468487395
09NEW2128_11,8.1,16.475,0.491654021
09NEW2128_12,10.85,16.325,0.664624809
09NEW2128_13,10.775,18.0625,0.596539792
09NEW2128_14,9.325,18.375,0.507482993
09NEW2128_15,9.15,14.7,0.62244898
09NEW2128_15_R,11.9875,16.915,0.708690511
09NEW2128_16,8.75,14.925,0.586264657
09NEW2151_02,8.722333333,,
09NEW2151_03,12.97333333,,
09NEW2151_05,11.5,17.5,0.657142857
09NEW2151_06,11.38333333,16.83333333,0.676237624
09NEW2151_07,3534.888667,14.47233333,244.2514683
09NEW2151_08,12.14,16.61333333,0.730738363
09NEW2151_09,10.06666667,17.1,0.588693957
09NEW2151_10,12.5,16.65,0.750750751
09NEW2151_11,11.58333333,16.91666667,0.684729064
09NEW2151_12,12.8,17.25,0.742028986
09NEW2151_13,13.11,15.83333333,0.828
09NEW2151_14,9.8,16.825,0.582466568
09NEW2151_16,8,18,0.444444444
09SOO0943_02,26.52666667,,
09SOO0943_03,29.55333333,,
09SOO0943_05,36,45,0.8
09SOO0943_06,39,43.2,0.902777778
09SOO0943_07,25.6265,36.25,0.706937931
09SOO0943_08,30.16666667,37.66666667,0.800884956
09SOO0943_09,22.83333333,41,0.556910569
09SOO0943_10,32.2,35.75,0.900699301
09SOO0943_11,33.5,43.16666667,0.776061776
09SOO0943_12,34.8,42.55,0.81786134
09SOO0943_13,24,36,0.666666667
09SOO0943_14,32.76666667,42.6,0.769170579
09SOO0943_15,24.2,43.5,0.556321839
09SOO0943_16,19.7,42.5,0.463529412
09SOO1020_02,12.66666667,,
09SOO1020_03,12.19333333,,
09SOO1022_02,7.75,,
09SOO1022_03,5.61,,
09SOO1022_06,13.63666667,21.58333333,0.631814672
09SOO1022_07,10.47,12.38666667,0.845263724
09SOO1022_08,8.066666667,16.13333333,0.5
09SOO1022_09,7.566666667,13.66666667,0.553658537
09SOO1022_10,13.66666667,22,0.621212121
09SOO1022_11,5.833333333,31.66666667,0.184210526
09SOO1022_12,7.2,15.75,0.457142857
09SOO1022_13,6.5,13,0.5
09SOO1022_14,7.366666667,26.33333333,0.279746835
09SOO1022_15,8.685,20.9975,0.413620669
09SOO1022_16,9,19.175,0.469361147
09SOO1040_02,5.941,,
09SOO1106_02,5.472,,
09SOO1106_03,8.306666667,,
09SOO1106_05,4.666666667,10.33333333,0.451612903
09SOO1106_07,9.973333333,14.11,0.706827309
09SOO1106_08,3.193333333,12.19333333,0.261891744
09SOO1106_10,5.993333333,12.72333333,0.471050563
09SOO1106_11,6.58,21.55666667,0.305241998
09SOO1130_02,39,,
09SOO1130_03,26.25,,
09SOO1130_05,32,50,0.64
09SOO1130_06,42.875,73.825,0.580765323
09SOO1130_07,56.38666667,69.27666667,0.813934466
09SOO1130_08,29.16666667,49.33333333,0.591216216
09SOO1130_09,43,60,0.716666667
09SOO1130_10,43.66666667,54.33333333,0.803680982
09SOO1130_11,43.33333333,110,0.393939394
09SOO1130_12,43,60.83333333,0.706849315
09SOO1130_13,39.66666667,39,1.017094017
09SOO1130_14,31.66666667,46.66666667,0.678571429
09SOO1130_15,27.925,55.275,0.505201266
09SOO1130_16,39,51.25,0.76097561
09SOO1134_02,37.83333333,,
09SOO1134_03,34.17,,
09SOO1134_05,26,41.66666667,0.624
09SOO1134_06,38,45,0.844444444
09SOO1134_07,34.833,47,0.74112766
09SOO1134_08,39.5,43.5,0.908045977
09SOO1134_09,30.5,39,0.782051282
09SOO1134_10,37,45,0.822222222
09SOO1134_11,32.47333333,39.75,0.816939203
09SOO1134_12,30.575,43.325,0.705712637
09SOO1134_13,30.5,38,0.802631579
09SOO1134_14,34.01,43.82,0.776129621
09SOO1134_15,32.5625,37.685,0.864070585
09SOO1134_16,32.85,45.5,0.721978022
09SOO1144_02,12.77666667,,
09SOO1144_03,14.91666667,,
09SOO1144_06,11.8,25.2,0.468253968
09SOO1144_07,21.80433333,26.971,0.808436222
09SOO1144_08,23.1,29.33333333,0.7875
09SOO1144_10,10.66666667,22.66666667,0.470588235
09SOO1144_11,11.83333333,22.33333333,0.529850746
09SOO1209_03,29,,
09SOO1209_05,34,51,0.666666667
09SOO1209_07,30.125,35.29,0.853641258
09SOO1209_08,36.75,59.5,0.617647059
09SOO1209_09,37.7,47.8,0.788702929
09SOO1209_10,8.5,9.5,0.894736842
09SOO1209_11,8.413333333,10.08,0.834656085
09SOO1209_12,9,11.1,0.810810811
09SOO1209_13,11.2,37.6,0.29787234
09SOO1209_14,9.775,14.875,0.657142857
09SOO1209_15,9.875,14.675,0.672913118
09SOO1209_16,9.15,13.35,0.685393258
09SOO1283_02,13.66666667,,
09SOO1283_03,16.53,,
09SOO1283_05,22.33333333,31.66666667,0.705263158
09SOO1283_06,25.9,32.725,0.79144385
09SOO1283_07,17.55333333,21.80666667,0.804952614
09SOO1283_08,22.97333333,26.89,0.854344862
09SOO1283_09,19.33333333,26.61,0.726543906
09SOO1283_10,16.66666667,21.66666667,0.769230769
09SOO1283_11,17.25,20.33333333,0.848360656
09SOO1283_12,17.83333333,24.6,0.724932249
09SOO1283_13,17.6,22.125,0.795480226
09SOO1283_14,20.3925,32.0625,0.636023392
09SOO1283_15,19.73333333,24.1,0.818810512
09SOO1283_15_R,20.46666667,23.7,0.863572433
09SOO1283_16_R,19.375,24.35,0.795687885
28A_08,11.68333333,16.33333333,0.715306122
28A_09,12,19.41666667,0.618025751
28A_10,11.66666667,19.5,0.598290598
28A_12,13.66666667,16.53333333,0.826612903
28A_13,11.75,16.25,0.723076923
28A_16,14.8,16.525,0.895612708
31I_08,10.51666667,16.16666667,0.650515464
31I_09,12.41666667,16.16666667,0.768041237
31I_10,17.85,19.625,0.90955414
31I_12,12.13333333,17.63333333,0.688090737
31Q_08,21.66333333,23.38666667,0.926311288
31Q_09,12.08333333,23.33333333,0.517857143
31Q_10,11.72333333,20.38666667,0.575049052
31Q_12,8.616666667,22.1,0.389894419
53E_08,9.566666667,16,0.597916667
53E_09,9.053333333,11.97333333,0.756124722
53E_10,8.433333333,13.26666667,0.635678392
53E_12,10.38666667,15.5,0.670107527
65A_08,4.7,8.766666667,0.536121673
65A_09,5.166666667,7.833333333,0.659574468
65A_10,3.133333333,7.6,0.412280702
65A_12,4.433333333,8.1,0.547325103
65B_08,5.415566667,11.55556667,0.468654357
65B_09,5.833333333,12.33333333,0.472972973
65B_10,6.526666667,19.77666667,0.33001854
65B_12,5.833333333,7.766666667,0.751072961
BMEP BEAR 09_02,27.46666667,,
BMEP BEAR01_02,14.76666667,,
BMEP CEDAR01_02,6.86,,
BMEP CEDAR02_02,4.333333333,,
BMEP CEDAR04_02,16.66666667,,
BMEP CEDAR05_02,8.5,,
BMEP CEDAR07_02,6,,
BMEP CEDAR09_02,3.193333333,,
BMEP ISSAQ03_02,16.16666667,,
BMEP ISSAQ04_02,16,,
BMEP ISSAQ06_02,15.9,,
BMEP ISSAQ07_02,12,,
BMEP ISSAQ08_02,2.833333333,,
BMEP SOOS03_02,8.166666667,,
BMEP SOOS04_02,15.33333333,,
BMEP SOOS05_02,23.33333333,,
BSE_1_MudMtnRd_14,29.9,59.35,0.50379107
BSE_1_MudMtnRd_15,15,32.75,0.458015267
BSE_1_MudMtnRd_16,22.1,40.23333333,0.549295775
BSE_21_GolfCrs_14,29.25,35.425,0.825688073
BSE_21_GolfCrs_16,26,36.66666667,0.709090909
BSE_8_268thAveSE_14,24.96666667,39.66666667,0.629411765
BSE_8_268thAveSE_15,49.8,111,0.448648649
BSE_8_268thAveSE_16,43,55,0.781818182
Colin N,6.58,6.58,1
Colin S,7.085,17.295,0.40965597
DM200th_12,7.5,10.16666667,0.737704918
Dmmouth_12,13.05,17.65,0.739376771
E1168_15,15.33333333,16.06666667,0.954356846
E1261_15,5.125,9.65,0.531088083
E1264_14,6.625,12.375,0.535353535
E1264_15,6.25,11.5,0.543478261
Evans Creek East,5.75,20.17,0.285076847
MackRed107_15,6.125,12.95,0.472972973
Mercer06_08,2.416666667,6.333333333,0.381578947
Mercer10_08,3.693333333,5.25,0.703492063
Mercer42_08,3.15,3.626666667,0.868566176
Miller_Cove_12,16.83333333,22.1,0.761689291
Miller_Cove_14,11.85,20.25,0.585185185
Miller_Cove_15,12.86666667,20.86666667,0.616613419
Miller_Cove_16,13.5,18.125,0.744827586
Miller_SWSSD_12,14.375,24.275,0.592173018
Miller_SWSSD_14,12.15,20.4,0.595588235
Miller_SWSSD_15,12.975,22.525,0.576026637
Miller_SWSSD_16,10.16666667,22.66666667,0.448529412
MontRed94_14,4.975,12.125,0.410309278
MontRed94_15,4.45,7.975,0.55799373
NPDES_BP1_14,11.76666667,19.16666667,0.613913043
NPDES_BP1_15,9.9,12.8,0.7734375
NPDES_BP7_15,6.525,13.4,0.486940299
NPDES_BP8_14,10.65,17.2625,0.616944243
NPDES_BP8_15,6.875,10.5,0.654761905
Rutherford Creek,10.83,42,0.257857143
VashChris_06,4.6,10.66666667,0.43125
VashChris_07,6,10.33333333,0.580645161
VashChris_08,3.916666667,9.666666667,0.405172414
VASHCHRIS_09,7.5,14,0.535714286
VASHCHRIS_10,5,9.333333333,0.535714286
VashChris_11,3.666666667,9.333333333,0.392857143
VashChris_12,5.75,11,0.522727273
VashChris_13,6.75,15.5,0.435483871
VashChris_14,3.125,6.75,0.462962963
VashChris_15,5.3,9.75,0.543589744
VashChris_16,5.6,8.025,0.697819315
VashJudd_06,9.666666667,23,0.420289855
VashJudd_07,12.33333333,20.66666667,0.596774194
VASHJUDD_09,11,18.33333333,0.6
VASHJUDD_10,9.333333333,14,0.666666667
VashJudd_11,11,16,0.6875
VashJudd_12,10.225,13.5,0.757407407
VashJudd_14,12.25,16.75,0.731343284
VashJudd_15,14.66666667,15.4,0.952380952
VashShing_06,17,21,0.80952381
VashShing_07,8.666666667,16.83333333,0.514851485
VashShing_08,9.833333333,21.33333333,0.4609375
VASHSHING_09,8.666666667,20.33333333,0.426229508
VASHSHING_10,6.333333333,19,0.333333333
VashShing_11,9.666666667,22.66666667,0.426470588
VashShing_12,7.5,12.725,0.589390963
VashShing_13,10.5,26,0.403846154
VashShing_14,11,18.5,0.594594595
VashShing_15,9.175,21.325,0.43024619
VashShing_16,11.125,27.75,0.400900901
WalkerPreserve_12,7.4,13.35,0.554307116
WalkerPreserve_14,5.9,12.15,0.485596708
WalkerPreserve_15,7.166666667,16.5,0.434343434
WalkerPreserve_16,6.5,13.4,0.485074627
WAM06600_017111_14,29.46666667,36.43333333,0.808783166
WAM06600_017111_15,33.33333333,39.33333333,0.847457627
WAM06600_036971_15,11.75,18.5,0.635135135
WAM06600_076119_14,13.25,19.75,0.670886076
WAM06600_076119_15,14.06666667,16.7,0.842315369
WAM06600_122423_15,5.5,20,0.275
