SAMPLE_NUMBER,AvgOfDepth
02O_08,2.166666667
02O_09,2.333333333
02O_10,2.833333333
02O_12,2.833333333
02O_15,1.5625
02P_08,2.666666667
02P_09,2.666666667
02P_10,3.5
02P_12,1.666666667
02P_15,1.357142857
05B_08,2
05B_09,1.5
05B_10,2.166666667
05B_12,1.666666667
07CHR013259_15,3.875
07CHR045515_15,6.1875
07CHR045515_16,6.8125
07CHR070059_15,3.375
07CHR070059_16,4.357142857
07CHR234411_15,4.9375
07CHR234411_16,4.640625
07GRN022903_16,3.392857143
07GRN077319_15,4.4375
07GRN077319_16,4.9375
07GRN208791_15,6.5625
07HAR025863_15,4.777777778
07HAR025863_16,4.2875
07HAR055371_15,1.6875
07HAR070087_15,1.4375
07HAR070087_16,2.125
07LMS016051_14,6.5
07LMS026663_15,11.75
07LMS026663_16,10.875
07LMS029443_15,9.0625
07LMS033235_15,4.875
07LMS033235_16,6.125
07LMS055075_15,2.6875
07LMS055075_16,3.53125
07LMS093027_15,9.5625
07LMS093027_16,9.875
07LMS103591_16,5.625
07LMS213875_16,9.75
07LNT062039_16,8.46875
07LNT075179_16,3.25
07LNT130827_16,10.825
07PAT001415_14,4.25
07PAT001415_15,3.4375
07PAT001415_16,5.25
07PAT166087_16_R,6
07PAT187623_16_R,12.75
07PAT228627_16,4.21875
07PAT231079_16,3.15625
07RAG002867_14,5.4375
07RAG002867_15,1.3125
07RAG002867_16,3.21875
07RAG004615_15,4.4875
07RAG004615_16,6.3125
07RAG012515_14,7
07RAG012515_15,4.59375
07RAG012515_16,5
07RAG016851_14,3.21875
07RAG018227_14,4.4375
07RAG018227_15,4.40625
07RAG018227_16,6.125
07RAG022147_14,3.125
07RAG022147_15,2.6875
07RAG022147_16,1.875
07RAG042787_15,5.96875
07RAG042787_16,7.78125
07RAG043443_15,5.6875
07RAG043443_16,6.75
07RAG054215_15,7.357142857
07RAG065475_15,2.875
07SFS009443_15,6.1875
07SFS009443_16,8.4375
07SFS011059_14,9.5
07SFS011059_15,8.5625
07SFS011059_16,8.65625
07SFS011475_14,7.4375
07SFS011475_15,6.75
07SFS011475_16_R,5.796875
07SFS041891_15,8.1875
07SFS041891_16,12.8875
07SFS066611_15,2.25
07SFS066611_16,3.875
07STL005879_14,2.527777778
07STL080295_15,6.1875
07STL080295_16,10.6875
07STL184007_15,5.3125
07STL184007_16,7.03125
07STL195271_15,8.625
07TKL047047_16,5.375
07TKL072439_16,2.857142857
08BEA3312_02,1.083333333
08BEA3312_03,2
08BEA3312_05,4.833333333
08BEA3312_06,1.9
08BEA3312_07,2.886666667
08BEA3312_08,1.833333333
08BEA3312_09,2.5
08BEA3312_10,2.666666667
08BEA3312_11,2.5
08BEA3312_12,2.3125
08BEA3312_13,1.666666667
08BEA3312_14,2.5
08BEA3312_15,2.46875
08BEA3312_16,1.9375
08BEA3321_02,3
08BEA3321_03,5.166666667
08BEA3321_05,4.5
08BEA3321_06,4.89
08BEA3321_07,5.75
08BEA3321_08,5.75
08BEA3321_09,5.166666667
08BEA3321_10,5.333333333
08BEA3321_11,2.5
08BEA3321_13,7.5
08BEA3321_14,5
08BEA3321_15,4.875
08BEA3321_16,4.4375
08BEA3325_02,1.916666667
08BEA3325_03,1
08BEA3325_07,2.625
08BEA3474_10,5.166666667
08BEA3474_12,8.625
08BEA3474_13,8.125
08BEA3474_14,8
08BEA3474_15,9.03125
08BEA3474_16,8.625
08BEA3478_02,1.583333333
08BEA3478_03,3
08BEA3478_05,3.333333333
08BEA3478_06,4.33
08BEA3478_07,2.833333333
08BEA3478_08,2.833333333
08BEA3478_09,4.166666667
08BEA3478_10,2.833333333
08BEA3478_11,3.833333333
08BEA3478_12,3.083333333
08BEA3478_13,2.5
08BEA3478_14,3.666666667
08BEA3478_15,2.03125
08BEA3571_02,5
08BEA3571_03,5.333333333
08BEA3571_05,3.166666667
08BEA3571_06,3.86
08BEA3571_07,4.416666667
08BEA3571_08,3.583333333
08BEA3571_09,5.833333333
08BEA3571_10,4.166666667
08BEA3571_11,3.666666667
08BEA3571_12,5.34375
08BEA3571_13,3.53125
08BEA3571_14,9
08BEA3571_15,5.15625
08BEA3571_16,3.9375
08BEA3650_02,5
08BEA3650_03,6.666666667
08BEA3650_05,5
08BEA3650_06,6.443333333
08BEA3650_07,10
08BEA3650_08,6.5
08BEA3650_09,6
08BEA3650_10,6
08BEA3650_11,5.5
08BEA3650_12,6.5
08BEA3650_13,6.5
08BEA3650_14,5
08BEA3650_15,5.214285714
08BEA3650_15_R,4.975
08BEA3650_16,5.375
08BEA3737_02,1.666666667
08BEA3737_03,2
08BEA3737_05,1.833333333
08BEA3737_06,3.36
08BEA3737_07,2.333333333
08BEA3737_08,3
08BEA3737_09,5
08BEA3737_10,1.333333333
08BEA3737_11,3.833333333
08BEA3737_12,2.59375
08BEA3737_13,1.5
08BEA3737_14,2
08BEA3737_15,2.375
08BEA3737_15_R,2.25
08BEA3737_16,3.214285714
08BEA3747_02,2.083333333
08BEA3747_03,4
08BEA3747_05,3.5
08BEA3747_06,4.946666667
08BEA3747_07,4.5
08BEA3747_08,3.333333333
08BEA3747_09,6.333333333
08BEA3747_10,3.833333333
08BEA3747_11,5.833333333
08BEA3747_12,3.4375
08BEA3747_13,2.875
08BEA3747_14,3.75
08BEA3747_15,8.28125
08BEA3747_15_R,7.6875
08BEA3747_16,9.3125
08BEA3826_02,2
08BEA3826_03,1.666666667
08BEA3826_05,4.166666667
08BEA3826_06,1.416666667
08BEA3826_07,2
08BEA3826_08,3.125
08BEA3826_09,1.666666667
08BEA3826_10,2.166666667
08BEA3826_11,1.833333333
08BEA3826_12,1.90625
08BEA3826_13,1
08BEA3826_14,1.75
08BEA3826_15,1.40625
08BEA3826_16,1.96875
08BEA3914_02,1.125
08BEA3914_15,1.375
08BEA3914_16,2.12375
08CED2433_02,2.333333333
08CED2433_03,2.5
08CED2433_05,3.75
08CED2433_06,3.36
08CED2433_07,4.666666667
08CED2433_08,4.916666667
08CED2433_09,3.5
08CED2433_10,3.333333333
08CED2433_11,5.666666667
08CED2433_12,5.5
08CED2433_13,3.953125
08CED2433_14,5.0625
08CED2433_15,4.34375
08CED2433_16,4.675
08CED2518_02,3.25
08CED2518_03,3.25
08CED2518_05,3.333333333
08CED2518_06,3.083333333
08CED2518_07,3.5
08CED2518_08,5.183333333
08CED2518_09,4.833333333
08CED2518_10,4.666666667
08CED2518_11,3.833333333
08CED2518_12,5.125
08CED2518_13,3.75
08CED2518_14,4.3125
08CED2518_15,3.6875
08CED2518_16,5.5875
08CED2711_02,1.166666667
08CED2711_03,3
08CED2711_05,2.75
08CED2711_06,2.583333333
08CED2711_08,3.666666667
08CED2711_09,5.666666667
08CED2711_10,3.5
08CED2711_11,2.333333333
08CED2711_14,2.375
08CED2711_15,2.34375
08CED2711_16,3.5
08CED2898_02,1.583333333
08CED2898_03,1.916666667
08CED2898_05,2.5
08CED2898_06,2.5
08CED2898_07,2.416666667
08CED2898_08,3
08CED2898_09,1.666666667
08CED2898_10,2.333333333
08CED2898_11,2.5
08CED2898_12,2.142857143
08CED2898_13,2
08CED2898_14,1.45875
08CED2898_15,1.96875
08CED2898_16,2.03125
08CED4115_02,4
08CED4192_02,7.666666667
08CED4192_03,4.333333333
08CED4192_05,6.166666667
08CED4192_06,7.6
08CED4192_07,5.416666667
08CED4192_08,7.416666667
08CED4192_09,3.833333333
08CED4192_10,4.666666667
08CED4192_11,3.333333333
08CED4192_12,5.8125
08CED4192_13,3.9375
08CED4192_14,3.5625
08CED4192_15,5.125
08CED4192_16,5.34375
08CED4479_02,4.166666667
08CED4479_03,3.333333333
08CED4479_05,4.833333333
08CED4479_06,4.116666667
08CED4479_07,4
08CED4479_08,8.583333333
08CED4479_09,6.95
08CED4975_02,1.166666667
08CED4975_03,1.25
08CED4975_05,2.5
08CED4975_06,1.833333333
08CED4975_07,1.916666667
08CED4975_08,2.833333333
08CED4975_10,2.166666667
08CED4975_11,2.166666667
08CED4975_12,2.5625
08CED4975_13,1.65625
08CED4975_14,2.21875
08CED4975_16,2.5625
08CED5032_02,5.64
08CED5032_03,5.666666667
08CED5032_06,4.223333333
08CED5032_07,5
08CED5032_08,5.833333333
08CED5032_09,5.333333333
08CED5032_10,4.833333333
08CED5032_11,3.666666667
08CED5032_12,4.84375
08CED5032_13,4
08CED5032_14,1.5
08CED5032_16,5.0625
08CED5046_02,2.875
08CED5046_05,5.5
08CED5046_06,3.333333333
08CED5046_07,3.85
08CED5046_08,4.416666667
08CED5046_09,4
08CED5046_10,2.833333333
08CED5046_11,4
08CED5046_12,4.8125
08CED5046_13,3.375
08CED5046_14,5.6875
08CED5046_15,4
08CED5046_16,5.1875
08EAS1502_06,1.166666667
08EAS1502_07,1.696666667
08EAS1502_08,1.333333333
08EAS1502_10,1.166666667
08EAS1502_11,1.833333333
08EAS1536_02,2.166666667
08EAS1536_05,1.666666667
08EAS1536_06,2.633333333
08EAS1536_07,1.666666667
08EAS1536_08,2.333333333
08EAS1536_09,2
08EAS1536_10,2
08EAS1536_11,2.166666667
08EAS1536_12,2.875
08EAS1536_13,2.6875
08EAS1536_14,1.625
08EAS1536_15,2.375
08EAS1536_16,2.4375
08EAS1964_02,3.75
08EAS1964_03,4.333333333
08EAS1964_05,3.833333333
08EAS1964_06,3.8
08EAS1964_07,5.3
08EAS1964_08,3.75
08EAS1964_09,3.833333333
08EAS1964_10,3.666666667
08EAS1964_11,3.5
08EAS1964_12,5.21875
08EAS1964_13,3.75
08EAS1964_14,3.125
08EAS1964_15,4.5
08EAS1964_16,3.28125
08EAS2058_02,4.25
08EAS2058_03,4
08EAS2058_05,4.333333333
08EAS2058_06,4.183333333
08EAS2058_07,4.42
08EAS2058_08,3.5
08EAS2058_09,2.666666667
08EAS2058_10,5.166666667
08EAS2058_11,4.833333333
08EAS2058_12,5.6875
08EAS2058_13,5.015625
08EAS2058_14,4.5
08EAS2058_15,5.5
08EAS2058_16,4.125
08EAS2191_02,1.25
08EAS2191_03,4
08EAS2191_05,2.666666667
08EAS2191_06,1.666666667
08EAS2191_07,2.916666667
08EAS2191_08,2.14
08EAS2191_09,1.333333333
08EAS2191_10,2.833333333
08EAS2191_11,4
08EAS2191_12,4.0625
08EAS2191_13,2.75
08EAS2191_14,2
08EAS2191_15,3
08EAS2191_16,2
08EAS2191_16_R,2.1
08EAS2272_02,4.75
08EAS2272_03,5.5
08EAS2272_05,7
08EAS2272_06,7.11
08EAS2272_07,7.333333333
08EAS2272_08,4.75
08EAS2272_09,4.666666667
08EAS2272_10,4.166666667
08EAS2272_11,5.333333333
08EAS2272_12,4.375
08EAS2272_13,3.5625
08EAS2272_14,5.625
08EAS2272_15,6.666666667
08EAS2272_16,5.625
08EAS2446_02,3.666666667
08EAS2446_03,2.666666667
08EAS2446_05,2.083333333
08EAS2446_06,2.776666667
08EAS2446_07,3.083333333
08EAS2446_08,3.416666667
08EAS2446_10,3.333333333
08EAS2446_11,2.7
08EAS2446_12,2.8125
08EAS2446_13,2.5
08EAS2446_14,2.28125
08EAS2446_15,3.525
08EAS2446_16,3.0625
08EAS2540_02,1.083333333
08EAS2540_07,2.875
08EAS2540_08,1.916666667
08EAS2540_09,1
08EAS2540_10,1.833333333
08EAS2540_11,2.25
08EAS2540_12,1.90625
08EAS2540_13,1.3125
08EAS2540_14,2.214285714
08EAS2540_15,2.75
08EAS2540_16,1.3125
08EAS2546_02,2.5
08EAS2546_03,1.833333333
08EAS2546_05,2
08EAS2546_06,2.566666667
08EAS2546_07,1.833333333
08EAS2546_08,3.083333333
08EAS2546_10,1.333333333
08EAS2546_11,1.833333333
08EAS2546_12,2.25
08EAS2546_13,2.3125
08EAS2546_14,2.65625
08EAS2546_15,3.25
08EAS2546_15_R,2.25
08EAS2546_16,2.0875
08EAS2631_02,3
08EAS2631_03,4
08EAS2631_05,2.333333333
08EAS2631_06,2.966666667
08EAS2631_07,2.666666667
08EAS2631_08,2.916666667
08EAS2631_09,3.333333333
08EAS2631_10,4.166666667
08EAS2631_11,5
08EAS2631_12,4.6875
08EAS2631_13,3.6875
08EAS2631_14,4.8125
08EAS2631_15,3
08EAS2631_16,3.875
08EVA3474_02,7
08EVA3474_03,4
08EVA3474_05,8.166666667
08EVA3474_06,6.9
08EVA3474_07,11.16666667
08EVA3474_08,10.33333333
08EVA3474_09,6.5
08EVA3474_11,9
08EVA3555_02,3.583333333
08EVA3555_03,6
08EVA3555_05,5
08EVA3555_06,4.566666667
08EVA3555_07,3
08EVA3555_08,7.833333333
08EVA3555_09,3.583333333
08EVA3555_10,2
08EVA3555_11,9.666666667
08EVA3555_12,8.65625
08EVA3555_13,7.535714286
08EVA3555_14,5.783333333
08EVA3555_15,6
08EVA3637_02,1.666666667
08EVA3637_03,2
08EVA3637_07,3.25
08EVA3637_08,3.916666667
08EVA3637_09,1.833333333
08EVA3637_10,2.333333333
08EVA3637_11,2.333333333
08EVA3637_13,2.111111111
08EVA3637_14,1.8125
08EVA3637_15,1.6875
08EVA3637_16,1.8125
08EVA3640_02,2.75
08EVA3640_03,3.5
08EVA3640_05,2.583333333
08EVA3640_06,4.233333333
08EVA3640_07,3.75
08EVA3640_08,5.5
08EVA3640_09,3.333333333
08EVA3640_10,5
08EVA3640_11,4
08EVA3640_12,4.84375
08EVA3640_13,5.035714286
08EVA3640_14,3.75
08EVA3640_15,4.46875
08EVA3640_16,5.6875
08EVA3642_02,1.083333333
08EVA3642_05,2
08EVA3642_06,4.11
08EVA3642_07,2.133333333
08EVA3642_08,2.666666667
08EVA3642_09,9.033333333
08EVA3642_10,2
08EVA3642_11,1.583333333
08EVA3642_12,3.5
08EVA3642_13,2.5
08EVA3642_14,2.125
08EVA3642_15,2.65625
08EVA3642_15_R,2.78125
08EVA3642_16,1.5
08EVA3813_02,2
08EVA3813_03,3.916666667
08EVA3813_05,2
08EVA3813_06,1.67
08EVA3813_07,2.583333333
08EVA3813_08,2.333333333
08EVA3813_09,2.666666667
08EVA3813_10,3
08EVA3813_11,2.5
08EVA3813_12,2.34375
08EVA3813_13,2.428571429
08EVA3813_14,3.84375
08EVA3813_15,2.4375
08EVA3813_15_R,2.4375
08EVA3813_16,3.0625
08EVA3897_02,2.416666667
08EVA3897_06,1.183333333
08EVA3897_07,2.166666667
08EVA4077_02,1.916666667
08EVA4077_08,1.333333333
08EVA4077_10,1.5
08EVA4077_11,2.333333333
08EVA4077_12,1.46875
08EVA4077_13,1.3125
08EVA4077_14,1.40625
08EVA4165_07,2.833333333
08EVA4249_02,1.666666667
08EVA4249_03,2.75
08EVA4249_05,2.25
08EVA4249_06,2.033333333
08ISS0004_03,5.916666667
08ISS3877_05,5.75
08ISS3877_06,8.466666667
08ISS3877_07,5
08ISS3877_08,5.166666667
08ISS3877_09,6.5
08ISS3877_10,4.833333333
08ISS3877_11,6.833333333
08ISS3877_12,7.28125
08ISS3877_13,7.7
08ISS3877_14,3.75
08ISS3877_15,6
08ISS3877_16,9.6125
08ISS3958_02,2.75
08ISS3958_03,2
08ISS3958_05,3.166666667
08ISS3958_06,2.683333333
08ISS3958_07,3
08ISS3958_08,3
08ISS3958_09,3.333333333
08ISS3958_10,2.666666667
08ISS3958_11,3
08ISS3958_14,3.09375
08ISS3958_15,3.03125
08ISS3962_05,7
08ISS3962_06,9.733333333
08ISS3962_07,6.333333333
08ISS3962_08,5.666666667
08ISS3962_09,6.166666667
08ISS3962_10,8.5
08ISS3962_11,4.583333333
08ISS3962_14,6.90625
08ISS3962_15,5.24625
08ISS3962_16,10.4125
08ISS4294_02,3.75
08ISS4294_05,5.333333333
08ISS4294_06,4.5
08ISS4294_07,3.833333333
08ISS4294_08,5
08ISS4294_09,4.666666667
08ISS4294_10,6.333333333
08ISS4294_11,6
08ISS4294_12,6.5
08ISS4294_13,6.5
08ISS4294_14,4.375
08ISS4294_15,4.0625
08ISS4294_16,5.6875
08ISS4373_02,1.75
08ISS4373_03,2.166666667
08ISS4373_06,1.483333333
08ISS4373_08,1.666666667
08ISS4373_10,2
08ISS4373_11,2
08ISS4573_02,3.25
08ISS4573_03,3.5
08ISS4573_05,4.433333333
08ISS4573_06,3.7
08ISS4573_07,4
08ISS4573_08,4.5
08ISS4573_09,2.333333333
08ISS4573_10,3.666666667
08ISS4573_11,3.833333333
08ISS4573_12,3.6875
08ISS4573_13,5.0625
08ISS4573_14,1.9375
08ISS4573_15,2.375
08ISS4573_16_R,3.8125
08ISS4724_02,3.833333333
08ISS4724_03,2.833333333
08ISS4724_06,3.533333333
08ISS4724_07,4
08ISS4724_08,3.166666667
08ISS4724_09,4.333333333
08ISS4724_10,4.166666667
08ISS4724_11,5.25
08ISS4724_12,3.4375
08ISS4724_13,5.333333333
08ISS4724_15,4.21875
08ISS4724_16,4
08ISS4730_02,6.333333333
08ISS4730_03,4.833333333
08ISS4730_05,5.6
08ISS4730_06,4.533333333
08ISS4730_07,5.333333333
08ISS4730_08,7.333333333
08ISS4730_09,5.166666667
08ISS4730_10,4.333333333
08ISS4730_11,5.166666667
08ISS4730_12,6.125
08ISS4730_13,5.53125
08ISS4730_14,4.78125
08ISS4730_15,3.3375
08ISS4730_16,7.25
08ISS4735_02,2.083333333
08ISS4735_03,1.333333333
08ISS4735_05,1.733333333
08ISS4735_06,2.966666667
08ISS4735_07,1.666666667
08ISS4735_08,2.666666667
08ISS4735_09,3.333333333
08ISS4735_10,2.833333333
08ISS4735_11,2.333333333
08ISS4735_12,1.84375
08ISS4735_13,2.464285714
08ISS4735_14,2.625
08ISS4735_15,2.75
08ISS4735_15_R,2.5625
08ISS4735_16,2.6875
08ISS4742_14,3.65625
08ISS4748_05,5.2
08ISS4748_06,4.3
08ISS4748_07,4
08ISS4748_08,4.666666667
08ISS4748_09,5.166666667
08ISS4748_10,4.333333333
08ISS4748_11,3.666666667
08ISS4748_12,6.15625
08ISS4748_13,4.3125
08ISS4748_14,6.46875
08ISS4748_15,6.03125
08ISS4748_16,6.625
08ISS4884_02,3.125
08ISS4884_03,2
08ISS4884_05,2.8
08ISS4884_06,1.433333333
08ISS4884_07,2.333333333
08ISS4884_08,2.666666667
08ISS4884_09,3.333333333
08ISS4884_10,4.666666667
08ISS4884_11,2.666666667
08ISS4884_12,3.09375
08ISS4884_13,2.8125
08ISS4884_14,2.9375
08ISS4884_16,4.125
08LAK2827_02,2
08LAK2827_05,2.6
08LAK2827_06,3.133333333
08LAK2827_07,3.666666667
08LAK2827_08,3
08LAK2827_09,3
08LAK2827_10,2
08LAK2827_11,2.666666667
08LAK2827_12,3
08LAK2827_13,2.21875
08LAK2827_14,4.166666667
08LAK2827_15,2.12625
08LAK2827_16,2.90625
08LAK3121_02,1
08LAK3121_03,2.666666667
08LAK3121_05,2.266666667
08LAK3121_06,2.6
08LAK3121_07,1.5
08LAK3121_08,1.833333333
08LAK3121_09,2
08LAK3121_10,2
08LAK3121_11,2.333333333
08LAK3121_14,2.125
08LAK3121_15,2.25
08LAK3121_16,1.85
08LAK3540_02,3.5
08LAK3540_03,2.333333333
08LAK3540_05,1.733333333
08LAK3540_06,1.6
08LAK3540_07,1.333333333
08LAK3540_08,1.333333333
08LAK3540_09,2
08LAK3540_10,2
08LAK3540_11,3
08LAK3540_12,2.5625
08LAK3540_13,2.5625
08LAK3540_14,2.166666667
08LAK3540_15,2.214285714
08LAK3540_16,2.265625
08LAK3616_02,4.333333333
08LAK3616_03,2.166666667
08LAK3616_05,2.216666667
08LAK3616_06,2.533333333
08LAK3616_07,3.666666667
08LAK3616_08,4
08LAK3616_10,3.833333333
08LAK3616_11,4
08LAK3616_13,3.425
08LAK3616_14,2.5
08LAK3616_16,1.8875
08LAK3627_02,4.333333333
08LAK3627_03,3.083333333
08LAK3627_05,4.8
08LAK3627_06,3.866666667
08LAK3627_07,4
08LAK3627_08,4.333333333
08LAK3627_09,4.333333333
08LAK3627_10,5.333333333
08LAK3627_11,4.666666667
08LAK3627_12,4.125
08LAK3627_13,4.609375
08LAK3627_14,3.5
08LAK3627_15,5.09375
08LAK3627_15_R,4.8125
08LAK3627_16,4.5625
08LAK3628_02,2.25
08LAK3628_05,1.866666667
08LAK3628_06,1.333333333
08LAK3628_07,2
08LAK3628_08,1
08LAK3628_09,2
08LAK3628_10,2.333333333
08LAK3628_11,2
08LAK3628_12,2.59375
08LAK3628_13,1.9375
08LAK3628_14,1.75
08LAK3628_15,2.75
08LAK3628_16,2.34375
08LAK3699_03,2
08LAK3699_05,2.866666667
08LAK3699_06,2.2
08LAK3699_07,3
08LAK3699_08,1.5
08LAK3699_09,2.333333333
08LAK3699_10,3.666666667
08LAK3699_11,4
08LAK3699_14,3.666666667
08LAK3699_14_R,2.4375
08LAK3699_15,1.6
08LAK3699_16,3.25
08LAK3879_02,1.875
08LAK3879_03,2.5
08LAK3879_05,2.866666667
08LAK3879_06,3.733333333
08LAK3879_07,3
08LAK3879_08,3.666666667
08LAK3879_09,3.333333333
08LAK3879_10,3.166666667
08LAK3879_11,3.08
08LAK3879_12,3.125
08LAK3879_13,2.96875
08LAK3879_14,2.375
08LAK3879_15,2.25
08LAK3879_16,2.96875
08LAK3880_02,2.333333333
08LAK3880_03,1.166666667
08LAK3880_05,2.466666667
08LAK3880_06,3
08LAK3880_07,3.333333333
08LAK3880_08,3
08LAK3880_09,3.666666667
08LAK3880_10,3.333333333
08LAK3880_11,4.583333333
08LAK3880_12,1.8125
08LAK3880_13,2.625
08LAK3880_14,3
08LAK3880_15,2.9375
08LAK3880_16,2.15625
08LIT2448_02,1
08LIT2488_05,8.166666667
08LIT2488_06,4.666666667
08LIT2488_07,8.666666667
08LIT2488_08,10.33333333
08LIT2488_09,8.166666667
08LIT2488_10,9.333333333
08LIT2488_11,7.333333333
08LIT2488_14,4.875
08LIT2585_02,6.125
08LIT2585_03,5.333333333
08LIT2585_05,4.833333333
08LIT2585_06,5.216666667
08LIT2585_07,7.083333333
08LIT2585_08,4.666666667
08LIT2585_09,6
08LIT2585_10,4.333333333
08LIT2585_11,3.666666667
08LIT2585_12,5.93125
08LIT2585_13,4.40625
08LIT2585_14,4.875
08LIT2585_15,4.3125
08LIT2585_15_R,5.09375
08LIT2585_16,6.0625
08LIT2602_02,2.166666667
08LIT2602_03,2
08LIT2602_05,2.833333333
08LIT2602_06,2.416666667
08LIT2602_07,1.75
08LIT2602_08,2.833333333
08LIT2602_09,4
08LIT2602_10,2.166666667
08LIT2602_11,3.916666667
08LIT2602_14,3.40625
08LIT2602_15,2.96875
08LIT2602_16_R,4.5
08LIT2603_02,3.75
08LIT2603_03,3.166666667
08LIT2603_05,2.666666667
08LIT2603_06,2.5
08LIT2603_07,2.125
08LIT2603_08,3.666666667
08LIT2603_09,3.833333333
08LIT2603_10,3
08LIT2603_11,3.333333333
08LIT2603_12,3.21875
08LIT2603_13,2.84375
08LIT2603_14,1.84375
08LIT2603_15,2.59375
08LIT2603_16,4.515625
08LIT2682_02,5.333333333
08LIT2682_03,3.833333333
08LIT2682_05,5
08LIT2682_06,5.97
08LIT2682_07,4
08LIT2682_08,5.5
08LIT2682_09,5.666666667
08LIT2682_10,4.833333333
08LIT2682_11,5.333333333
08LIT2682_12,4.40625
08LIT2682_13,3.7
08LIT2682_14,5.25
08LIT2682_15,4.40625
08LIT2682_16,4.5625
08LIT2685_02,5.5
08LIT2685_03,4
08LIT2685_05,3.5
08LIT2685_06,5.663333333
08LIT2685_07,8.25
08LIT2685_08,5
08LIT2685_09,3.333333333
08LIT2685_10,5.5
08LIT2685_11,9.333333333
08LIT2685_12,5.15625
08LIT2685_13,6.34375
08LIT2685_14,5.84375
08LIT2685_15,7.333333333
08LIT2685_16,6.1875
08LIT2692_02,3.375
08LIT2692_03,4.5
08LIT2692_05,4.333333333
08LIT2692_06,3.75
08LIT2692_07,5.375
08LIT2692_08,3.166666667
08LIT2692_09,5.666666667
08LIT2692_10,5.166666667
08LIT2692_11,6
08LIT2692_12,5.375
08LIT2692_14,4.9375
08LIT2692_15,4.3125
08LIT2692_16,3.875
08LIT2781_02,6.333333333
08LIT2781_03,4.083333333
08LIT2781_05,4.666666667
08LIT2781_06,5
08LIT2781_08,4
08LIT2781_09,4.333333333
08LIT2781_10,5.333333333
08LIT2781_11,4.666666667
08LIT2781_12,5
08LIT2781_13,4.4375
08LIT2781_14,2.71875
08LIT2781_15,4.40625
08LIT2781_16,3.4375
08LIT2876_03,3
08LIT2876_07,5.166666667
08LIT2876_08,2.783333333
08NOR0001_02,1.75
08NOR0001_03,1.833333333
08NOR1100_02,1.5
08NOR1100_03,1
08NOR1362_03,4.166666667
08NOR1362_05,6.4
08NOR1362_06,4.966666667
08NOR1362_07,4.833333333
08NOR1362_08,4
08NOR1362_10,3.333333333
08NOR1362_11,5
08NOR1362_12,5.971428571
08NOR1362_13,5.375
08NOR1362_14,4.0625
08NOR1362_15,7.25
08NOR1362_16_R,4.21875
08NOR1370_02,8
08NOR1370_03,6.5
08NOR1370_05,6.833333333
08NOR1370_06,5.766666667
08NOR1370_07,6.166666667
08NOR1370_08,4.666666667
08NOR1370_09,5.666666667
08NOR1370_10,4.333333333
08NOR1370_11,5.333333333
08NOR1370_12,6.03125
08NOR1370_13,3
08NOR1370_14,3.65625
08NOR1370_15,3.9375
08NOR1370_16,5.46875
08NOR1750_03,2.5
08NOR1750_05,3
08NOR1750_06,4.166666667
08NOR1750_07,4
08NOR1750_08,5
08NOR1750_09,3.5
08NOR1750_10,4.666666667
08NOR1750_11,4.25
08NOR1750_13,2.4375
08NOR1750_14,2.678571429
08NOR1750_15,3.375
08NOR1750_16,5.09375
08NOR1756_07,1
08NOR1756_08,4.333333333
08NOR1756_09,3.166666667
08NOR1756_10,1.666666667
08NOR1756_11,2.333333333
08NOR1756_12,2.34375
08NOR1756_13,1.40625
08NOR1756_14,1.3125
08NOR1756_15,1.59375
08NOR1756_15_R,1.59375
08NOR1756_16,2.06875
08NOR2028_02,1.666666667
08NOR2028_03,1.5
08NOR2028_05,4.2
08NOR2028_08,3.666666667
08NOR2115_02,3
08NOR2115_03,2.833333333
08NOR2115_05,2.866666667
08NOR2115_06,2.933333333
08NOR2115_07,4.666666667
08NOR2115_08,4
08NOR2115_09,5.333333333
08NOR2115_10,3.333333333
08NOR2115_11,5.166666667
08NOR2115_12,4.1875
08NOR2115_13,5.0625
08NOR2115_14,4.15625
08NOR2115_15_R,5.0625
08NOR2115_16_R,6.9625
08NOR2306_03,8.9
08NOR2306_05,4
08NOR2306_06,5.683333333
08NOR2306_08,3.666666667
08NOR2306_09,5
08NOR2306_10,3.333333333
08NOR2306_12,5.5
08NOR2306_13,4
08NOR2306_14,4.53125
08NOR2306_15,5.875
08NOR2306_16,5.25
08SAM0000_02,2
08SAM0000_03,2.833333333
08SAM0000_05,2
08SAM0000_06,1.943333333
08SAM0000_07,3
08SAM0000_08,2.5
08SAM0000_09,2.333333333
08SAM0000_10,3
08SAM0000_11,3
08SAM0000_14,1.8125
08SAM0000_15,3.625
08SAM0000_16,2.96875
08SAM1914_02,1.5
08SAM1914_05,2.666666667
08SAM1914_06,1.55
08SAM1914_07,2.166666667
08SAM1914_08,3.083333333
08SAM1914_09,2
08SAM1914_10,2.166666667
08SAM1914_11,1.333333333
08SAM1914_12,2.0625
08SAM1914_13,1.34375
08SAM1914_14,2.0625
08SAM1914_15,2
08SAM1914_15_R,1.8125
08SAM1914_16,1.375
08SAM2674_02,2.25
08SAM2674_03,3.166666667
08SAM2674_05,3.6
08SAM2674_06,2.733333333
08SAM2674_07,3.166666667
08SAM2674_08,2.833333333
08SAM2674_09,2.666666667
08SAM2674_10,2.833333333
08SAM2674_11,3
08SAM2674_12,3.46875
08SAM2674_13,3.6875
08SAM2674_14,3
08SAM2674_15,3.1875
08SAM2674_16,3.65625
08SAM2855_02,1.75
08SAM2855_05,2.083333333
08SAM2855_06,1.693333333
08SAM2855_07,1.583333333
08SAM2855_08,1.416666667
08SAM2855_09,2.5
08SAM2855_10,1.166666667
08SAM2855_11,2
08SAM2855_13,1.1875
08SAM2855_14,1.25
08SAM2855_15,1.5625
08SAM2855_16,1.28125
08SAM2862_02,2.833333333
08SAM2862_03,2
08SAM2862_05,3.2
08SAM2862_06,3.11
08SAM2862_07,2.166666667
08SAM2862_08,1.833333333
08SAM2862_09,2.066666667
08SAM2862_10,2.166666667
08SAM2862_11,1.75
08SAM2862_12,2.84375
08SAM2862_13,3.0625
08SAM2862_14,1.84375
08SAM2862_15,2.35625
08SAM2862_16,1.75
08SAM2865_02,3.25
08SAM2865_03,4.166666667
08SAM2865_05,4.266666667
08SAM2865_06,3.933333333
08SAM2865_07,3.333333333
08SAM2865_08,5.166666667
08SAM2865_09,9.166666667
08SAM2865_10,7.666666667
08SAM2865_11,3
08SAM2865_12,4.3125
08SAM2865_13,3.875
08SAM2865_14,4.25
08SAM2865_15,4.125
08SAM2865_15_R,5.0625
08SAM2865_16,3.5
08SAM2946_02,3
08SAM2946_03,2
08SAM2946_05,3
08SAM2946_06,2.943333333
08SAM2946_07,3.083333333
08SAM2946_08,2
08SAM2946_09,3
08SAM2946_10,2.5
08SAM2951_02,3.375
08SAM2951_03,3.666666667
08SAM2951_06,4.966666667
08SAM2951_07,3.916666667
08SAM3045_02,2.5
08SAM3045_03,3.75
08SAM3045_06,2.916666667
08SAM3045_07,2.916666667
08SAM3045_08,1.583333333
08SAM3045_09,3.166666667
08SAM3045_10,3.166666667
08SAM3045_11,2
08SAM3045_12,3
08SAM3045_13,3.0625
08SAM3045_14,3.34375
08SAM3045_15,3.0625
08SAM3045_16,2.9375
08SAM3047_02,1.75
08SAM3047_03,1
08SAM3047_06,1.716666667
08SAM3047_07,2
08SAM3047_08,1.666666667
08SAM3047_09,1.666666667
08SAM3047_10,1.666666667
08SAM3047_11,2
08SAM3047_12,2.03125
08SAM3047_13,1.75
08SAM3047_14,1.21875
08SAM3047_15,1.78125
08SAM3047_16,2.03125
08WES0622_02,1.25
08WES0622_03,1.416666667
08WES0622_05,1.2
08WES0622_06,7.5
08WES0622_07,2
08WES0622_08,1.666666667
08WES0622_09,1.666666667
08WES0622_10,2.5
08WES0622_11,2.5
08WES0622_12,2.21875
08WES0622_13,2
08WES0622_14,3.03125
08WES0622_15,1.8125
08WES0622_16,1.53125
08WES0629_02,3
08WES0629_03,4
08WES0629_05,3.166666667
08WES0629_06,2.933333333
08WES0629_07,4.666666667
08WES0629_08,4
08WES0629_09,4
08WES0629_10,3.333333333
08WES0629_11,6
08WES0629_12,5.3125
08WES0629_13,4
08WES0629_14,2.9375
08WES0629_15,3.333333333
08WES0629_16,3.3125
08WES0903_02,4.25
08WES0903_03,4
08WES0903_05,3
08WES0903_06,3.766666667
08WES0903_07,3.25
08WES0903_08,4.666666667
08WES0903_09,4.333333333
08WES0903_10,4.666666667
08WES0903_11,4.166666667
08WES0903_12,4.21875
08WES0903_13,4.3125
08WES0903_14,3.921875
08WES0903_15,4.5
08WES0903_16,3.875
08WES0905_02,2.5
08WES0905_03,3.416666667
08WES0905_05,3.5
08WES0905_06,2.266666667
08WES0905_07,3.5
08WES0905_08,4.333333333
08WES0905_09,2
08WES0905_10,3
08WES0905_11,3.333333333
08WES0905_12,3.1875
08WES0905_13,3.5
08WES0905_14,2.34375
08WES0905_15,2.1875
08WES0905_15_R,2.5
08WES0905_16,2.93125
08WES1036_02,1.25
08WES1036_03,2
08WES1036_05,1.466666667
08WES1036_06,4.316666667
08WES1036_07,1.666666667
08WES1036_08,1.333333333
08WES1036_09,1.666666667
08WES1036_10,2
08WES1036_11,1.666666667
08WES1037_02,1.916666667
08WES1037_03,2.083333333
08WES1037_05,1.6
08WES1037_06,2
08WES1037_07,2.166666667
08WES1037_08,2.333333333
08WES1037_09,1.333333333
08WES1037_10,2
08WES1037_11,2.733333333
08WES1037_12,2.53125
08WES1037_13,2.25
08WES1037_14,2.15625
08WES1037_15,2.5
08WES1037_16,1.8125
08WES1178_02,1.333333333
08WES1178_03,1.583333333
08WES1178_05,1.833333333
08WES1178_06,1.533333333
08WES1178_07,2.333333333
08WES1178_08,1.5
08WES1178_09,1.5
08WES1178_10,1.666666667
08WES1178_11,1.666666667
08WES1178_12,1.75
08WES1178_13,1.214285714
08WES1178_14,1.65625
08WES1178_15,1.8125
08WES1178_16,1.75
08WES1340_03,2.083333333
08WES1340_05,2.8
08WES1340_06,1.833333333
08WES1340_07,2.333333333
08WES1340_08,2.666666667
08WES1340_09,0.14
08WES1340_10,2.333333333
08WES1340_11,3.416666667
08WES1340_14,2.90625
08WES1340_15,2.375
08WES1340_16,2.4125
08WES1490_02,1.375
08WES1490_03,1.333333333
08WES1490_05,1.8
08WES1490_06,10.75
08WES1490_08,1.333333333
08WES1490_09,1.333333333
08WES1490_10,2
08WES1490_11,2
08WES1490_13,2.34375
08WES1490_14,2.625
08WES1490_15,2
08WES1579_02,1.333333333
08WES1579_03,1.333333333
08WES1579_05,2.4
08WES1579_06,4
08WES1579_07,1.5
08WES1579_08,2
08WES1579_09,1.666666667
08WES1579_10,2
08WES1579_11,1.333333333
08WES1579_12,1.9375
08WES1579_13,1.3125
08WES1579_14,2.34375
08WES1579_15,1.5
08WES1579_16,1.8625
09BLA0675_02,3.333333333
09BLA0675_03,4.166666667
09BLA0675_05,3.666666667
09BLA0675_06,3.805555556
09BLA0675_07,3
09BLA0675_08,2.5
09BLA0675_09,3.166666667
09BLA0675_10,3.833333333
09BLA0675_11,4.266666667
09BLA0675_12,3
09BLA0675_13,2.78125
09BLA0675_14,2.625
09BLA0675_15,2.875
09BLA0675_16,3
09BLA0716_02,2.833333333
09BLA0716_03,3.166666667
09BLA0716_05,2.666666667
09BLA0716_06,4.416666667
09BLA0716_07,4.916666667
09BLA0716_08,4.083333333
09BLA0716_09,5.1
09BLA0716_10,4
09BLA0716_11,3.666666667
09BLA0716_12,5.5
09BLA0716_13,3
09BLA0716_14,3.875
09BLA0716_15,3.875
09BLA0716_16,4.1875
09BLA0722_02,2
09BLA0722_03,1.5
09BLA0722_05,1.75
09BLA0722_06,2.863333333
09BLA0722_07,3.25
09BLA0722_08,2.333333333
09BLA0722_09,1.5
09BLA0722_10,2
09BLA0722_11,3
09BLA0722_12,2.5625
09BLA0722_13,2.59375
09BLA0722_14,2.40625
09BLA0722_15,2.6875
09BLA0722_16,2.3125
09BLA0756_02,1.833333333
09BLA0756_03,2.416666667
09BLA0756_05,1.2
09BLA0756_06,2.066666667
09BLA0756_07,1.5
09BLA0756_08,2.166666667
09BLA0756_09,3.833333333
09BLA0756_10,1.75
09BLA0756_11,1.833333333
09BLA0756_12,2.125
09BLA0756_13,1.125
09BLA0756_14,2.8125
09BLA0756_15,1.357142857
09BLA0756_16,2.3125
09BLA0768_02,2.666666667
09BLA0768_03,3.166666667
09BLA0768_05,2.5
09BLA0768_06,3.333333333
09BLA0768_07,3.166666667
09BLA0768_08,4.416666667
09BLA0768_09,3.833333333
09BLA0768_10,3.666666667
09BLA0768_11,5.333333333
09BLA0768_12,4
09BLA0768_13,3.9375
09BLA0768_14,3.09375
09BLA0768_15,3.75
09BLA0768_16,4.84375
09BLA0771_02,1.833333333
09BLA0771_05,1.5
09BLA0771_06,1.5
09BLA0771_07,1.5
09BLA0771_08,2.666666667
09BLA0771_09,1.833333333
09BLA0771_10,1.333333333
09BLA0771_11,2
09BLA0771_12,1.40625
09BLA0771_13,1.125
09BLA0771_14,1.1875
09BLA0771_15,1.21875
09BLA0771_16,1.5
09BLA0772_02,3
09BLA0772_03,2.166666667
09BLA0772_05,2.833333333
09BLA0772_06,3.1
09BLA0772_07,2.5
09BLA0772_08,2.5
09BLA0772_09,1.916666667
09BLA0772_10,2.5
09BLA0772_11,3.166666667
09BLA0772_12,2.625
09BLA0772_13,1.96875
09BLA0772_14,2.5625
09BLA0772_15,2.305555556
09BLA0772_16,2.34375
09BLA0813_02,1.25
09BLA0813_06,1.666666667
09BLA0813_07,1.666666667
09BLA0813_08,3.916666667
09BLA0813_10,1.166666667
09BLA0813_11,2.166666667
09BLA0817_02,1.833333333
09BLA0817_03,1.583333333
09BLA0817_05,2
09BLA0817_06,2.066666667
09BLA0817_07,1.916666667
09BLA0817_08,1.333333333
09BLA0817_09,2.416666667
09BLA0817_10,1.5
09BLA0817_11,2.333333333
09BLA0817_12,2.1875
09BLA0817_13,2.0625
09BLA0817_14,1.6875
09BLA0817_15,2.0625
09BLA0817_16,2.5
09COV1165_02,8.166666667
09COV1165_03,5.5
09COV1165_05,5.666666667
09COV1165_06,5.533333333
09COV1165_07,3.833333333
09COV1165_08,4.333333333
09COV1165_09,10.33333333
09COV1165_10,7
09COV1165_11,6.333333333
09COV1165_12,5.8125
09COV1165_13,4.9375
09COV1165_14,6.4375
09COV1165_15,3.9375
09COV1165_16,6.34375
09COV1418_02,1.5
09COV1418_05,2.5
09COV1418_06,2.333333333
09COV1418_07,2.25
09COV1418_08,2.666666667
09COV1418_09,4.333333333
09COV1418_10,4.333333333
09COV1418_11,3
09COV1418_12,3.71875
09COV1418_13,2.375
09COV1418_14,2.375
09COV1418_15,1.9375
09COV1418_15_R,1.3125
09COV1418_16,2.0625
09COV1753_02,3.5
09COV1756_03,3.333333333
09COV1756_05,3
09COV1756_06,2.083333333
09COV1756_07,3.833333333
09COV1756_08,6.75
09COV1756_09,3.333333333
09COV1756_10,5.666666667
09COV1756_11,3
09COV1756_12,3.5
09COV1756_13,3.0625
09COV1756_14,4.109375
09COV1756_15,3.71875
09COV1756_16,4.583333333
09COV1798_02,9
09COV1798_05,8
09COV1798_06,9.276666667
09COV1798_07,10
09COV1798_08,9.166666667
09COV1798_09,3.333333333
09COV1798_10,8.5
09COV1798_11,5.666666667
09COV1798_12,9
09COV1862_02,2
09COV1862_05,1.75
09COV1862_06,1.723333333
09COV1862_07,2
09COV1862_08,1.583333333
09COV1862_09,1
09COV1862_10,2
09COV1862_11,1
09COV1862_13,1.8125
09COV1862_14,1.3125
09COV1862_15,0.84375
09COV1862_16,3.03125
09COV1864_02,2.5
09COV1864_07,1.75
09COV1864_08,1.5
09COV1864_09,1.333333333
09COV1864_10,3.333333333
09COV1864_11,1.666666667
09COV1864_12,1.96875
09COV1864_13,1.28125
09COV1864_14,1.71875
09DEE2163_02,3
09DEE2163_03,2.333333333
09DEE2163_05,3.5
09DEE2163_06,3
09DEE2163_07,5.5
09DEE2163_08,3.583333333
09DEE2163_09,2.666666667
09DEE2163_10,4.333333333
09DEE2163_11,3.333333333
09DEE2163_12,3.375
09DEE2163_13,2.1875
09DEE2163_14,1.9375
09DEE2163_15,1.71875
09DEE2163_16,2.84375
09DEE2208_02,6
09DEE2208_03,6.5
09DEE2208_05,7.333333333
09DEE2208_06,4.666666667
09DEE2208_07,6
09DEE2208_08,3.416666667
09DEE2208_09,4.833333333
09DEE2208_10,4.166666667
09DEE2208_11,4.666666667
09DEE2208_12,6.21875
09DEE2208_13,5.125
09DEE2208_14,4.5
09DEE2208_15,4.5
09DEE2208_16,4.6875
09DEE2211_02,7
09DEE2211_05,5.5
09DEE2211_06,2.966666667
09DEE2211_07,6
09DEE2211_08,4.333333333
09DEE2211_09,2.666666667
09DEE2211_10,2.833333333
09DEE2211_12,3.4375
09DEE2211_13,2.59375
09DEE2211_14,2.5625
09DEE2211_16_R,3.953125
09DEE2266_02,4.166666667
09DEE2266_03,3.166666667
09DEE2266_05,5.166666667
09DEE2294_02,6
09DEE2294_03,4.833333333
09DEE2294_05,7.5
09DEE2294_06,3.8
09DEE2294_07,3.333333333
09DEE2294_08,4.166666667
09DEE2294_09,5.666666667
09DEE2294_10,4.333333333
09DEE2294_11,5.333333333
09DEE2294_12,5.625
09DEE2294_13,4.15625
09DEE2294_14,3.5
09DEE2294_15,3.4375
09DEE2294_16,5.0625
09DUW0024_02,0.916666667
09DUW0024_07,2.75
09DUW0091_02,2.833333333
09DUW0091_03,2.833333333
09DUW0091_06,2.113333333
09DUW0091_07,1.916666667
09DUW0091_08,2.666666667
09DUW0091_09,2.416666667
09DUW0091_10,2.5
09DUW0091_11,1.833333333
09DUW0091_12,2.875
09DUW0091_14,2.65625
09DUW0091_15,1.607142857
09DUW0091_16,2.625
09DUW0144_02,4.833333333
09DUW0144_03,5.04
09DUW0144_05,6
09DUW0144_06,4.526666667
09DUW0144_07,5.25
09DUW0144_08,6.333333333
09DUW0144_10,4.75
09DUW0144_11,3.333333333
09DUW0225_02,2.333333333
09DUW0225_03,2.5
09DUW0225_07,4.333333333
09DUW0225_08,2.25
09DUW0225_09,3.166666667
09DUW0225_10,1.333333333
09DUW0225_11,1.416666667
09DUW0225_12,2.03125
09DUW0225_13,1.875
09DUW0225_14,1.78125
09DUW0225_15,1.73125
09DUW0225_16,1.4375
09DUW0277_02,3
09DUW0277_03,3.333333333
09DUW0277_05,4
09DUW0277_06,2.933333333
09DUW0277_07,3.333333333
09DUW0277_08,2.833333333
09DUW0277_09,3.833333333
09DUW0277_10,3.5
09DUW0277_12,3.5625
09DUW0277_13,3.4375
09DUW0277_14,3.28125
09DUW0277_15,4.46875
09DUW0277_16,4.8125
09JEN1318_02,4
09JEN1318_03,3
09JEN1318_05,6
09JEN1318_06,5.225
09JEN1318_07,4.47
09JEN1318_08,8.75
09JEN1318_10,4.5
09JEN1318_11,3.666666667
09JEN1318_12,6.25
09JEN1318_13,4.5625
09JEN1318_15,5.65625
09JEN1318_16_R,9.28125
09JEN1357_02,5.333333333
09JEN1357_03,4.166666667
09JEN1357_05,6.716666667
09JEN1357_06,6.8
09JEN1357_07,6.5
09JEN1357_08,5.5
09JEN1357_09,4.5
09JEN1357_10,5.333333333
09JEN1357_11,6.666666667
09JEN1357_12,7
09JEN1357_13,3
09JEN1357_15,2.15625
09JEN1357_16,3.28125
09JEN1358_02,5.333333333
09JEN1358_03,4.333333333
09JEN1358_05,8
09JEN1358_06,6.566666667
09JEN1358_07,13
09JEN1358_08,3.25
09JEN1358_09,6.333333333
09JEN1358_11,4.833333333
09JEN1358_12,9.625
09LOW0325_02,2.5
09LOW0325_03,2.333333333
09LOW0325_05,4.5
09LOW0325_06,3.5
09LOW0325_07,2.25
09LOW0325_08,2.416666667
09LOW0325_09,3
09LOW0325_10,2.833333333
09LOW0325_11,2.333333333
09LOW0325_12,1.84375
09LOW0325_13,1.59375
09LOW0325_14,1.53125
09LOW0325_15,1.142857143
09LOW0325_16,3.0625
09LOW0406_02,3.666666667
09LOW0406_05,6
09LOW0406_06,2.983333333
09LOW0406_07,4.25
09LOW0406_08,4.333333333
09LOW0406_09,3.666666667
09LOW0406_10,5.333333333
09LOW0406_11,5
09LOW0751_02,2.333333333
09LOW0751_03,2
09LOW0751_05,3
09LOW0751_06,2.053333333
09LOW0751_07,2.75
09LOW0751_08,1.916666667
09LOW0751_09,1.666666667
09LOW0751_10,3.25
09LOW0751_11,2.666666667
09LOW0751_12,2.46875
09LOW0751_13,1.90625
09LOW0751_14,1.4375
09LOW0751_15,2.25625
09LOW0751_16,2.5625
09LOW0753_02,2.333333333
09LOW0753_03,1.833333333
09LOW0753_05,1.5
09LOW0753_06,1.583333333
09LOW0753_07,2.333333333
09LOW0753_08,2
09LOW0753_10,1.5
09LOW0753_11,2.333333333
09LOW0753_12,2.375
09LOW0753_13,1.5625
09LOW0753_14,2.4375
09LOW0753_16,1.25
09LOW0788_02,1.833333333
09LOW0788_03,3.166666667
09LOW0788_06,2.386666667
09LOW0788_07,4.333333333
09LOW0788_08,3.5
09LOW0788_09,2.166666667
09LOW0788_10,3.5
09LOW0788_11,2
09LOW0788_12,3.84375
09LOW0788_13,3.875
09LOW0788_14,3.4375
09MID1374_02,3
09MID1374_03,3.333333333
09MID1374_05,5
09MID1374_06,4.666666667
09MID1374_07,4.166666667
09MID1374_08,3.833333333
09MID1374_09,3
09MID1374_10,3.666666667
09MID1374_11,3.166666667
09MID1374_12,3.4375
09MID1374_13,2.6875
09MID1374_14,2.46875
09MID1374_15,3.6625
09MID1374_16_R,3.9875
09MID1495_02,4.5
09MID1495_03,4.5
09MID1495_05,7
09MID1495_06,9.533333333
09MID1495_07,7.583333333
09MID1495_08,2.833333333
09MID1495_09,3.666666667
09MID1495_10,7
09MID1495_11,7.166666667
09MID1537_02,8.833333333
09MID1537_03,7.5
09MID1537_05,7
09MID1537_06,3.033333333
09MID1537_07,2.666666667
09MID1537_08,2.5
09MID1537_09,2.666666667
09MID1537_10,2
09MID1537_11,2.833333333
09MID1537_12,2.125
09MID1537_13,2.125
09MID1537_14,2.03125
09MID1537_15,1.6875
09MID1537_16,2.6875
09MID1704_02,4.333333333
09MID1704_03,2.833333333
09MID1704_06,2.833333333
09MID1704_07,4.276666667
09MID1704_08,2.833333333
09MID1704_09,4.833333333
09MID1704_10,2.166666667
09MID1704_11,5
09MID1744_02,2.833333333
09MID1744_03,5
09MID1744_05,3
09MID1744_06,4.416666667
09MID1744_07,4.5
09MID1744_08,5.5
09MID1744_09,4.666666667
09MID1744_10,4.833333333
09MID1744_11,3.666666667
09MID1744_12,4
09MID1744_13,2.84375
09MID1744_14,3.03125
09MID1744_15,3.78125
09MID1744_15_R,4.28125
09MID1744_16,4.25
09MID1817_02,2.333333333
09MID1817_03,2.5
09MID1817_05,3.833333333
09MID1817_06,3.15
09MID1817_07,3.333333333
09MID1817_08,4.5
09MID1817_09,2
09MID1817_10,2.5
09MID1817_11,3.5
09MID1817_12,3.1875
09MID1817_13,3.3125
09MID1817_14,2.96875
09MID1817_15,2.625
09MID1817_16,4.0625
09MID1958_02,4.833333333
09MID1958_03,6
09MID1958_05,6.333333333
09MID1958_06,5.616666667
09MID1958_07,6.5
09MID1958_08,5.583333333
09MID1958_09,3.25
09MID1958_10,5.166666667
09MID1958_11,5
09MID1958_12,6.25
09MID1958_13,6
09MID1958_14,3.546875
09MID1958_15,4.28125
09MID2426_02,3.333333333
09MID2426_03,2
09MID2426_05,3.083333333
09MID2426_06,3.166666667
09MID2426_07,3.75
09MID2426_08,2.666666667
09MID2426_09,2.333333333
09MID2426_10,4.833333333
09MID2426_11,3.166666667
09MID2426_12,3.78125
09MID2426_13,2.71875
09MID2426_14,0.84375
09MID2426_15,2.71875
09MID2426_16,2.6875
09MIL0291_02,2
09MIL0291_03,2.166666667
09MIL0340_02,3.166666667
09MIL0340_03,2.833333333
09MIL0340_05,2.5
09MIL0340_06,3.5
09MIL0340_07,3.166666667
09MIL0340_09,3.333333333
09MIL0340_10,3.25
09MIL0340_11,3.833333333
09MIL0340_13,3.5625
09MIL0340_14,3.09375
09MIL0340_15,3.607142857
09MIL0340_16,2.59375
09MIL0390_02,3.166666667
09MIL0390_03,2.333333333
09MIL0390_05,2.5
09MIL0390_06,3.633333333
09MIL0390_07,5.666666667
09MIL0390_08,2.666666667
09MIL0390_09,3.5
09MIL0390_10,3.833333333
09MIL0390_11,3.666666667
09MIL0390_12,2.5
09MIL0390_13,3.957142857
09mil0390_14,3.375
09MIL0390_15,2.5
09MIL0390_16,4.25
09MIL0497_06,3.6
09NEW1657_02,7
09NEW1657_03,8.166666667
09NEW1657_05,10.73333333
09NEW1657_06,8
09NEW1657_07,8.166666667
09NEW1657_08,7.225
09NEW1657_09,5.666666667
09NEW1657_10,10
09NEW1657_11,7.666666667
09NEW1657_12,7
09NEW1657_13,4.5625
09NEW1657_14,8.875
09NEW1657_15,6
09NEW1657_16,6.75
09NEW1875_02,10.66666667
09NEW1875_05,9
09NEW1875_06,10.23333333
09NEW1875_07,9
09NEW1875_08,5.025
09NEW1875_09,7.333333333
09NEW1875_10,7.5
09NEW1875_11,7.666666667
09NEW1875_13,9.1875
09NEW1911_02,7.083333333
09NEW1911_05,6.583333333
09NEW1911_06,7.266666667
09NEW1911_07,8.333333333
09NEW1911_08,6.583333333
09NEW1911_09,8
09NEW2076_02,2.75
09NEW2076_03,2.5
09NEW2076_05,4.333333333
09NEW2076_06,2.233333333
09NEW2076_07,3.416666667
09NEW2076_08,2
09NEW2076_10,6
09NEW2076_11,3.166666667
09NEW2076_12,3.875
09NEW2076_13,2.78125
09NEW2076_14,2.65625
09NEW2076_15,2.8125
09NEW2076_16,3.5625
09NEW2078_02,3.5
09NEW2078_05,6.5
09NEW2078_08,4.833333333
09NEW2102_02,3
09NEW2102_03,2.166666667
09NEW2102_05,3.5
09NEW2102_06,2.863333333
09NEW2102_07,4.666666667
09NEW2102_08,4
09NEW2102_09,2.75
09NEW2102_10,3.5
09NEW2102_11,2.666666667
09NEW2102_12,4.65625
09NEW2102_13,2.734375
09NEW2102_14,3.0625
09NEW2102_15,3.725
09NEW2102_16,3.1875
09NEW2128_02,3.5
09NEW2128_03,2.333333333
09NEW2128_05,4
09NEW2128_06,2.386666667
09NEW2128_07,3.333333333
09NEW2128_08,3.25
09NEW2128_09,3.333333333
09NEW2128_10,3.833333333
09NEW2128_11,3.333333333
09NEW2128_12,3.6875
09NEW2128_13,3.15625
09NEW2128_14,3.9375
09NEW2128_15,3.28125
09NEW2128_15_R,2.96875
09NEW2128_16,3.8125
09NEW2151_02,3.333333333
09NEW2151_03,3.166666667
09NEW2151_05,2.75
09NEW2151_06,3.433333333
09NEW2151_07,4.5
09NEW2151_08,5.35
09NEW2151_09,4.666666667
09NEW2151_10,4.833333333
09NEW2151_11,4.666666667
09NEW2151_12,5.4375
09NEW2151_13,4.375
09NEW2151_14,6.375
09NEW2151_16,3.96875
09SOO0943_02,3.333333333
09SOO0943_03,6
09SOO0943_05,8
09SOO0943_06,3.166666667
09SOO0943_07,8.25
09SOO0943_08,6.666666667
09SOO0943_09,6.25
09SOO0943_10,4.166666667
09SOO0943_11,6.333333333
09SOO0943_12,4.65625
09SOO0943_13,9
09SOO0943_14,5.1875
09SOO0943_15,7
09SOO0943_16,7
09SOO1020_02,3.333333333
09SOO1020_03,3
09SOO1022_02,3.666666667
09SOO1022_03,2.5
09SOO1022_06,3.613333333
09SOO1022_07,3.5
09SOO1022_08,2.166666667
09SOO1022_09,3.833333333
09SOO1022_10,6.333333333
09SOO1022_11,3.666666667
09SOO1022_12,3.4375
09SOO1022_13,3.333333333
09SOO1022_14,3.578125
09SOO1022_15,2.0625
09SOO1022_16,2.59375
09SOO1040_02,2
09SOO1106_02,1.666666667
09SOO1106_03,2.666666667
09SOO1106_05,2.2
09SOO1106_07,3.683333333
09SOO1106_08,2.666666667
09SOO1106_10,2
09SOO1106_11,1.75
09SOO1130_02,5.833333333
09SOO1130_03,6.333333333
09SOO1130_05,7.333333333
09SOO1130_06,6.033333333
09SOO1130_07,7.333333333
09SOO1130_08,6.166666667
09SOO1130_09,9.166666667
09SOO1130_10,6.75
09SOO1130_11,4.666666667
09SOO1130_12,5.25
09SOO1130_13,4
09SOO1130_14,7.09375
09SOO1130_15,7.875
09SOO1130_16,7.625
09SOO1134_02,6.833333333
09SOO1134_03,5.666666667
09SOO1134_05,9.3
09SOO1134_06,7.916666667
09SOO1134_07,4.5
09SOO1134_08,6.166666667
09SOO1134_09,6.833333333
09SOO1134_10,8
09SOO1134_11,6.833333333
09SOO1134_12,7.25
09SOO1134_13,8
09SOO1134_14,6.125
09SOO1134_15,8.29
09SOO1134_16,8.4375
09SOO1144_02,2.666666667
09SOO1144_03,3
09SOO1144_06,2.683333333
09SOO1144_07,4.166666667
09SOO1144_08,4.25
09SOO1144_10,2.5
09SOO1144_11,3
09SOO1209_03,3
09SOO1209_05,8
09SOO1209_07,6.833333333
09SOO1209_08,9.5
09SOO1209_09,3.666666667
09SOO1209_10,6.5
09SOO1209_11,4.666666667
09SOO1209_12,6.642857143
09SOO1209_13,5.125
09SOO1209_14,3.8125
09SOO1209_15,4.815
09SOO1209_16,5.3125
09SOO1283_02,5.5
09SOO1283_03,4.166666667
09SOO1283_05,3.666666667
09SOO1283_06,5.226666667
09SOO1283_07,3.916666667
09SOO1283_08,3.166666667
09SOO1283_09,5.666666667
09SOO1283_10,3.5
09SOO1283_11,3.916666667
09SOO1283_12,3.3125
09SOO1283_13,5
09SOO1283_14,3.555555556
09SOO1283_15,3.3
09SOO1283_15_R,3.166666667
09SOO1283_16_R,4.09375
28A_08,5.75
28A_09,5.666666667
28A_10,4.833333333
28A_12,4.5
28A_13,3.75
28A_16,3.375
31I_08,3.75
31I_09,5
31I_10,4
31I_12,5.166666667
31Q_08,4.75
31Q_09,4.666666667
31Q_10,5.833333333
31Q_12,5.333333333
53E_08,2.833333333
53E_09,3
53E_10,3.166666667
53E_12,2.25
65A_08,2.666666667
65A_09,2
65A_10,2.5
65A_12,2.5
65B_08,2.75
65B_09,3.333333333
65B_10,2.666666667
65B_12,3.083333333
BMEP BEAR 09_02,5.416666667
BMEP BEAR01_02,3.456666667
BMEP CEDAR01_02,2.666666667
BMEP CEDAR02_02,1.083333333
BMEP CEDAR04_02,3.333333333
BMEP CEDAR05_02,3.25
BMEP CEDAR07_02,3.375
BMEP CEDAR09_02,1.25
BMEP ISSAQ03_02,5.833333333
BMEP ISSAQ04_02,5.666666667
BMEP ISSAQ06_02,4.75
BMEP ISSAQ07_02,3.666666667
BMEP ISSAQ08_02,1
BMEP SOOS03_02,2.333333333
BMEP SOOS04_02,5.5
BMEP SOOS05_02,4.333333333
BSE_1_MudMtnRd_14,4.3125
BSE_1_MudMtnRd_15,4.1875
BSE_1_MudMtnRd_16,2.857142857
BSE_21_GolfCrs_14,3.8125
BSE_21_GolfCrs_16,4.75
BSE_8_268thAveSE_14,4.71875
BSE_8_268thAveSE_15,3.625
BSE_8_268thAveSE_16,5.96875
Colin N,2.5
Colin S,3.25
DM200th_12,2.4375
Dmmouth_12,3.875
E1168_15,5.8125
E1261_15,1.375
E1264_14,1.28125
E1264_15,1.78125
Evans Creek East,3.5
MackRed107_15,3.21875
Mercer06_08,1.916666667
Mercer10_08,2.666666667
Mercer42_08,1.666666667
Miller_Cove_12,3.6875
Miller_Cove_14,2.5625
Miller_Cove_15,2.375
Miller_Cove_16,3.1875
Miller_SWSSD_12,4.65625
Miller_SWSSD_14,4
Miller_SWSSD_15,3.3125
Miller_SWSSD_16,3.75
MontRed94_14,2.1875
MontRed94_15,2.3125
NPDES_BP1_14,3.78125
NPDES_BP1_15,4.84375
NPDES_BP7_15,1.9375
NPDES_BP8_14,2.5625
NPDES_BP8_15,3.4375
Rutherford Creek,2.5
VashChris_06,1.7
VashChris_07,2.833333333
VashChris_08,3.166666667
VASHCHRIS_09,2.333333333
VASHCHRIS_10,2.666666667
VashChris_11,2.333333333
VashChris_12,2.75
VashChris_13,2.375
VashChris_14,3.25
VashChris_15,4.75
VashChris_16,2.8125
VashJudd_06,1.45
VashJudd_07,3.333333333
VASHJUDD_09,4.333333333
VASHJUDD_10,3.666666667
VashJudd_11,3
VashJudd_12,4.5
VashJudd_14,0.3975
VashJudd_15,5
VashShing_06,3
VashShing_07,3.666666667
VashShing_08,4
VASHSHING_09,4.333333333
VASHSHING_10,4.333333333
VashShing_11,3.333333333
VashShing_12,4.075
VashShing_13,2.75
VashShing_14,0.2425
VashShing_15,4.75
VashShing_16,2.375
WalkerPreserve_12,5.09375
WalkerPreserve_14,5.59375
WalkerPreserve_15,2.03125
WalkerPreserve_16,1.96875
WAM06600_017111_14,5.5625
WAM06600_017111_15,2.875
WAM06600_036971_15,7.25
WAM06600_076119_14,4.3125
WAM06600_076119_15,4.625
WAM06600_122423_15,3.03125
