SITE_ID,SAMPLE_NUMBER,SampleID,Sand (A),Very Fine Gravel (B),Very Fine Gravel (C),Fine Gravel (D),Fine Gravel (E),Medium Gravel (F),Medium Gravel (G),Course Gravel (H),Course Gravel (I),Very Course Gravel (J),Very Course Gravel (K),Small Cobble (L),Medium Cobble (M),Large Cobble (N),Very Large Cobble (O),Small Boulder (P),Medium Boulder (Q),Large Boulder (R)
08ISS4742,08ISS4742_14,2381,17,0,0,4,2,4,12,20,23,22,14,2,0,0,0,0,0,0
09BLA0771,09BLA0771_13,1567,7,1,1,5,3,9,24,20,17,8,4,0,0,1,0,0,0,0
08SAM2855,08SAM2855_13,1559,7,0,4,8,3,5,8,7,6,20,17,20,2,4,5,0,0,0
08EVA4077,08EVA4077_13,1568,1,1,1,5,5,9,22,21,19,11,6,2,0,0,0,0,0,0
08EAS1536,08EAS1536_13,1571,13,16,5,5,6,2,9,13,14,17,9,3,0,0,0,0,0,0
08EAS2191,08EAS2191_13,1572,5,21,6,4,6,19,31,16,10,1,1,0,0,0,0,0,0,0
08SAM1914,08SAM1914_13,1570,8,7,6,5,5,11,17,27,18,9,11,5,1,1,0,0,0,0
09DEE2163,09DEE2163_13,1573,16,0,1,0,7,3,12,32,21,4,0,2,2,0,0,0,0,0
09NEW1657,09NEW1657_13,1575,3,5,0,5,5,4,6,8,8,10,7,11,20,9,2,3,0,0
08WES0905,08WES0905_13,1576,3,0,4,1,5,9,13,14,23,17,16,7,1,0,0,0,0,0
09COV1864,09COV1864_13,1578,2,0,1,2,6,14,6,17,4,7,10,13,12,2,1,4,1,0
09DEE2211,09DEE2211_13,1580,4,0,1,3,7,8,19,17,26,19,10,3,2,2,0,0,0,0
09MID1744,09MID1744_13,1579,19,0,0,2,5,6,11,15,21,14,10,20,8,2,1,3,2,0
09NEW2128,09NEW2128_13,1581,6,1,2,1,0,5,6,13,13,24,27,13,7,2,0,0,0,0
09MID1817,09MID1817_13,1582,21,7,4,7,7,6,15,9,14,6,11,4,2,4,0,2,1,0
09COV1862,09COV1862_13,1583,14,6,4,9,7,7,18,17,14,5,2,0,0,0,0,0,0,0
08SAM2674,08SAM2674_13,1584,18,0,0,2,4,7,13,12,20,17,3,3,1,0,0,0,0,0
08EAS2446,08EAS2446_13,1585,12,6,6,9,9,9,12,26,10,9,3,4,1,0,0,0,0,0
08SAM2862,08SAM2862_13,1586,18,2,1,1,3,8,11,7,14,20,8,8,2,0,0,0,0,0
08EVA3813,08EVA3813_13,1587,18,0,1,6,16,12,20,19,6,5,2,0,0,1,0,0,0,0
08SAM2865,08SAM2865_13,1588,26,0,1,8,5,6,14,13,8,4,11,3,2,2,0,0,0,0
08WES1579,08WES1579_13,1589,26,6,3,6,8,17,19,12,8,5,1,3,0,0,0,0,0,0
09LOW0325,09LOW0325_13,1590,7,1,3,0,3,7,9,17,12,16,4,8,2,5,3,6,2,0
09DEE2294,09DEE2294_13,1591,1,0,0,0,1,2,4,1,4,10,11,23,19,16,1,10,1,0
08EVA3637,08EVA3637_13,1593,12,3,2,6,4,12,12,8,23,13,6,5,1,0,0,0,0,0
08WES1178,08WES1178_13,1595,5,3,7,4,5,9,11,10,17,15,11,10,2,0,0,0,0,0
09BLA0768,09BLA0768_13,1596,9,3,4,2,2,12,14,16,14,11,12,12,3,0,0,0,0,0
08BEA3747,08BEA3747_13,1598,8,5,0,6,8,14,12,13,20,16,8,0,1,0,1,1,0,0
08LAK3540,08LAK3540_13,1599,4,1,1,4,7,18,19,24,21,12,7,0,0,0,0,0,0,0
09COV1165,09COV1165_13,1601,9,5,1,1,1,5,6,8,10,13,16,13,12,11,3,2,0,0
08EAS1964,08EAS1964_13,1600,1,0,0,1,2,5,10,19,30,25,20,6,1,0,0,0,0,0
09MID2426,09MID2426_13,1602,2,9,9,5,6,4,9,16,11,8,10,3,5,7,0,0,0,0
09LOW0788,09LOW0788_13,1603,21,17,18,23,21,9,7,1,0,0,0,0,0,0,0,0,0,0
08SAM3045,08SAM3045_13,1604,21,2,0,2,13,14,17,9,9,6,2,3,0,0,0,0,0,0
09DUW0225,09DUW0225_13,1605,0,1,2,2,12,7,16,11,12,24,16,11,1,3,4,3,0,0
08WES1037,08WES1037_13,1606,72,1,3,3,4,7,3,2,5,4,1,1,1,0,0,0,0,0
09MIL0390,09MIL0390_13,1597,5,0,1,1,6,6,11,5,19,15,12,10,11,7,2,1,0,0
08WES1490,08WES1490_13,1607,11,3,0,1,8,17,21,18,12,7,5,7,1,0,0,0,0,0
08LIT2685,08LIT2685_13,1610,17,2,8,9,10,10,11,25,17,7,6,2,0,0,0,0,0,0
08CED2898,08CED2898_13,1611,51,16,0,4,6,9,8,7,2,0,0,0,0,0,0,0,0,0
08LIT2781,08LIT2781_13,1612,3,1,1,2,7,10,29,35,22,12,0,1,1,2,1,0,0,0
09BLA0817,09BLA0817_13,1608,2,2,4,2,11,12,23,18,18,8,3,2,0,0,0,0,0,0
08NOR2115,08NOR2115_13,1613,10,14,1,1,2,8,5,14,15,25,18,10,4,3,3,5,0,0
09NEW2076,09NEW2076_13,1614,3,4,1,1,2,12,9,15,13,12,10,15,7,1,2,0,0,0
08NOR2306,08NOR2306_13,1615,9,2,1,4,9,7,11,15,26,12,6,0,0,0,0,0,0,0
08NOR1756,08NOR1756_13,1616,9,1,4,6,10,20,48,45,24,15,8,1,0,0,0,0,0,0
08EAS2631,08EAS2631_13,1623,5,0,1,2,5,8,12,9,8,18,8,15,15,6,0,0,0,0
08LIT2682,08LIT2682_13,1624,15,7,9,12,13,15,23,36,26,19,10,1,0,0,0,0,0,0
08LAK3628,08LAK3628_13,1625,0,0,0,4,4,6,16,26,24,12,12,3,1,1,0,0,0,0
08LAK3879,08LAK3879_13,1626,8,0,0,1,2,5,7,16,15,16,18,19,10,2,1,0,0,0
08LIT2585,08LIT2585_13,1627,14,1,1,1,6,19,24,24,21,14,2,1,0,0,0,0,0,0
08SAM3047,08SAM3047_13,1628,4,0,4,2,13,9,10,15,9,7,3,3,1,11,3,1,0,0
09MID1374,09MID1374_13,1629,10,2,2,5,3,5,18,23,22,19,9,1,0,0,0,0,0,0
09MID1537,09MID1537_13,1647,28,3,4,9,11,9,14,13,8,5,0,1,1,0,0,0,0,0
08CED2433,08CED2433_13,1649,11,2,3,2,8,8,14,13,8,4,10,14,6,3,0,0,0,0
08LAK3627,08LAK3627_13,1650,19,11,3,3,7,11,17,16,16,3,0,0,0,0,0,0,0,0
09MID1958,09MID1958_13,1651,0,0,0,0,1,4,7,6,6,14,15,23,8,24,7,3,0,0
09JEN1357,09JEN1357_13,1652,6,6,5,4,8,4,15,12,11,15,7,4,7,5,1,0,0,0
09MIL0340,09MIL0340_13,1653,22,6,2,6,3,2,10,7,12,14,8,7,3,2,1,0,0,0
09JEN1318,09JEN1318_13,1654,45,4,4,2,6,3,6,4,3,5,9,3,3,5,1,0,0,0
08EAS2272,08EAS2272_13,1656,3,0,1,3,1,6,15,14,15,10,8,7,16,6,2,3,1,0
09COV1418,09COV1418_13,1657,3,2,1,2,5,4,10,19,14,15,12,12,1,1,0,0,0,0
08NOR1370,08NOR1370_13,1658,10,5,2,8,10,19,19,15,11,9,3,1,0,0,0,0,0,0
08NOR1750,08NOR1750_13,1659,3,25,5,10,10,12,25,22,15,16,8,2,0,0,0,0,0,0
09COV1756,09COV1756_13,1660,18,8,7,3,4,3,10,11,8,8,16,9,2,3,2,5,0,0
09DUW0277,09DUW0277_13,1661,24,3,0,4,5,9,14,9,13,8,6,6,0,0,0,0,0,0
09LOW0753,09LOW0753_13,1636,27,0,1,0,1,1,6,24,38,13,1,0,0,0,0,0,0,0
08CED2518,08CED2518_13,1662,10,0,3,6,3,4,8,8,11,14,7,7,10,4,3,1,0,0
09BLA0772,09BLA0772_13,1663,1,7,6,19,12,7,12,10,18,17,8,2,2,2,1,0,0,0
08EVA3640,08EVA3640_13,1664,33,3,1,5,9,3,7,8,7,7,14,7,7,5,2,0,0,0
09BLA0722,09BLA0722_13,1672,4,2,1,1,2,0,5,8,16,15,21,19,6,2,0,0,0,0
09DEE2208,09DEE2208_13,1673,1,8,2,2,3,2,10,21,23,21,19,11,5,6,0,0,0,0
08EVA3555,08EVA3555_13,1674,43,0,7,1,10,10,14,5,8,10,7,0,0,0,0,0,0,0
08EAS2540,08EAS2540_13,1675,3,3,4,4,8,13,21,23,20,19,6,2,3,2,1,0,0,0
08WES0629,08WES0629_13,1676,10,0,0,1,2,2,2,4,8,16,20,12,16,10,1,3,0,0
08WES0903,08WES0903_13,1677,19,2,2,3,6,7,14,20,20,23,7,0,0,0,0,0,0,0
08WES0622,08WES0622_13,1678,13,8,2,11,10,18,19,19,8,0,1,0,0,0,0,0,0,0
08CED4192,08CED4192_13,1679,7,1,1,10,6,6,11,32,7,8,13,7,2,2,0,0,0,0
08NOR1362,08NOR1362_13,1680,6,2,1,3,2,6,2,7,10,10,15,19,20,14,2,0,0,0
08BEA3571,08BEA3571_13,1681,5,5,0,1,5,4,14,16,28,19,4,1,1,0,0,0,0,0
08CED5046,08CED5046_13,1682,6,3,1,1,1,1,4,6,6,6,5,16,11,10,10,18,1,0
08CED4975,08CED4975_13,1683,41,4,10,11,21,13,11,0,0,0,0,0,0,0,0,0,0,0
08CED5032,08CED5032_13,1684,8,1,1,2,3,4,3,7,7,4,16,9,8,11,10,12,0,0
08LIT2603,08LIT2603_13,1685,9,22,6,3,7,13,22,22,25,10,2,0,0,0,0,0,0,0
09BLA0716,09BLA0716_13,1686,5,2,0,2,5,7,8,11,19,15,17,13,4,0,0,0,0,0
09BLA0675,09BLA0675_13,1687,14,10,4,9,7,1,21,13,7,8,6,0,0,0,0,0,0,0
09BLA0756,09BLA0756_13,1688,10,9,6,9,19,22,34,22,25,10,3,0,0,0,0,0,0,0
09NEW2102,09NEW2102_13,1689,8,0,4,6,6,8,12,13,18,22,11,0,1,0,0,0,0,0
09NEW1875,09NEW1875_13,1690,32,16,5,3,9,7,6,2,4,5,5,5,5,5,2,1,0,0
09NEW2151,09NEW2151_13,1691,21,16,1,1,4,6,8,12,8,14,8,7,4,4,0,0,0,0
08EAS2546,08EAS2546_13,1692,11,0,7,6,3,8,11,12,17,17,7,5,4,0,0,0,0,0
08EAS2058,08EAS2058_13,1693,0,0,0,0,1,2,8,24,25,28,21,18,5,3,0,0,0,0
09LOW0751,09LOW0751_13,1694,0,0,1,0,3,10,10,7,22,19,22,11,2,1,0,1,0,0
08LAK3880,08LAK3880_13,1695,9,4,3,3,7,12,9,18,24,15,9,4,4,0,0,0,0,0
08LAK2827,08LAK2827_13,1696,13,0,2,3,7,9,20,26,20,10,2,1,0,0,0,0,0,0
08EVA3642,08EVA3642_13,1697,35,0,3,5,1,9,8,3,7,3,15,9,6,2,0,0,0,0
08BEA3474,08BEA3474_13,1699,18,7,0,1,1,3,3,0,6,7,13,12,18,11,0,0,0,0
09SOO1209,09SOO1209_13,1702,7,2,4,3,10,9,11,14,13,9,12,4,1,2,0,0,0,0
08ISS4294,08ISS4294_13,1703,4,0,0,2,3,2,4,5,6,21,14,16,14,14,6,1,1,0
08LAK3616,08LAK3616_13,1706,8,12,12,8,13,9,8,6,16,9,4,0,0,0,0,0,0,0
08ISS4884,08ISS4884_13,1707,4,14,10,9,8,11,7,7,15,21,6,7,5,2,0,0,0,0
08ISS4748,08ISS4748_13,1708,6,5,11,2,10,3,7,1,14,11,7,16,21,9,7,3,4,0
08ISS4735,08ISS4735_13,1709,4,4,6,5,7,17,18,19,9,13,6,5,5,0,1,0,0,0
08ISS4730,08ISS4730_13,1710,5,3,2,4,8,6,3,14,12,13,15,17,12,4,1,1,0,0
08ISS4573,08ISS4573_13,1711,12,12,8,3,2,6,9,8,12,18,9,13,14,2,2,1,0,0
08ISS3877,08ISS3877_13,1713,13,6,4,2,1,0,8,13,25,22,15,5,0,0,0,0,1,0
08BEA3826,08BEA3826_13,1715,11,2,13,18,22,12,5,6,10,2,8,3,1,0,0,0,0,0
09SOO1283,09SOO1283_13,1716,21,8,9,6,8,11,16,13,9,3,1,1,0,1,2,0,0,0
09SOO1134,09SOO1134_13,1717,4,6,3,3,6,12,9,3,7,6,10,5,14,7,6,8,4,0
09SOO1130,09SOO1130_13,1718,6,0,0,0,0,6,5,11,8,7,19,27,5,4,6,4,1,0
09SOO1022,09SOO1022_13,1719,0,0,0,0,2,2,12,15,30,10,16,14,7,0,4,0,2,0
09SOO0943,09SOO0943_13,1720,15,2,6,11,33,29,7,13,6,2,0,0,0,0,0,0,4,0
08BEA3478,08BEA3478_13,1721,42,1,8,21,13,16,6,4,1,0,0,0,0,0,0,0,0,0
08BEA3312,08BEA3312_13,1722,0,0,2,4,4,11,0,20,23,37,0,0,0,0,0,0,0,0
08BEA3737,08BEA3737_13,1723,3,7,9,5,18,14,20,31,10,1,1,0,0,0,0,0,0,0
08BEA3650,08BEA3650_13,1724,9,12,3,3,6,8,5,2,12,21,15,12,10,2,1,0,0,0
08BEA3321,08BEA3321_13,1725,21,12,3,8,14,10,28,25,16,3,2,0,1,0,0,0,0,0
08ISS4724,08ISS4724_13,1726,4,6,3,3,7,10,13,17,23,17,12,4,3,0,0,0,0,0
VashChris,VashChris_13,1727,65,2,2,5,4,16,15,11,8,3,0,0,0,0,0,0,0,0
28A,28A_13,1729,24,0,2,3,14,7,13,9,14,6,8,4,3,3,6,4,1,2
VashShing,VashShing_13,1728,43,3,5,9,19,10,16,13,1,3,2,0,0,0,0,0,0,0
08NOR1362,08NOR1362_14,1734,3,0,1,1,4,0,3,6,9,13,20,23,12,9,2,0,0,0
09LOW0751,09LOW0751_14,1735,1,0,0,0,1,7,14,27,30,25,10,2,0,0,0,0,0,0
09MID1958,09MID1958_14,1737,0,0,0,3,1,3,3,16,15,13,15,15,8,10,5,1,0,0
08CED2898,08CED2898_14,1736,23,1,2,10,13,19,24,15,9,3,0,0,0,0,0,0,0,0
09COV1862,09COV1862_14,1738,5,1,0,2,5,20,35,21,15,4,0,0,0,0,0,0,0,0
08NOR2115,08NOR2115_14,1739,14,1,1,0,7,8,6,28,24,16,4,2,0,0,1,0,0,0
09LOW0788,09LOW0788_14,1740,53,10,14,21,13,7,5,0,0,0,0,0,0,0,0,0,0,0
09COV1864,09COV1864_14,1742,3,0,2,2,4,7,12,20,25,20,3,2,1,0,2,0,0,0
08EAS2058,08EAS2058_14,1743,2,0,0,0,1,4,13,16,18,17,21,13,9,4,0,0,0,0
08EAS2631,08EAS2631_14,1744,2,0,0,0,1,0,2,13,22,26,26,24,15,8,3,0,0,0
09NEW2128,09NEW2128_14,1745,12,3,0,0,2,2,3,7,17,30,25,14,3,3,1,0,0,0
08LIT2585,08LIT2585_14,1746,15,2,0,6,14,14,15,20,18,4,0,0,0,0,0,0,0,0
08EAS2540,08EAS2540_14,1747,6,0,6,10,21,14,17,19,17,9,4,3,3,0,0,0,0,0
08EAS2272,08EAS2272_14,1748,5,1,0,0,5,9,10,7,20,18,14,16,6,6,1,1,0,0
08WES0622,08WES0622_14,1750,46,1,2,2,5,11,8,11,11,4,4,2,0,0,0,0,0,0
09LOW0753,09LOW0753_14,1751,33,1,0,0,0,1,3,17,33,25,0,1,0,0,0,0,0,0
08LIT2488,08LIT2488_14,1752,10,1,1,1,5,4,5,11,10,22,14,14,13,10,3,2,0,0
08WES0905,08WES0905_14,1753,5,9,3,4,2,4,17,20,15,17,10,3,0,0,0,0,0,0
08WES0629,08WES0629_14,1754,0,0,1,0,2,5,14,17,30,19,9,4,1,0,0,0,0,0
08CED2518,08CED2518_14,1755,6,0,0,0,2,4,5,9,15,22,22,11,10,3,1,0,0,0
08CED2711,08CED2711_14,1756,2,1,0,0,3,6,8,17,15,22,18,8,7,0,2,0,1,0
08ISS4884,08ISS4884_14,1757,2,0,1,1,4,2,2,2,12,13,30,21,14,3,2,0,0,0
08ISS3962,08ISS3962_14,1758,7,0,0,0,1,0,2,14,29,29,24,7,4,1,0,0,0,0
08WES1037,08WES1037_14,1759,42,0,2,4,8,10,14,16,10,13,8,0,1,0,1,0,0,0
08WES1579,08WES1579_14,1760,20,2,4,5,10,11,28,20,15,10,5,1,0,2,0,0,0,0
08WES1340,08WES1340_14,1761,5,0,0,0,1,5,3,10,13,21,32,8,6,5,0,0,1,0
08SAM2865,08SAM2865_14,1762,8,1,2,2,4,10,9,12,13,15,16,8,5,0,0,0,0,0
08SAM2674,08SAM2674_14,1763,6,1,0,6,7,8,26,16,17,17,0,2,0,0,0,0,0,0
09BLA0675,09BLA0675_14,1764,11,0,1,4,8,7,10,23,22,19,8,4,1,0,0,0,0,0
09BLA0756,09BLA0756_14,1765,12,0,3,7,11,23,19,37,29,14,5,0,0,0,0,0,0,0
09BLA0716,09BLA0716_14,1766,5,0,1,6,2,2,8,14,16,21,21,16,4,1,0,0,0,0
08LAK3699,08LAK3699_14_R,1767,13,0,0,4,3,4,15,15,24,18,7,0,0,0,0,0,0,0
09DEE2208,09DEE2208_14,1769,5,0,2,3,1,2,4,5,11,18,27,16,11,8,1,0,0,0
09DEE2211,09DEE2211_14,1770,2,0,0,2,12,11,12,10,22,19,12,10,1,1,0,0,0,0
09DEE2163,09DEE2163_14,1771,6,1,1,2,5,7,18,37,43,19,0,0,0,0,0,0,0,0
09BLA0722,09BLA0722_14,1772,20,1,1,0,3,8,10,8,14,18,11,15,2,1,0,0,0,0
08EVA3813,08EVA3813_14,1773,6,8,2,3,5,18,23,25,10,8,5,5,2,1,0,0,0,0
08EVA3640,08EVA3640_14,1774,14,1,1,0,0,7,17,13,16,14,20,5,5,9,3,1,0,0
08LIT2603,08LIT2603_14,1775,14,0,2,4,6,14,27,26,18,9,2,0,0,0,0,0,0,0
08NOR1750,08NOR1750_14,1776,4,1,0,2,5,9,32,34,25,11,6,3,0,0,0,0,0,0
09DUW0091,09DUW0091_14,1777,9,1,0,7,7,6,15,19,15,11,13,8,5,3,5,1,0,0
09BLA0772,09BLA0772_14,1778,12,4,0,2,3,6,7,11,11,18,16,17,9,3,0,0,0,0
08EAS1964,08EAS1964_14,1779,31,1,0,3,2,3,7,15,11,10,15,3,2,0,0,0,0,0
08EAS2446,08EAS2446_14,1780,0,2,0,1,2,72,7,19,19,25,21,8,4,1,1,0,0,0
08EVA3555,08EVA3555_14,1781,32,0,3,14,20,17,24,14,3,4,0,0,1,2,0,0,0,0
09BLA0817,09BLA0817_14,1782,3,0,5,4,9,15,19,27,15,10,2,0,0,0,0,0,0,0
09BLA0768,09BLA0768_14,1783,31,0,0,2,3,3,13,14,20,11,16,5,0,0,0,0,0,0
09SOO1134,09SOO1134_14,1785,18,1,0,1,1,4,4,6,6,6,12,15,17,16,5,4,0,0
08EAS2546,08EAS2546_14,1786,22,0,1,0,6,5,6,15,14,9,11,8,3,0,0,0,0,0
08EAS1536,08EAS1536_14,1787,7,1,0,3,4,8,20,20,21,13,17,7,1,0,0,0,0,0
09DEE2294,09DEE2294_14,1788,0,0,0,1,1,0,1,3,8,19,29,22,13,10,4,5,0,0
09mil0390,09mil0390_14,1789,30,0,0,1,3,5,7,10,12,13,8,11,7,5,4,2,0,0
09LOW0325,09LOW0325_14,1790,6,1,2,4,3,4,9,14,18,24,11,8,7,2,0,0,0,0
09DUW0225,09DUW0225_14,1791,1,2,1,1,0,5,7,24,24,14,11,10,6,3,3,0,0,0
08ISS4294,08ISS4294_14,1792,24,0,1,0,2,6,3,3,5,16,12,21,13,14,0,2,0,0
08SAM0000,08SAM0000_14,1793,20,1,2,2,13,12,22,14,15,2,1,0,1,0,0,0,0,0
08SAM1914,08SAM1914_14,1794,11,0,3,2,7,9,20,26,18,26,12,4,2,0,0,0,0,0
08ISS4573,08ISS4573_14,1795,10,7,3,1,5,9,14,8,13,13,9,8,3,1,0,0,0,0
09MIL0340,09MIL0340_14,1797,10,0,0,0,3,2,3,6,9,15,27,18,4,7,2,0,0,0
09MID1537,09MID1537_14,1798,7,2,2,1,11,10,23,22,20,20,7,1,1,1,0,0,0,0
08WES1178,08WES1178_14,1799,6,0,1,1,1,3,10,15,18,17,16,10,5,2,0,0,0,0
09NEW2102,09NEW2102_14,1800,13,6,2,3,7,4,12,18,18,18,8,4,0,0,0,0,0,0
09NEW2076,09NEW2076_14,1801,6,1,0,0,5,7,21,24,29,9,0,2,0,0,0,0,0,0
09BLA0771,09BLA0771_14,1802,10,4,3,3,7,13,20,24,16,20,9,3,2,0,0,0,0,0
08LIT2692,08LIT2692_14,1803,9,1,0,2,2,4,7,9,18,15,20,14,2,0,0,0,0,0
08WES0903,08WES0903_14,1804,3,0,0,0,2,1,15,21,27,28,6,1,0,0,0,0,0,0
08EVA4077,08EVA4077_14,1805,1,2,3,6,6,11,17,22,32,11,7,2,0,0,1,0,0,0
08EVA3642,08EVA3642_14,1806,30,0,0,6,5,15,11,16,18,6,5,0,2,1,1,0,0,0
09MID2426,09MID2426_14,1807,2,2,1,0,8,7,25,27,18,16,7,1,1,0,0,0,0,0
09SOO1209,09SOO1209_14,1808,7,0,1,1,7,7,10,10,24,22,9,5,5,2,3,0,0,0
09SOO1022,09SOO1022_14,1809,10,0,0,3,5,5,7,15,17,5,19,16,7,1,3,0,0,0
08NOR1370,08NOR1370_14,1811,1,0,0,1,1,2,10,29,23,35,23,26,14,31,0,0,0,0
09SOO1130,09SOO1130_14,1813,21,1,0,1,0,2,3,16,14,16,29,17,16,10,1,1,1,0
08EAS2191,08EAS2191_14,1814,6,1,6,3,10,14,23,23,23,7,1,1,0,0,0,0,0,0
08CED2433,08CED2433_14,1817,3,2,4,3,4,8,8,20,14,14,8,5,5,2,1,1,0,0
08NOR1756,08NOR1756_14,1816,20,1,2,2,2,8,17,18,15,24,3,0,0,0,0,0,0,0
08LIT2602,08LIT2602_14,1818,7,0,1,7,10,13,45,30,14,7,1,0,0,0,0,0,0,0
Miller_Cove,Miller_Cove_14,1819,3,1,1,2,7,9,21,34,22,11,1,0,0,0,0,0,0,0
08NOR2306,08NOR2306_14,1820,6,0,0,5,2,6,21,24,23,30,13,2,0,1,1,0,0,0
09NEW1657,09NEW1657_14,1822,2,1,4,2,1,7,9,5,9,14,20,20,15,22,5,0,0,0
MILLER_SWSSD,MILLER_SWSSD_14,1821,8,3,3,5,1,1,8,14,30,23,21,10,2,1,0,0,0,0
WalkerPreserve,WalkerPreserve_14,1823,3,0,2,2,11,18,20,31,16,4,0,0,1,0,0,0,0,0
08WES1490,08WES1490_14,1824,5,0,3,1,3,3,10,19,11,7,13,15,9,5,2,0,0,0
08SAM2855,08SAM2855_14,1826,9,0,0,4,3,6,6,10,16,22,37,14,6,7,0,0,0,0
08SAM2862,08SAM2862_14,1827,1,0,2,3,9,12,25,18,22,12,4,0,0,0,0,0,0,0
08SAM3047,08SAM3047_14,1828,12,7,6,7,2,8,9,16,19,11,11,6,6,4,1,0,0,0
09MID1744,09MID1744_14,1829,3,1,0,0,3,10,13,14,17,23,11,3,10,5,6,0,0,1
08ISS4748,08ISS4748_14,1830,25,3,4,5,11,13,11,12,8,7,7,8,5,5,4,3,0,0
08CED4192,08CED4192_14,1831,6,0,0,3,2,5,7,16,25,21,27,20,7,5,2,2,1,0
08LIT2781,08LIT2781_14,1832,7,1,0,2,5,7,27,36,36,15,2,0,0,4,0,0,0,0
08ISS3958,08ISS3958_14,1833,33,1,3,4,6,3,7,8,6,3,4,15,7,8,0,0,0,0
09DUW0277,09DUW0277_14,1834,18,0,2,2,7,9,22,9,14,11,6,3,1,0,0,0,0,0
09SOO0943,09SOO0943_14,1835,6,0,0,3,9,11,35,36,24,9,1,0,0,0,0,0,0,0
09COV1756,09COV1756_14,1836,23,1,4,3,4,17,16,10,13,23,19,7,7,0,1,0,0,0
08LIT2685,08LIT2685_14,1837,2,0,0,1,12,22,23,31,22,11,0,1,1,0,0,0,0,0
08SAM3045,08SAM3045_14,1838,21,2,4,6,7,15,22,14,8,8,6,3,1,0,0,0,0,0
08LIT2682,08LIT2682_14,1839,77,0,1,0,8,11,9,14,4,3,0,0,0,0,0,0,0,0
09COV1165,09COV1165_14,1840,3,1,1,5,3,7,6,7,19,13,21,24,16,6,6,8,0,0
09NEW2151,09NEW2151_14,1841,12,0,0,1,1,4,6,14,15,17,12,17,6,2,0,1,0,0
09COV1418,09COV1418_14,1843,5,0,0,2,2,5,4,22,27,40,23,12,1,0,0,0,0,0
08EVA3637,08EVA3637_14,1845,15,2,2,11,8,12,17,19,12,10,4,0,0,0,0,0,0,0
09MID1817,09MID1817_14,1846,7,0,1,1,3,2,8,17,13,17,25,11,7,4,2,2,0,0
09MID1374,09MID1374_14,1847,4,0,0,1,6,10,16,20,25,16,10,1,2,1,0,0,1,0
08ISS4730,08ISS4730_14,1848,6,1,5,2,5,9,15,20,14,15,11,6,3,3,2,0,0,0
08ISS3877,08ISS3877_14,1849,5,1,2,6,10,4,19,38,26,12,3,0,0,0,0,0,0,0
09SOO1283,09SOO1283_14,1850,2,1,1,1,4,12,17,27,24,8,2,2,5,8,4,1,0,0
07RAG022147,07RAG022147_14,1854,2,0,0,3,3,5,12,12,11,7,12,8,5,3,11,13,2,0
07RAG012515,07RAG012515_14,1855,2,0,0,2,6,3,11,10,10,6,11,12,9,6,5,7,2,0
07RAG016851,07RAG016851_14,1856,9,2,2,1,4,4,67,6,4,5,10,7,13,12,11,7,3,0
07RAG018227,07RAG018227_14,1857,2,0,1,0,2,1,1,6,14,25,28,18,19,3,4,1,0,0
07RAG002867,07RAG002867_14,1858,4,1,3,2,7,11,18,18,11,10,8,8,7,4,2,0,0,0
07SFS011475,07SFS011475_14,1859,8,1,3,3,6,4,11,9,16,14,26,14,8,8,8,1,0,0
07LMS016051,07LMS016051_14,1860,1,0,0,0,1,0,4,8,12,20,22,29,13,0,0,0,0,0
07PAT001415,07PAT001415_14,1861,3,0,1,6,6,12,18,21,21,10,8,3,2,1,0,0,0,0
07SFS011059,07SFS011059_14,1862,1,0,2,1,1,0,4,5,17,27,16,12,19,5,0,0,0,0
08CED4975,08CED4975_14,1863,10,1,6,4,16,11,10,20,15,13,4,1,1,0,0,0,0,0
08CED5046,08CED5046_14,1864,1,0,0,1,2,1,3,6,9,21,19,12,14,19,6,6,1,0
08CED5032,08CED5032_14,1865,6,2,2,7,8,8,20,21,16,11,5,2,0,1,0,0,0,0
08BEA3312,08BEA3312_14,1866,0,2,2,1,3,8,7,23,28,19,8,6,3,1,0,0,0,0
08BEA3474,08BEA3474_14,1868,3,9,3,0,0,0,3,2,7,12,14,28,23,5,1,6,0,0
08BEA3478,08BEA3478_14,1870,16,7,14,17,24,19,15,10,5,0,0,0,0,0,0,0,0,0
08BEA3571,08BEA3571_14,1871,5,5,5,13,7,6,18,13,18,8,6,6,4,3,0,0,0,0
08BEA3650,08BEA3650_14,1872,4,4,2,7,6,4,6,7,7,7,21,36,19,0,2,4,0,0
08BEA3737,08BEA3737_14,1873,2,4,5,7,12,28,24,24,17,5,1,0,0,0,0,0,0,0
08BEA3747,08BEA3747_14,1874,8,7,3,3,12,11,9,16,12,17,5,4,0,0,1,0,0,0
08BEA3826,08BEA3826_14,1875,2,2,5,9,13,11,12,13,8,21,10,4,4,2,1,0,0,0
08ISS4735,08ISS4735_14,1876,1,6,3,8,10,8,17,21,19,9,5,4,5,0,0,0,0,0
08LAK2827,08LAK2827_14,1877,7,8,8,9,16,16,19,21,17,3,4,2,1,0,0,1,0,0
08LAK3121,08LAK3121_14,1878,8,7,3,5,3,7,15,16,17,30,6,4,3,1,0,0,0,0
08LAK3540,08LAK3540_14,1879,2,0,3,2,4,9,11,19,20,19,18,4,3,1,0,0,0,0
08LAK3616,08LAK3616_14,1880,20,5,3,3,3,15,17,16,13,10,3,0,0,0,0,0,0,0
08LAK3627,08LAK3627_14,1881,7,5,5,13,16,13,12,18,19,8,5,0,0,0,0,0,0,0
08LAK3628,08LAK3628_14,1882,16,2,4,6,5,3,16,18,17,10,7,7,5,0,1,2,0,0
08LAK3699,08LAK3699_14,1883,8,3,2,2,3,18,17,13,31,13,3,1,1,0,0,1,0,0
08LAK3879,08LAK3879_14,1884,13,6,0,2,7,11,10,8,23,10,19,18,22,14,6,6,0,0
08LAK3880,08LAK3880_14,1885,4,2,3,2,7,6,13,16,26,25,13,4,1,0,0,0,0,0
08BEA3321,08BEA3321_14,1886,18,11,5,9,7,11,9,12,7,15,10,2,1,0,0,1,0,0
NPDESBP8,NPDES_BP8_14,1888,5,1,1,5,3,7,18,15,22,23,14,5,2,1,1,0,0,0
MontRed94,MontRed94_14,1889,12,0,1,2,5,7,9,21,28,9,5,3,2,0,0,0,0,0
WAM06600_01711,WAM06600_017111_14,1890,14,0,1,6,11,20,24,20,17,16,3,0,0,0,0,0,0,0
WAM06600_076119,WAM06600_076119_14,1891,15,0,0,4,6,10,12,24,20,8,2,0,0,0,0,0,0,0
NPDESBP1,NPDES_BP1_14,1893,12,0,0,4,9,19,33,23,14,0,0,0,0,0,0,0,0,0
BSE_1_MudMtnRd,BSE_1_MudMtnRd_14,1899,2,0,0,0,3,8,9,19,27,18,11,7,3,1,2,0,0,0
BSE_8_268thAveSE,BSE_8_268thAveSE_14,1898,5,0,2,2,3,5,13,18,34,30,16,5,0,0,0,0,0,0
BSE_21_GolfCrs,BSE_21_Golfcrs_14,1900,5,1,2,1,7,3,5,3,5,11,21,9,8,14,10,1,1,0
07STL005879,07STL005879_14,1902,2,0,0,1,6,5,27,26,22,10,7,0,0,0,0,0,0,0
VashChris,VashChris_14,1903,42,0,2,12,12,13,11,14,3,6,4,0,0,0,0,0,0,0
VashJudd,VashJudd_14,1905,20,19,5,16,8,5,3,4,4,5,4,2,0,2,2,3,0,1
VashShing,VashShing_14,1906,58,1,3,16,6,3,2,9,4,2,7,0,0,0,0,0,0,0
08EAS2446,08EAS2446_15,1909,0,0,0,0,1,6,1,21,11,18,25,15,15,3,0,0,0,0
08ISS4748,08ISS4748_15,1916,2,0,0,0,5,4,9,14,7,12,12,10,18,22,9,4,2,0
08CED2518,08CED2518_15,1917,19,0,1,1,0,7,11,10,16,8,7,8,11,1,0,0,0,0
08CED2711,08CED2711_15,1918,33,0,0,0,0,2,2,4,11,14,15,5,6,2,1,5,1,0
08SAM3047,08SAM3047_15,1919,8,0,2,5,6,10,11,9,21,7,7,8,9,2,1,0,0,0
08LAK3880,08LAK3880_15,1920,4,0,1,0,4,9,17,14,12,15,16,12,3,0,0,0,0,0
08ISS3958,08ISS3958_15,1921,12,0,0,0,6,5,8,12,7,6,8,15,18,4,0,0,0,0
08ISS3877,08ISS3877_15,1922,18,0,0,0,1,6,13,32,49,26,21,8,0,0,0,0,0,0
09BLA0722,09BLA0722_15,1929,1,0,0,1,2,1,4,14,15,21,23,14,5,1,0,0,0,0
09BLA0756,09BLA0756_15,1930,11,0,0,4,4,10,26,30,8,3,7,0,0,0,0,0,0,0
09COV1756,09COV1756_15,1931,18,0,0,4,5,7,26,16,18,9,7,8,1,2,3,1,0,0
09BLA0817,09BLA0817_15,1932,5,2,9,18,25,25,39,18,5,7,4,0,0,0,0,0,0,0
08CED4192,08CED4192_15,1935,0,0,1,1,7,7,7,7,13,22,19,11,16,4,5,4,0,0
08CED2898,08CED2898_15,1936,24,0,0,0,4,8,17,19,10,11,4,5,6,3,0,0,0,0
08SAM2674,08SAM2674_15,1937,37,0,0,0,1,7,12,9,17,8,18,4,0,0,0,0,0,0
09DUW0225,09DUW0225_15,1939,0,0,0,1,7,6,15,17,21,21,10,5,3,2,0,0,0,0
09COV1862,09COV1862_15,1940,2,3,5,6,12,23,30,14,8,4,0,0,0,0,0,0,0,0
08EVA3555,08EVA3555_15,1942,11,0,1,0,1,8,25,26,11,15,9,2,0,0,0,0,0,0
08LAK3628,08LAK3628_15,1943,6,0,0,3,2,2,12,14,19,14,14,15,2,1,0,0,0,0
08EVA3640,08EVA3640_15,1944,2,2,0,1,5,5,7,19,14,14,10,12,9,3,0,0,0,0
08LAK3121,08LAK3121_15,1948,0,0,3,2,3,4,9,11,23,15,17,13,12,3,0,0,0,0
08LAK2827,08LAK2827_15,1949,15,0,0,0,3,1,8,17,19,14,18,9,5,0,1,0,0,0
08SAM0000,08SAM0000_15,1951,4,0,0,0,2,7,13,23,33,19,1,0,0,0,0,0,0,0
08ISS4573,08ISS4573_15,1952,11,0,0,0,0,4,8,9,8,14,28,16,7,5,4,0,0,0
08SAM2855,08SAM2855_15,1953,22,0,0,5,3,9,10,17,8,10,8,13,9,4,4,0,1,0
09BLA0716,09BLA0716_15,1956,0,0,3,4,12,13,21,18,10,11,12,4,3,1,0,0,0,0
08SAM2862,08SAM2862_15,1957,1,0,0,0,6,5,11,23,14,17,4,11,8,2,0,0,0,0
08BEA3478,08BEA3478_15,1963,12,1,5,12,16,31,33,13,3,1,0,0,0,0,0,0,0,0
09MID1537,09MID1537_15,1965,21,3,8,10,4,11,15,13,14,15,4,2,0,0,0,0,0,0
09SOO0943,09SOO0943_15,1970,7,7,4,9,11,13,23,24,21,9,0,0,2,0,0,0,0,1
09SOO1022,09SOO1022_15,1971,0,18,20,12,12,24,17,16,12,2,0,0,0,0,0,0,0,0
09SOO1130,09SOO1130_15,1972,0,0,0,0,4,3,7,4,2,8,21,16,25,13,17,8,7,0
09SOO1134,09SOO1134_15,1973,9,2,6,14,12,14,15,9,16,10,6,6,4,0,3,1,0,0
09SOO1209,09SOO1209_15,1974,0,0,0,0,3,6,7,23,24,23,13,4,5,0,0,0,0,0
08EAS1964,08EAS1964_15,1976,3,3,3,5,7,9,7,8,18,22,19,14,3,0,0,0,0,0
08EAS2058,08EAS2058_15,1977,5,4,3,5,7,7,6,5,19,30,16,11,3,4,0,0,0,0
08EAS2191,08EAS2191_15,1978,4,4,5,8,10,18,8,19,21,14,1,0,0,0,0,0,0,0
08EAS2272,08EAS2272_15,1979,2,7,4,2,10,17,15,15,24,28,2,2,5,2,5,1,0,0
08EAS2540,08EAS2540_15,1980,0,2,1,3,8,9,13,13,14,10,16,13,7,7,0,0,0,0
08EAS2631,08EAS2631_15,1981,3,7,4,4,8,12,4,2,11,22,17,7,7,3,2,1,0,0
08WES0622,08WES0622_15,1982,9,2,4,15,23,29,16,7,4,0,0,0,0,0,0,0,0,0
08WES0629,08WES0629_15,1983,3,5,9,7,12,17,17,22,29,13,2,0,0,0,0,0,0,0
08WES0903,08WES0903_15,1984,5,3,4,5,6,3,3,11,31,32,15,1,0,0,0,0,0,0
08WES1037,08WES1037_15,1985,37,13,10,7,10,5,11,6,5,0,1,0,0,0,0,0,0,0
08WES1178,08WES1178_15,1986,0,3,2,46,12,9,8,9,24,16,10,20,2,0,0,1,0,0
08WES1340,08WES1340_15,1987,1,3,10,4,5,12,26,18,12,9,2,2,4,0,0,0,0,0
08WES1490,08WES1490_15,1988,5,2,6,6,15,13,4,4,19,10,4,6,3,0,1,0,0,0
08WES1579,08WES1579_15,1989,17,9,7,10,10,21,13,15,15,7,3,0,0,0,0,0,0,0
08EAS1536,08EAS1536_15,1995,3,3,6,13,18,16,12,12,7,8,14,6,2,0,0,0,0,0
VashShing,VashShing_15,1996,10,6,1,2,2,9,13,16,25,13,5,1,0,0,0,0,0,0
VashChris,VashChris_15,1997,55,0,2,9,11,25,8,1,1,0,0,0,0,0,0,0,0,0
VashJudd,VashJudd_15,1998,4,3,3,4,5,7,4,12,24,10,7,5,6,3,2,0,1,0
09DUW0277,09DUW0277_15,1999,23,0,0,0,0,10,8,16,23,11,16,9,2,0,0,0,0,0
08LAK3699,08LAK3699_15,2000,7,0,0,3,6,6,20,25,24,9,3,0,1,0,2,0,0,0
08ISS3962,08ISS3962_15,2001,19,0,1,1,2,6,17,18,34,27,7,3,4,0,1,0,0,0
08LAK3879,08LAK3879_15,2004,5,1,2,3,5,10,9,20,9,9,20,7,3,0,0,0,0,0
08CED5046,08CED5046_15,2006,3,0,0,0,1,7,7,13,8,17,12,17,5,4,5,4,1,0
08EVA3642,08EVA3642_15,2007,23,0,0,0,4,13,9,15,16,14,13,4,5,3,0,0,0,0
08EVA3813,08EVA3813_15,2005,6,2,2,3,7,11,18,19,16,16,5,4,3,0,0,0,0,0
09NEW2076,09NEW2076_15,2011,4,1,2,1,3,4,26,34,33,17,2,0,0,0,0,0,0,0
09NEW2102,09NEW2102_15,2012,5,3,2,0,6,3,14,13,15,15,20,4,0,0,0,0,0,0
09MID1817,09MID1817_15,2014,5,0,0,0,1,0,1,9,13,13,16,24,8,9,7,5,0,0
09MIL0340,09MIL0340_15,2015,3,0,0,0,2,3,7,16,14,14,28,9,3,1,3,0,0,0
08BEA3826,08BEA3826_15,2016,0,0,2,4,5,9,14,25,26,20,12,1,3,1,0,0,0,0
08BEA3571,08BEA3571_15,2018,5,0,1,4,11,6,4,15,15,27,14,3,1,1,2,0,0,0
08BEA3474,08BEA3474_15,2017,0,0,0,0,1,5,6,10,9,30,23,8,10,3,0,0,0,0
09BLA0772,09BLA0772_15,2019,0,0,0,0,1,3,4,11,17,28,26,7,5,1,0,0,0,0
08LIT2781,08LIT2781_15,2020,12,0,2,12,17,13,25,28,12,8,0,0,0,0,0,0,0,0
09DUW0091,09DUW0091_15,2021,1,0,0,0,2,4,4,13,10,18,19,18,11,4,0,0,0,0
08LIT2602,08LIT2602_15,2022,3,0,1,5,11,13,21,31,15,8,1,0,0,0,0,0,0,0
07RAG022147,07RAG022147_15,2024,0,1,0,1,6,1,7,6,14,19,14,13,10,6,5,4,2,0
07RAG018227,07RAG018227_15,2026,3,0,0,0,0,0,1,5,20,25,33,20,12,9,4,1,0,0
07RAG012515,07RAG012515_15,2027,1,0,0,0,0,0,3,3,9,15,8,12,16,24,8,7,1,0
07PAT001415,07PAT001415_15,2029,15,2,2,3,5,10,19,20,18,8,5,4,3,0,0,0,0,0
07SFS011059,07SFS011059_15,2032,1,0,1,1,3,3,10,20,32,25,29,15,6,3,0,0,0,0
08SAM3045,08SAM3045_15,2031,3,0,2,4,4,8,24,23,6,34,8,1,2,0,0,0,0,0
08NOR1750,08NOR1750_15,2034,6,0,4,6,8,16,35,25,12,4,1,1,0,0,0,0,0,0
08SAM2865,08SAM2865_15,2033,17,0,0,1,5,9,11,19,15,11,10,6,4,2,0,0,0,0
09LOW0325,09LOW0325_15,2035,6,0,0,0,1,3,10,13,19,18,15,10,7,1,1,0,0,0
09LOW0751,09LOW0751_15,2036,4,0,3,3,10,7,16,27,24,15,9,5,3,3,0,0,0,0
07SFS011475,07SFS011475_15,2040,0,0,0,1,0,1,1,1,5,15,22,23,12,9,5,7,2,1
09MID1958,09MID1958_15,2041,0,0,0,3,6,5,6,7,14,18,12,10,13,10,5,3,0,0
09MID1374,09MID1374_15,2042,0,0,0,0,3,6,15,23,27,22,16,8,2,2,0,0,0,0
09BLA0768,09BLA0768_15,2043,30,0,0,0,3,4,14,20,14,15,7,6,0,0,0,0,0,0
09BLA0771,09BLA0771_15,1966,9,0,0,3,3,11,18,18,17,7,9,7,0,1,0,0,0,0
09JEN1318,09JEN1318_15,2047,62,0,0,0,7,8,8,13,11,11,8,6,9,7,3,0,0,0
08CED2433,08CED2433_15,2046,7,0,0,4,2,5,2,14,14,14,25,24,11,2,0,0,0,0
08ISS4724,08ISS4724_15,2049,6,0,0,1,3,7,7,38,27,17,5,1,0,0,0,0,0,0
09DEE2294,09DEE2294_15,2048,4,0,0,0,1,0,2,2,6,16,11,26,14,11,6,3,0,0
08LIT2603,08LIT2603_15,2050,0,0,5,13,15,14,23,27,22,19,2,1,1,0,0,0,0,0
08ISS4294,08ISS4294_15,2051,10,0,0,0,1,3,4,6,7,15,15,26,12,4,3,2,0,0
08BEA3321,08BEA3321_15,2053,21,0,2,3,6,10,16,20,23,20,8,3,0,0,0,0,0,0
09COV1165,09COV1165_15,2055,4,0,0,0,0,1,0,0,3,5,15,23,29,29,20,2,0,0
02O,02O_15,2056,16,2,0,0,5,8,11,23,19,8,8,5,3,0,0,0,0,0
02P,02P_15,2058,34,0,2,3,18,17,22,25,11,2,2,0,0,0,0,0,0,0
08BEA3312,08BEA3312_15,2057,3,0,1,0,4,4,15,30,19,22,9,3,1,0,0,0,0,0
08BEA3914,08BEA3914_15,2059,0,0,0,0,3,3,6,15,18,27,18,12,5,1,0,0,0,0
08LIT2692,08LIT2692_15,2063,3,0,0,3,1,2,7,22,25,27,13,11,0,0,0,0,0,0
E1168,E1168_15,2062,22,0,1,0,3,7,14,15,18,18,21,4,1,2,0,0,0,0
09JEN1357,09JEN1357_15,2067,0,0,0,0,4,4,16,17,18,19,11,3,3,4,1,1,0,0
E1261,E1261_15,2070,0,1,5,5,2,7,34,33,27,5,0,0,0,0,0,0,0,0
E1264,E1264_15,2072,0,0,0,3,0,10,10,25,28,14,13,3,1,0,0,0,0,0
MILLER_SWSSD,MILLER_SWSSD_15,2071,7,0,1,0,3,2,4,22,24,30,17,8,3,0,0,0,0,0
MackRed107,MackRed107_15,2074,12,0,0,1,1,6,10,15,16,24,14,7,1,0,0,0,0,0
07SFS066611,07SFS066611_15,2064,18,0,0,8,12,14,32,18,12,4,0,0,0,0,0,0,0,0
MontRed94,MontRed94_15,2075,5,4,15,12,18,18,17,4,13,14,5,2,0,0,0,0,0,0
Miller_Cove,Miller_Cove_15,2076,3,0,0,0,1,11,27,36,18,9,0,0,0,0,0,0,0,0
NPDESBP1,NPDES_BP1_15,2077,10,1,9,15,11,27,34,15,4,0,0,0,0,0,0,0,0,0
07RAG042787,07RAG042787_15,2078,0,0,0,0,0,0,0,1,5,3,3,15,17,19,19,9,7,3
NPDESBP7,NPDES_BP7_15,2080,24,0,0,0,2,10,27,33,26,10,0,0,0,0,0,0,0,0
NPDESBP8,NPDES_BP8_15,2081,12,2,3,6,10,9,12,14,13,13,15,5,5,2,1,0,0,0
07RAG043443,07RAG043443_15,2082,0,0,0,0,0,1,0,0,4,5,10,27,42,41,28,6,1,0
08LIT2682,08LIT2682_15,2079,12,0,1,3,4,4,18,17,24,31,10,6,0,0,0,0,0,0
07RAG004615,07RAG004615_15,2084,2,0,0,0,0,1,1,3,12,11,15,22,28,28,23,8,0,0
07RAG002867,07RAG002867_15,2085,1,0,0,0,0,6,12,15,17,24,13,4,2,5,3,0,0,0
07SFS041891,07SFS041891_15,2086,0,0,0,0,0,0,0,1,2,6,19,31,41,38,31,4,0,0
07SFS009443,07SFS009443_15,2087,0,0,0,0,0,1,0,2,6,6,9,14,21,22,24,3,0,3
WalkerPreserve,WalkerPreserve_15,2088,5,0,0,0,1,4,15,30,29,17,8,2,0,0,0,0,0,0
09MIL0390,09MIL0390_15,2089,2,2,0,0,1,3,14,22,20,20,18,9,5,0,0,0,0,0
WAM06600_01711,WAM06600_017111_15,2091,8,0,4,7,7,27,35,23,26,8,1,0,0,0,0,0,0,0
09DEE2208,09DEE2208_15,2090,1,0,2,0,0,1,1,8,19,26,30,22,10,4,1,0,0,0
07RAG054215,07RAG054215_15,2092,0,0,0,0,0,0,3,6,9,15,24,33,15,5,2,1,0,0
09BLA0675,09BLA0675_15,2094,2,0,1,2,2,4,77,15,18,25,24,5,1,0,0,0,0,0
WAM06600_036971,WAM06600_036971_15,2095,2,0,0,0,0,0,2,12,10,19,38,15,5,0,0,0,0,0
09NEW1657,09NEW1657_15,2096,1,0,1,1,2,4,2,3,13,18,16,20,19,17,0,0,0,0
WAM06600_076119,WAM06600_076119_15,2097,2,0,0,0,1,3,14,24,34,23,6,0,0,0,0,0,0,0
07HAR055371,07HAR055371_15,2099,0,0,0,0,2,4,23,30,34,13,2,1,1,0,0,0,0,0
08NOR2115,08NOR2115_15_R,2098,0,0,0,0,0,0,2,9,41,49,16,1,0,0,0,0,0,0
WAM06600_122423,WAM06600_122423_15,2101,8,2,4,1,7,7,26,32,15,17,4,0,0,0,0,0,0,0
08NOR1370,08NOR1370_15,2102,0,0,0,0,1,0,0,1,4,30,35,27,16,0,0,0,0,0
07STL184007,07STL184007_15,2103,0,0,0,0,0,0,0,3,8,22,17,21,14,10,8,5,0,0
08NOR1362,08NOR1362_15,2104,4,1,0,0,1,3,2,2,5,10,23,28,16,8,2,0,0,0
07STL080295,07STL080295_15,2106,0,0,0,0,0,0,1,4,10,17,33,24,9,4,2,0,0,0
08EVA3637,08EVA3637_15,2107,29,0,0,0,2,9,14,17,24,11,2,3,0,0,0,0,0,0
08NOR2306,08NOR2306_15,2105,6,0,0,0,5,3,6,24,31,39,23,8,0,0,0,0,0,0
08LAK3540,08LAK3540_15,2109,10,0,0,0,2,6,12,17,22,17,6,2,0,0,1,1,0,0
07STL195271,07STL195271_15,2108,0,0,0,0,5,9,1,4,2,14,23,16,27,16,5,8,0,0
BSE_8_268thAveSE,BSE_8_268thAveSE_15,2110,0,0,2,3,4,12,16,31,49,30,6,0,0,0,0,0,0,0
09DEE2163,09DEE2163_15,2111,0,0,1,0,1,9,5,14,29,37,9,5,0,0,0,0,0,0
07CHR234411,07CHR234411_15,2112,0,0,0,0,0,0,1,1,6,22,26,33,15,10,2,0,0,0
BSE_1_MudMtnRd,BSE_1_MudMtnRd_15,2113,7,0,0,3,4,5,8,20,15,24,16,4,3,3,1,0,0,0
07GRN077319,07GRN077319_15,2115,0,0,0,0,0,1,2,7,8,19,19,19,13,14,3,0,0,0
09MID2426,09MID2426_15,2114,0,3,0,7,4,16,19,11,11,16,10,6,0,5,3,0,0,0
07GRN208791,07GRN208791_15,2116,0,0,0,0,0,1,1,3,4,12,18,22,20,21,14,1,0,0
07LMS026663,07LMS026663_15,2119,1,0,0,0,0,0,1,2,0,4,9,11,8,30,21,18,3,1
08EVA3642,08EVA3642_15_R,2117,10,0,0,4,3,1,5,9,9,25,12,17,5,3,1,0,0,0
07CHR013259,07CHR013259_15,2122,0,0,0,0,1,3,6,18,17,29,24,10,1,0,0,0,0,0
07RAG065475,07RAG065475_15,2123,4,0,0,2,4,6,7,11,12,9,17,13,6,10,12,4,0,0
07CHR070059,07CHR070059_15,2126,1,0,0,1,1,1,2,3,7,16,25,18,12,14,7,6,0,0
07CHR045515,07CHR045515_15,2128,0,0,0,0,3,8,6,6,4,10,16,12,12,20,7,0,0,0
07HAR070087,07HAR070087_15,2129,4,0,1,1,7,7,17,23,17,16,12,4,1,0,0,0,0,0
09COV1418,09COV1418_15,2130,2,0,0,2,2,10,7,25,32,18,5,5,0,2,0,0,0,0
08WES0905,08WES0905_15,2133,11,4,1,0,1,2,8,10,17,18,24,4,4,0,0,1,1,0
07HAR025863,07HAR025863_15,2132,4,0,1,2,5,4,8,14,18,11,6,9,7,4,1,1,0,0
09COV1418,09COV1418_15_R,2135,9,0,0,0,2,5,6,15,29,24,9,3,0,3,0,1,0,0
08WES0905,08WES0905_15_R,2134,4,0,2,2,3,7,7,17,15,23,25,11,3,1,1,0,1,0
07LMS093027,07LMS093027_15,2136,0,3,0,2,0,0,0,0,0,0,0,0,15,0,40,20,20,0
08EAS2546,08EAS2546_15,2138,1,0,0,4,3,5,3,14,18,16,21,11,9,1,3,0,0,0
09MID1744,09MID1744_15,2137,5,1,1,1,2,4,10,12,9,8,6,11,20,9,8,2,0,0
08EAS2546,08EAS2546_15_R,2140,0,0,0,2,5,10,10,29,20,17,8,6,8,0,0,0,0,0
09MID1744,09MID1744_15_R,2141,0,0,0,0,0,0,6,16,16,28,20,18,15,9,12,2,0,0
07LMS029443,07LMS029443_15,2139,0,0,0,0,0,0,0,5,10,10,10,0,15,0,25,25,0,0
08LIT2585,08LIT2585_15,2143,3,1,0,2,3,11,23,35,18,2,3,0,0,0,0,0,0,0
07LMS055075,07LMS055075_15,2142,0,0,0,0,0,1,12,23,22,26,32,16,9,0,0,1,0,0
08LIT2585,08LIT2585_15_R,2145,14,0,1,2,8,20,27,18,18,5,2,0,0,0,0,0,0,0
08LAK3627,08LAK3627_15,2144,4,1,1,4,3,6,11,27,34,21,3,1,0,0,0,0,0,0
07LMS033235,07LMS033235_15,2146,3,0,2,4,2,3,8,17,13,19,17,9,7,5,1,0,0,0
08LAK3627,08LAK3627_15_R,2147,9,0,1,0,8,14,15,14,22,16,3,2,1,0,0,0,0,0
09SOO1283,09SOO1283_15,2148,13,8,4,5,13,5,7,14,6,4,3,1,8,7,3,2,0,0
09SOO1283,09SOO1283_15_R,2149,13,7,4,3,4,11,2,12,8,5,2,1,16,7,3,3,0,0
08NOR1756,08NOR1756_15,2150,5,1,1,1,4,12,17,27,18,30,9,0,1,0,0,0,0,0
08NOR1756,08NOR1756_15_R,2151,0,0,0,0,3,8,17,21,30,26,4,1,1,0,0,0,0,0
08SAM1914,08SAM1914_15,2152,0,0,0,1,3,8,19,7,19,19,16,14,5,0,1,0,0,0
08SAM1914,08SAM1914_15_R,2153,10,0,1,2,2,7,10,20,21,12,14,6,8,1,1,0,0,0
08BEA3650,08BEA3650_15,2154,35,0,0,0,1,2,5,6,6,12,15,14,3,3,1,0,0,0
08BEA3650,08BEA3650_15_R,2156,43,0,0,1,1,3,2,10,11,10,13,11,6,1,0,0,0,0
08BEA3737,08BEA3737_15,2155,13,0,0,3,14,18,32,33,19,4,0,0,0,0,0,0,0,0
08BEA3747,08BEA3747_15,2157,3,2,1,1,4,2,16,20,26,17,18,1,1,1,0,1,0,0
08BEA3747,08BEA3747_15_R,2159,0,0,0,0,4,8,23,26,24,22,17,4,2,1,0,1,0,0
08BEA3737,08BEA3737_15_R,2158,2,2,2,11,8,15,25,44,21,4,1,0,0,0,0,0,0,0
08ISS4735,08ISS4735_15,2161,3,5,4,5,6,5,7,26,3,19,17,2,5,0,0,0,0,0
09NEW2128,09NEW2128_15,2160,12,1,0,0,0,2,3,12,12,25,17,11,7,2,0,0,0,0
08ISS4735,08ISS4735_15_R,2162,1,11,7,10,14,19,16,16,8,3,2,1,1,1,0,0,0,0
09NEW2128,09NEW2128_15_R,2163,5,0,2,5,5,0,2,14,19,15,20,16,6,4,0,0,0,0
08EVA3813,08EVA3813_15_R,2164,3,0,0,0,2,3,16,17,21,28,16,6,0,2,0,0,0,0
08SAM2865,08SAM2865_15_R,2165,6,0,1,6,9,13,10,16,19,5,19,2,1,1,0,0,0,0
09NEW2076,09NEW2076_16,2177,28,0,0,1,1,5,17,34,21,13,2,0,0,0,0,0,0,0
07SFS041891,07SFS041891_16,2182,3,0,1,4,1,1,4,8,9,17,6,10,15,19,4,0,0,0
09NEW2128,09NEW2128_16,2184,9,0,0,1,1,3,4,8,10,9,22,21,14,5,1,0,0,0
07LMS026663,07LMS026663_16,2185,0,0,0,0,0,0,0,1,0,6,5,9,14,9,9,52,7,1
08LAK2827,08LAK2827_16,2186,19,7,0,2,4,8,16,20,14,11,5,5,0,0,0,0,0,0
09COV1862,09COV1862_16,2187,3,1,1,7,11,20,23,23,31,14,5,1,0,0,0,0,0,0
09COV1756,09COV1756_16,2188,2,0,8,15,38,44,33,11,9,12,3,1,0,0,0,0,0,0
09LOW0325,09LOW0325_16,2189,1,1,0,3,1,2,11,13,20,24,14,7,2,3,0,0,0,0
09MID1374,09MID1374_16_R,2190,0,0,1,0,1,6,9,10,29,30,18,12,2,0,0,0,0,0
08SAM2862,08SAM2862_16,2191,3,0,0,0,4,4,4,10,15,19,28,21,6,1,0,0,0,0
09MID2426,09MID2426_16,2192,2,7,6,1,5,12,11,20,22,18,6,3,8,3,3,1,0,0
09LOW0753,09LOW0753_16,2193,0,0,2,4,1,3,28,27,35,13,4,0,0,0,0,0,0,0
07RAG042787,07RAG042787_16,2194,0,0,0,0,1,3,3,2,3,5,9,6,15,22,31,11,0,0
08BEA3737,08BEA3737_16,2195,15,0,0,2,8,12,27,30,8,3,0,0,0,0,0,0,0,0
08SAM3045,08SAM3045_16,2196,34,0,0,0,4,11,14,18,28,15,6,0,0,0,0,0,0,0
07SFS009443,07SFS009443_16,2197,0,0,0,0,0,0,0,0,8,12,17,24,23,13,15,15,17,0
09NEW2102,09NEW2102_16,2198,2,0,0,0,0,2,10,18,33,22,19,7,0,0,1,0,0,0
08ISS3962,08ISS3962_16,2200,17,0,0,2,3,2,5,9,22,25,18,10,15,4,2,0,0,0
08ISS4294,08ISS4294_16,2201,0,0,0,0,0,2,1,5,10,24,19,15,17,6,0,1,0,0
08ISS4884,08ISS4884_16,2202,3,0,0,1,10,8,9,15,16,22,26,10,6,7,1,0,0,0
08LAK3627,08LAK3627_16,2203,12,22,13,16,18,18,40,26,16,5,0,0,0,0,0,0,0,0
08LIT2692,08LIT2692_16,2204,0,0,0,4,0,1,6,6,16,33,20,15,1,0,0,0,0,0
07RAG004615,07RAG004615_16,2206,5,0,0,0,0,8,14,12,10,11,12,19,10,10,7,2,0,0
08LIT2781,08LIT2781_16,2207,0,0,0,1,5,13,16,37,29,15,4,1,0,0,0,0,0,0
07RAG022147,07RAG022147_16,2209,5,1,1,0,1,2,9,16,16,11,3,8,6,14,13,6,0,1
07RAG002867,07RAG002867_16,2210,0,0,0,0,2,4,2,7,18,12,13,6,8,5,13,21,2,6
09COV1418,09COV1418_16,2211,0,0,0,0,2,4,8,10,21,23,19,6,3,10,0,0,0,0
08ISS4724,08ISS4724_16,2212,7,1,1,2,5,8,11,21,27,23,10,5,0,0,0,0,0,0
07RAG012515,07RAG012515_16,2213,2,0,0,0,3,6,7,19,18,12,10,9,19,10,16,6,4,0
09MID1744,09MID1744_16,2214,4,0,1,0,4,6,11,8,15,21,19,16,11,5,2,1,0,0
07LMS093027,07LMS093027_16,2215,0,0,0,0,0,0,0,1,0,3,3,5,23,38,85,65,12,1
08SAM3047,08SAM3047_16,2216,0,6,11,6,7,19,27,26,19,9,2,1,1,0,0,0,0,0
09NEW1657,09NEW1657_16,2217,0,0,3,1,3,8,1,4,17,16,21,15,22,12,5,1,0,0
08EVA3642,08EVA3642_16,2218,15,2,2,1,2,6,9,13,15,8,11,27,13,2,0,0,0,0
08LIT2685,08LIT2685_16,2219,8,0,0,2,4,8,20,23,31,18,11,6,0,0,0,0,0,0
08LIT2585,08LIT2585_16,2220,2,0,0,0,1,1,7,24,21,27,12,5,1,0,0,0,0,0
WalkerPreserve,WalkerPreserve_16,2222,31,1,1,8,10,20,19,23,11,2,0,0,0,0,0,0,0,0
07SFS011059,07SFS011059_16,2223,0,0,0,1,1,0,4,4,19,27,31,20,21,9,0,0,0,0
09NEW2151,09NEW2151_16,2224,7,0,1,2,3,6,3,15,17,20,15,12,4,4,2,0,0,0
08BEA3571,08BEA3571_16,2225,26,0,0,2,2,5,9,14,31,20,10,4,2,1,5,5,0,0
08BEA3650,08BEA3650_16,2226,10,0,0,3,2,4,8,13,14,21,19,29,9,1,1,0,0,0
09DUW0225,09DUW0225_16,2227,0,0,0,0,0,2,10,18,21,20,25,5,2,0,0,0,0,0
09MIL0390,09MIL0390_16,2228,12,4,0,0,3,4,13,17,16,20,11,0,1,0,0,0,0,0
09DEE2208,09DEE2208_16,2229,2,0,1,2,4,7,9,17,20,21,20,19,6,2,1,0,0,0
BSE_21_GolfCrs,BSE_21_GolfCrs_16,2230,0,1,3,0,3,4,16,22,24,25,10,10,3,1,3,1,1,0
07PAT166087,07PAT166087_16_R,2232,1,0,9,10,9,5,16,18,22,6,7,4,0,0,0,0,0,0
07PAT001415,07PAT001415_16,2233,10,0,1,2,5,10,9,19,16,22,13,14,0,0,0,0,0,0
08SAM0000,08SAM0000_16,2236,21,0,0,0,3,3,17,29,44,13,0,0,0,0,0,0,0,0
07SFS066611,07SFS066611_16,2240,45,1,2,9,7,4,3,6,4,10,14,16,4,0,0,0,0,0
09JEN1318,09JEN1318_16_R,2242,37,0,0,2,1,3,7,7,6,6,7,7,9,6,6,2,0,0
08SAM2855,08SAM2855_16,2243,5,3,4,2,7,10,11,11,16,12,12,21,5,1,2,0,0,0
08LAK3616,08LAK3616_16,2244,8,0,0,1,3,13,28,32,22,13,0,0,0,0,0,0,0,0
07PAT228627,07PAT228627_16,2248,1,0,1,1,2,1,3,11,11,18,23,31,12,9,0,0,0,0
07LMS103591,07LMS103591_16,2249,0,0,0,0,0,0,0,2,0,6,10,14,9,9,15,23,10,6
07TKL072439,07TKL072439_16,2251,1,1,0,4,0,7,9,11,12,17,10,24,23,5,0,0,0,0
07TKL047047,07TKL047047_16,2252,20,2,1,7,8,5,11,10,20,18,26,12,7,2,1,0,0,0
08NOR1370,08NOR1370_16,2258,1,0,0,0,1,4,4,19,26,22,21,11,0,0,0,0,0,0
08NOR1756,08NOR1756_16,2259,4,4,3,9,12,17,24,30,28,18,2,0,0,0,0,0,0,0
08NOR2306,08NOR2306_16,2260,0,0,0,0,2,1,4,11,32,27,35,7,0,0,0,0,0,0
07RAG043443,07RAG043443_16,2261,0,0,1,0,0,3,6,7,17,12,13,7,14,10,10,9,0,0
08ISS3877,08ISS3877_16,2262,0,0,0,1,1,6,10,12,16,17,23,22,1,0,0,0,0,0
08ISS4730,08ISS4730_16,2263,0,0,1,0,3,6,4,6,15,25,23,16,8,5,0,0,0,0
08NOR2115,08NOR2115_16_R,2264,0,0,0,0,0,0,5,21,36,32,4,2,0,0,0,0,0,0
08LAK3540,08LAK3540_16,2265,0,0,0,1,0,10,13,25,32,16,18,0,0,0,0,0,0,0
08NOR1750,08NOR1750_16,2266,0,0,1,1,0,4,10,13,34,21,12,6,0,0,0,0,0,0
08LAK3699,08LAK3699_16,2267,0,0,0,1,0,1,8,14,19,22,26,12,1,1,0,0,1,0
08LAK3879,08LAK3879_16,2268,3,1,1,1,1,6,13,23,29,22,15,9,7,1,0,0,0,0
08ISS4573,08ISS4573_16_R,2269,5,0,2,5,5,3,5,12,15,13,22,7,4,3,0,0,0,0
08EVA3640,08EVA3640_16,2270,3,1,2,1,3,7,14,8,15,18,13,19,3,1,0,0,0,0
08CED4192,08CED4192_16,2271,0,0,0,2,0,3,4,8,11,10,29,21,11,9,8,0,0,0
08BEA3321,08BEA3321_16,2272,52,7,6,5,12,17,7,29,18,10,1,1,0,0,0,0,0,0
07SFS011475,07SFS011475_16_R,2273,1,3,0,0,0,0,1,2,4,7,17,18,16,19,18,6,0,0
08SAM2674,08SAM2674_16,2274,15,2,0,6,4,8,14,17,17,13,6,6,0,0,0,0,0,0
BSE_1_MudMtnRd,BSE_1_MudMtnRd_16,2275,5,0,3,5,5,15,15,20,21,12,1,0,0,0,1,0,0,0
08CED2898,08CED2898_16,2276,24,19,4,7,16,20,21,8,8,5,2,1,0,0,0,0,0,0
08SAM1914,08SAM1914_16,2277,6,0,0,4,3,8,4,10,8,16,21,18,8,1,1,3,0,0
08ISS4748,08ISS4748_16,2278,9,1,0,1,2,0,5,9,5,4,9,6,20,15,12,2,1,0
08LAK3628,08LAK3628_16,2279,9,0,0,0,1,8,12,20,33,16,17,3,1,1,0,0,0,0
08LAK3880,08LAK3880_16,2280,23,0,1,0,1,8,12,6,17,12,7,6,8,2,0,1,0,0
08CED2518,08CED2518_16,2281,7,1,3,8,6,1,9,8,19,16,11,12,9,0,0,0,0,0
08BEA3747,08BEA3747_16,2282,0,1,0,0,2,3,14,23,38,30,7,3,1,0,0,0,0,0
08BEA3826,08BEA3826_16,2283,0,0,0,1,1,7,11,14,21,15,18,12,5,4,1,0,0,0
08BEA3914,08BEA3914_16,2284,0,0,1,0,0,6,10,26,35,26,25,9,4,0,0,0,0,0
08CED2711,08CED2711_16,2285,0,0,3,8,8,12,12,14,13,9,18,18,5,2,0,0,0,0
08NOR1362,08NOR1362_16_R,2286,2,0,2,1,2,5,7,6,19,21,27,27,20,10,0,2,0,0
Miller_SWSSD,Miller_SWSSD_16,2287,0,0,1,0,1,0,1,7,13,28,33,19,9,1,0,0,0,0
Miller_Cove,Miller_Cove_16,2288,20,0,2,3,10,13,57,40,24,7,0,0,0,0,0,0,0,0
09DUW0277,09DUW0277_16,2289,7,14,0,7,10,13,10,16,13,16,7,3,0,0,1,0,0,0
09DEE2294,09DEE2294_16,2291,1,0,0,0,1,2,1,3,8,15,20,22,18,7,3,1,0,0
09DEE2163,09DEE2163_16,2292,40,0,0,0,0,3,11,25,26,8,1,0,0,0,0,0,0,0
08LIT2682,08LIT2682_16,2293,1,0,0,0,0,7,14,19,22,21,20,8,2,0,0,0,0,0
09MIL0340,09MIL0340_16,2294,0,0,0,0,2,4,15,12,23,20,13,9,5,2,2,0,0,0
09LOW0751,09LOW0751_16,2295,0,0,0,0,0,1,7,10,20,23,31,9,0,1,0,1,0,0
09DUW0091,09DUW0091_16,2296,0,0,0,2,8,7,13,20,12,10,14,6,2,6,0,0,0,0
08SAM2865,08SAM2865_16,2297,26,0,0,1,1,8,7,13,17,14,10,6,3,1,0,0,0,0
08BEA3312,08BEA3312_16,2298,0,0,0,0,2,1,11,16,22,31,18,2,2,0,0,0,0,0
08LAK3121,08LAK3121_16,2299,6,0,1,0,3,10,14,18,9,24,17,14,0,1,0,0,0,0
08EVA3813,08EVA3813_16,2300,23,0,3,4,7,13,22,27,26,8,7,3,0,0,0,0,0,0
09MID1537,09MID1537_16,2301,12,1,1,2,2,5,5,17,16,9,18,2,0,1,0,0,0,0
09MID1817,09MID1817_16,2302,1,0,0,0,0,0,3,9,12,11,18,15,7,13,10,11,4,0
07LNT062039,07LNT062039_16,2304,0,0,0,0,3,6,2,4,3,12,17,19,10,20,9,5,0,0
09JEN1357,09JEN1357_16,2305,10,1,6,11,11,7,15,20,6,7,4,4,0,0,0,0,0,0
07LNT075179,07LNT075179_16,2306,3,2,1,3,4,2,13,16,22,31,11,10,3,0,0,0,0,0
07STL080295,07STL080295_16,2309,0,0,0,1,3,0,2,3,19,13,33,40,46,28,7,0,1,0
07GRN022903,07GRN022903_16,2310,0,1,1,4,6,5,4,13,24,22,28,8,2,4,1,1,0,0
07LNT130827,07LNT130827_16,2311,0,0,0,0,1,2,3,5,10,10,15,15,22,15,26,18,4,0
08LIT2602,08LIT2602_16_R,2312,17,1,5,10,16,27,29,10,11,3,0,0,0,0,0,0,0,0
08CED2433,08CED2433_16,2313,10,0,0,0,2,4,12,13,22,22,14,9,3,0,1,0,0,0
09COV1165,09COV1165_16,2314,1,2,0,0,3,5,6,5,19,24,24,15,17,7,7,10,2,0
07RAG018227,07RAG018227_16,2315,9,1,2,1,5,6,9,11,17,18,12,18,9,2,2,2,0,0
07PAT231079,07PAT231079_16,2318,1,0,0,1,1,6,4,8,13,20,12,7,18,8,0,5,0,0
07STL184007,07STL184007_16,2319,17,0,0,0,1,0,2,7,11,19,23,15,22,9,3,0,0,0
07CHR070059,07CHR070059_16,2320,3,0,1,2,4,7,12,10,8,22,17,16,6,11,1,0,0,0
07CHR234411,07CHR234411_16,2321,0,0,0,0,1,4,3,3,1,13,27,30,13,11,0,0,0,0
07CHR045515,07CHR045515_16,2322,5,3,4,6,2,5,11,8,6,9,11,9,21,17,14,3,0,0
07LMS033235,07LMS033235_16,2323,0,0,0,0,0,2,5,10,15,24,26,31,21,3,0,0,0,0
07LMS055075,07LMS055075_16,2324,0,0,0,1,2,2,18,34,31,36,13,14,2,1,0,0,1,1
09SOO1283,09SOO1283_16_R,2328,10,10,3,4,7,9,10,5,15,13,4,4,6,5,0,0,0,0
09BLA0756,09BLA0756_16,2329,4,2,3,5,13,19,15,16,10,15,7,2,0,0,0,0,0,0
08WES0622,08WES0622_16,2330,29,8,7,8,10,19,12,7,3,0,0,0,0,0,0,0,0,0
08ISS4735,08ISS4735_16,2331,9,3,4,7,12,5,8,3,12,12,9,5,7,2,0,0,0,0
08EAS2540,08EAS2540_16,2332,8,5,3,5,13,3,6,14,17,19,12,10,3,2,1,0,0,0
08EAS2446,08EAS2446_16,2333,0,4,5,8,5,14,18,14,13,9,11,6,1,1,0,0,0,0
08EAS1536,08EAS1536_16,2334,7,2,3,7,7,5,13,16,19,13,12,7,1,0,0,0,0,0
08WES0629,08WES0629_16,2335,0,0,0,0,1,10,33,36,20,4,6,1,0,0,0,0,0,0
08WES0903,08WES0903_16,2336,17,2,3,3,7,10,19,7,21,16,7,0,0,0,0,0,0,0
09BLA0675,09BLA0675_16,2337,4,4,6,8,7,6,7,16,16,15,18,5,0,0,0,0,0,0
09BLA0716,09BLA0716_16,2338,8,2,5,3,5,5,9,11,15,17,16,5,1,1,0,0,0,0
08EAS2631,08EAS2631_16,2339,2,3,2,2,3,5,4,11,22,31,13,5,11,3,3,1,0,0
08EAS2191,08EAS2191_16,2340,5,0,2,2,13,20,27,15,13,5,0,0,0,0,0,0,0,0
08EAS2058,08EAS2058_16,2342,2,0,3,4,3,6,5,13,19,15,14,5,5,3,1,1,0,0
08EAS1964,08EAS1964_16,2343,3,6,4,6,4,4,5,14,18,26,10,9,5,0,0,0,0,0
07HAR070087,07HAR070087_16,2344,3,0,6,4,13,13,23,20,24,14,3,1,0,0,0,0,0,0
07GRN077319,07GRN077319_16,2345,0,0,0,1,3,5,22,31,29,16,11,6,0,0,0,0,0,0
08EAS2272,08EAS2272_16,2347,1,0,2,5,4,8,10,10,15,18,8,9,7,4,3,1,1,0
08EAS2546,08EAS2546_16,2348,3,7,10,10,11,13,14,12,15,11,7,4,1,0,0,0,0,0
08WES0905,08WES0905_16,2349,6,6,4,4,3,5,12,16,28,21,19,0,1,1,0,0,0,0
07HAR025863,07HAR025863_16,2350,2,1,2,1,4,6,2,13,15,19,15,13,14,8,1,0,0,0
07PAT187623,07PAT187623_16_R,2351,38,0,0,3,5,9,17,13,13,13,6,2,1,0,0,0,0,0
07LMS213875,07LMS213875_16,2352,9,2,0,2,2,2,6,8,28,29,47,25,19,19,14,3,0,0
09DEE2211,09DEE2211_16_R,2353,9,0,1,1,3,2,3,12,13,25,15,23,8,4,0,0,0,0
08EAS2191,08EAS2191_16_R,2354,2,4,3,14,14,22,23,22,5,2,4,0,0,0,0,0,0,0
08WES1037,08WES1037_16,2355,54,2,2,3,11,6,3,2,5,3,8,1,0,0,0,1,0,0
08WES1178,08WES1178_16,2356,6,0,2,1,7,9,19,15,20,17,16,11,2,0,0,0,0,0
08WES1340,08WES1340_16,2357,18,0,3,1,7,5,16,10,9,17,9,5,6,0,0,0,0,0
08WES1579,08WES1579_16,2358,22,7,14,11,16,17,5,6,8,6,5,2,0,1,0,0,0,0
09BLA0722,09BLA0722_16,2359,5,4,4,6,8,12,14,19,26,16,9,7,0,0,0,0,0,0
09BLA0768,09BLA0768_16,2360,18,5,4,5,13,7,12,17,7,14,9,0,3,0,0,0,0,0
09BLA0771,09BLA0771_16,2361,3,8,8,7,10,13,17,12,15,19,7,2,0,0,0,0,0,0
09BLA0772,09BLA0772_16,2362,10,5,10,6,22,10,7,6,8,6,5,9,5,0,0,0,0,0
09BLA0817,09BLA0817_16,2363,7,5,11,19,19,19,16,9,1,1,0,0,0,0,0,0,0,0
09SOO0943,09SOO0943_16,2364,12,2,3,3,6,11,20,29,12,6,1,0,0,0,0,0,0,0
09SOO1022,09SOO1022_16,2365,4,7,6,9,8,12,10,12,12,21,8,9,4,2,0,0,0,0
09SOO1130,09SOO1130_16,2366,6,0,0,2,2,2,3,4,7,22,22,22,12,4,3,0,0,0
09SOO1134,09SOO1134_16,2367,5,0,0,2,6,9,6,10,9,14,15,14,15,3,3,5,1,0
09SOO1209,09SOO1209_16,2368,16,4,6,5,9,7,11,14,11,8,11,4,2,0,0,0,0,0
VashChris,VashChris_16,2370,28,3,12,13,22,13,20,13,2,5,0,0,0,0,0,0,0,0
VashShing,VashShing_16,2371,39,0,1,12,19,27,23,10,6,0,0,0,0,0,0,0,0,0
28A,28A_16,2372,31,3,8,11,6,13,12,11,4,7,9,9,2,0,1,0,1,0
08EVA3637,08EVA3637_16,2373,24,0,0,2,5,6,21,25,15,14,1,0,0,0,0,0,0,0
08LIT2603,08LIT2603_16,2374,2,0,0,1,4,4,15,26,25,15,12,2,0,0,0,0,0,0
08CED4975,08CED4975_16,2375,13,4,0,9,10,23,20,24,11,6,1,0,0,0,0,0,0,0
08CED5032,08CED5032_16,2376,8,4,2,3,4,7,9,10,10,7,3,7,7,6,6,8,6,1
08CED5046,08CED5046_16,2377,7,0,0,4,1,3,7,5,10,12,11,5,22,6,8,5,0,0
08LIT2685,08LIT2685_15,1960,0,0,0,0,0,0,0,0,0,0,0,0,0,0,0,0,0,0
E1264,E1264_14,1894,10,4,0,1,3,9,16,19,18,17,6,3,1,0,0,0,0,0
08ISS4730,08ISS4730_15,1914,7,1,1,1,3,5,10,18,15,8,4,9,14,11,1,0,0,0
BSE_8_268thAveSE,BSE_8_268thAveSE_16,2179,10,0,0,0,2,3,14,11,33,34,12,2,0,0,0,0,0,0
