"","SITE_CODE","SITE_WATER_YEAR","water_year","G_ID","hpc","hpdur","hpr","tqm","RBI","maxtomeanQ","LFI","length_of_record.x","length_of_record.y","Site.Number","Year","hprange","Site","SampleID"
"1","02e","02e_2002",2002,"45",11,6.09090909090909,172,0.347945205479452,0.220070875650848,10.1400173811675,1.01421854914648,21,21,2,2002,172,"08BEA3650","08BEA3650_02"
"2","02e","02e_2003",2003,"45",6,3.16666666666667,98,0.356164383561644,0.173938377999502,4.66064856561799,0.725756062438915,21,21,2,2003,98,"08BEA3650","08BEA3650_03"
"3","02e","02e_2004",2004,"45",8,3.625,107,0.322404371584699,0.240072264954106,9.5534767259232,0.934930487700639,21,21,2,2004,107,"08BEA3650","08BEA3650_04"
"4","02e","02e_2005",2005,"45",7,3.28571428571429,213,0.317808219178082,0.240505455672519,10.3509631598489,1.01836789446736,21,21,2,2005,213,"08BEA3650","08BEA3650_05"
"5","02e","02e_2006",2006,"45",7,4.14285714285714,115,0.295890410958904,0.269878074435877,9.26838663889347,0.971244264646542,21,21,2,2006,115,"08BEA3650","08BEA3650_06"
"6","02e","02e_2007",2007,"45",10,5.3,141,0.295890410958904,0.252488767426989,9.92036921887722,1.12240976457033,21,21,2,2007,141,"08BEA3650","08BEA3650_07"
"7","02e","02e_2008",2008,"45",9,2.66666666666667,204,0.363387978142077,0.202268733187121,11.333288221629,1.18277681135296,21,21,2,2008,204,"08BEA3650","08BEA3650_08"
"8","02e","02e_2009",2009,"45",6,5.16666666666667,149,0.301369863013699,0.195010867516664,8.64320740042533,0.894930798807358,21,21,2,2009,149,"08BEA3650","08BEA3650_09"
"9","02e","02e_2010",2010,"45",9,2.88888888888889,228,0.358904109589041,0.192488746479132,4.51688518839787,1.02296774013736,21,21,2,2010,228,"08BEA3650","08BEA3650_10"
"10","02e","02e_2011",2011,"45",9,4.55555555555556,158,0.356164383561644,0.216826979934561,10.4428603307596,1.06381804482143,21,21,2,2011,158,"08BEA3650","08BEA3650_11"
"11","02e","02e_2012",2012,"45",7,5.57142857142857,165,0.322404371584699,0.209110326650729,5.74983889811621,0.92268323464836,21,21,2,2012,165,"08BEA3650","08BEA3650_12"
"12","02e","02e_2013",2013,"45",11,5.27272727272727,173,0.342465753424658,0.233556735143289,7.30582508739939,1.28048796602351,21,21,2,2013,173,"08BEA3650","08BEA3650_13"
"13","02e","02e_2014",2014,"45",10,4.1,123,0.328767123287671,0.223775549184471,7.3806655864365,1.14268228028092,21,21,2,2014,123,"08BEA3650","08BEA3650_14"
"14","02e","02e_2015",2015,"45",10,4.2,146,0.347945205479452,0.224200008803204,6.4032138594774,0.748850132967698,21,21,2,2015,146,"08BEA3650","08BEA3650_15"
"15","02e","02e_2016",2016,"45",9,6.44444444444444,121,0.325136612021858,0.195197952313385,9.28718378748884,1.13850922441535,21,21,2,2016,121,"08BEA3650","08BEA3650_16"
"16","02e","02e_2017",2017,"45",19,4.36842105263158,215,0.432876712328767,0.238602701993075,9.87616111014368,1.07368459523086,21,21,2,2017,215,"08BEA3650","08BEA3650_17"
"17","02e","02e_2018",2018,"45",9,7.77777777777778,149,0.328767123287671,0.21192132138915,8.25960633094209,0.900336802996847,21,21,2,2018,149,"08BEA3650","08BEA3650_18"
"18","02e","02e_2019",2019,"45",7,2,107,0.353424657534247,0.187010401605559,4.30245845627294,1.05604394998095,21,21,2,2019,107,"08BEA3650","08BEA3650_19"
"19","02e","02e_2020",2020,"45",6,7.33333333333333,222,0.237704918032787,0.228853116266757,13.1583521121014,1.056423318696,21,21,2,2020,222,"08BEA3650","08BEA3650_20"
"20","02e","02e_2021",2021,"45",6,8.16666666666667,100,0.279452054794521,0.207686560343861,8.34384540427689,0.87325936096002,21,21,2,2021,100,"08BEA3650","08BEA3650_21"
"21","02e","02e_2022",2022,"45",13,3.30769230769231,224,0.353424657534247,0.234361900914095,11.5076839891527,0.855618715710108,21,21,2,2022,224,"08BEA3650","08BEA3650_22"
"22","05A","05A_2003",2003,"340",6,4.66666666666667,99,0.342465753424658,0.209598078512719,6.35942268337878,0.508925806082459,20,20,6,2003,99,"07CHR234411","07CHR234411_03"
"23","05A","05A_2004",2004,"340",8,5.25,107,0.306010928961749,0.254598793943598,10.5626010597272,1.05872997245363,20,20,6,2004,107,"07CHR234411","07CHR234411_04"
"24","05A","05A_2005",2005,"340",6,4.33333333333333,167,0.336986301369863,0.26190149496421,9.33494903784664,1.21761444458058,20,20,6,2005,167,"07CHR234411","07CHR234411_05"
"25","05A","05A_2006",2006,"340",5,9.4,205,0.326027397260274,0.200324082054818,7.97311052814328,0.920578065831966,20,20,6,2006,205,"07CHR234411","07CHR234411_06"
"26","05A","05A_2007",2007,"340",9,7.55555555555556,143,0.328767123287671,0.22584828958705,8.2489282209752,1.06895819150701,20,20,6,2007,143,"07CHR234411","07CHR234411_07"
"27","05A","05A_2008",2008,"340",10,4.6,207,0.37431693989071,0.204626602508029,10.6937007135947,1.33705488485,20,20,6,2008,207,"07CHR234411","07CHR234411_08"
"28","05A","05A_2009",2009,"340",6,7.33333333333333,150,0.287671232876712,0.357144986058539,16.7625978482367,0.883415920114953,20,20,6,2009,150,"07CHR234411","07CHR234411_09"
"29","05A","05A_2010",2010,"340",11,5.09090909090909,229,0.356164383561644,0.202953041142644,5.81123728860619,1.57463183045139,20,20,6,2010,229,"07CHR234411","07CHR234411_10"
"30","05A","05A_2011",2011,"340",12,4.83333333333333,197,0.4,0.277776451652504,10.8947080776269,1.15476478059602,20,20,6,2011,197,"07CHR234411","07CHR234411_11"
"31","05A","05A_2012",2012,"340",12,4.66666666666667,217,0.341530054644809,0.283130045704407,16.1143627176179,1.14258230275195,20,20,6,2012,217,"07CHR234411","07CHR234411_12"
"32","05A","05A_2013",2013,"340",12,5.33333333333333,155,0.334246575342466,0.295263372458046,14.3348937316055,1.20516186592804,20,20,6,2013,155,"07CHR234411","07CHR234411_13"
"33","05A","05A_2014",2014,"340",11,6.36363636363636,181,0.345205479452055,0.247640343004589,7.16399687491153,1.7866569734624,20,20,6,2014,181,"07CHR234411","07CHR234411_14"
"34","05A","05A_2015",2015,"340",8,5.625,136,0.336986301369863,0.230626723270923,8.10693385903013,0.749306211799347,20,20,6,2015,136,"07CHR234411","07CHR234411_15"
"35","05A","05A_2016",2016,"340",10,7.1,150,0.346994535519126,0.239986004343544,12.0243077268088,1.00709015729348,20,20,6,2016,150,"07CHR234411","07CHR234411_16"
"36","05A","05A_2017",2017,"340",19,3.73684210526316,212,0.446575342465753,0.26425407625758,8.09458652320882,0.700473848392255,20,20,6,2017,212,"07CHR234411","07CHR234411_17"
"37","05A","05A_2018",2018,"340",8,8.875,150,0.334246575342466,0.264872372502628,9.81159251624282,0.627917113206758,20,20,6,2018,150,"07CHR234411","07CHR234411_18"
"38","05A","05A_2019",2019,"340",7,2.14285714285714,161,0.383561643835616,0.208323861094993,5.41067518828544,1.07170412508115,20,20,6,2019,161,"07CHR234411","07CHR234411_19"
"39","05A","05A_2020",2020,"340",8,6.625,162,0.278688524590164,0.297296864311336,23.0424891626488,1.04145283453257,20,20,6,2020,162,"07CHR234411","07CHR234411_20"
"40","05A","05A_2021",2021,"340",9,6.33333333333333,132,0.345205479452055,0.239997479499451,9.41012252358227,0.389811349547403,20,20,6,2021,132,"07CHR234411","07CHR234411_21"
"41","05A","05A_2022",2022,"340",13,4.07692307692308,229,0.356164383561644,0.318710991857793,20.0734996330276,0.553169321536641,20,20,6,2022,229,"07CHR234411","07CHR234411_22"
"42","12099600","12099600_2002",2002,"12099600",11,2.72727272727273,153,0.391780821917808,0.235162718421457,5.84800562291972,1.04799719070165,21,21,13,2002,153,"BSE_1_MudMtnRd","BSE_1_MudMtnRd_02"
"43","12099600","12099600_2003",2003,"12099600",7,2.85714285714286,88,0.347945205479452,0.232256937512478,5.95886828875706,0.694904488129402,21,21,13,2003,88,"BSE_1_MudMtnRd","BSE_1_MudMtnRd_03"
"44","12099600","12099600_2004",2004,"12099600",8,2.625,222,0.349726775956284,0.267313072077528,6.70719128315911,1.30805053019196,21,21,13,2004,222,"BSE_1_MudMtnRd","BSE_1_MudMtnRd_04"
"45","12099600","12099600_2005",2005,"12099600",10,1.9,348,0.331506849315069,0.287882194480808,8.84129760052792,1.19504394399332,21,21,13,2005,348,"BSE_1_MudMtnRd","BSE_1_MudMtnRd_05"
"46","12099600","12099600_2006",2006,"12099600",7,6.28571428571429,215,0.284931506849315,0.244875868822242,9.56190492847064,0.969083240977499,21,21,13,2006,215,"BSE_1_MudMtnRd","BSE_1_MudMtnRd_06"
"47","12099600","12099600_2007",2007,"12099600",11,3.72727272727273,142,0.336986301369863,0.278217037169215,20.343299181152,0.945217460834497,21,21,13,2007,142,"BSE_1_MudMtnRd","BSE_1_MudMtnRd_07"
"48","12099600","12099600_2008",2008,"12099600",8,3.125,191,0.431693989071038,0.187187980920056,5.37683929311102,1.39731078607384,21,21,13,2008,191,"BSE_1_MudMtnRd","BSE_1_MudMtnRd_08"
"49","12099600","12099600_2009",2009,"12099600",6,5.66666666666667,149,0.273972602739726,0.322768880838824,31.0415464344554,0.987160816798853,21,21,13,2009,149,"BSE_1_MudMtnRd","BSE_1_MudMtnRd_09"
"50","12099600","12099600_2010",2010,"12099600",7,2.42857142857143,198,0.383561643835616,0.191750698684983,4.87795729684299,1.4329164804271,21,21,13,2010,198,"BSE_1_MudMtnRd","BSE_1_MudMtnRd_10"
"51","12099600","12099600_2011",2011,"12099600",16,4.125,229,0.397260273972603,0.241939492669561,10.0330712582793,0.98849035344706,21,21,13,2011,229,"BSE_1_MudMtnRd","BSE_1_MudMtnRd_11"
"52","12099600","12099600_2012",2012,"12099600",14,3.64285714285714,200,0.262295081967213,0.359591234192923,10.8091099191407,1.39674674022308,21,21,13,2012,200,"BSE_1_MudMtnRd","BSE_1_MudMtnRd_12"
"53","12099600","12099600_2013",2013,"12099600",10,3,311,0.386301369863014,0.245065957501149,12.6106282389975,1.09066725931122,21,21,13,2013,311,"BSE_1_MudMtnRd","BSE_1_MudMtnRd_13"
"54","12099600","12099600_2014",2014,"12099600",14,5.14285714285714,205,0.287671232876712,0.28452516368505,12.2780402414855,1.15953725768833,21,21,13,2014,205,"BSE_1_MudMtnRd","BSE_1_MudMtnRd_14"
"55","12099600","12099600_2015",2015,"12099600",12,3.08333333333333,139,0.29041095890411,0.422372224521412,13.6638235644522,0.644083956976432,21,21,13,2015,139,"BSE_1_MudMtnRd","BSE_1_MudMtnRd_15"
"56","12099600","12099600_2016",2016,"12099600",13,5.15384615384615,146,0.308743169398907,0.329309385640393,18.9575158581853,0.877655343773823,21,21,13,2016,146,"BSE_1_MudMtnRd","BSE_1_MudMtnRd_16"
"57","12099600","12099600_2017",2017,"12099600",17,3.52941176470588,216,0.358904109589041,0.338440480366452,10.8645412520594,0.675952547544055,21,21,13,2017,216,"BSE_1_MudMtnRd","BSE_1_MudMtnRd_17"
"58","12099600","12099600_2018",2018,"12099600",13,3.92307692307692,180,0.350684931506849,0.297415632049846,9.64505192784864,0.714123318702668,21,21,13,2018,180,"BSE_1_MudMtnRd","BSE_1_MudMtnRd_18"
"59","12099600","12099600_2019",2019,"12099600",4,3.5,107,0.326027397260274,0.254630278058606,4.5730849657903,1.0920773739381,21,21,13,2019,107,"BSE_1_MudMtnRd","BSE_1_MudMtnRd_19"
"60","12099600","12099600_2020",2020,"12099600",11,3.27272727272727,139,0.278688524590164,0.282520745173235,20.1215738494773,1.00583476335776,21,21,13,2020,139,"BSE_1_MudMtnRd","BSE_1_MudMtnRd_20"
"61","12099600","12099600_2021",2021,"12099600",7,4.85714285714286,114,0.33972602739726,0.249288560956481,11.1971292495714,0.727985777276147,21,21,13,2021,114,"BSE_1_MudMtnRd","BSE_1_MudMtnRd_21"
"62","12099600","12099600_2022",2022,"12099600",13,4,225,0.364383561643836,0.300184316538822,22.2556801668461,0.649160369633222,21,21,13,2022,225,"BSE_1_MudMtnRd","BSE_1_MudMtnRd_22"
"63","12112600","12112600_2002",2002,"12112600",11,4.09090909090909,153,0.449315068493151,0.115838815458587,4.42793611394869,0.752168183600049,21,21,14,2002,153,"09SOO0943","09SOO0943_02"
"64","12112600","12112600_2003",2003,"12112600",3,4.66666666666667,57,0.372602739726027,0.0946083752755025,2.8225292598189,0.704463842677637,21,21,14,2003,57,"09SOO0943","09SOO0943_03"
"65","12112600","12112600_2004",2004,"12112600",3,4.33333333333333,109,0.382513661202186,0.112022820210189,4.21885987248063,0.966895990778636,21,21,14,2004,109,"09SOO0943","09SOO0943_04"
"66","12112600","12112600_2005",2005,"12112600",5,2.2,128,0.416438356164384,0.102513741423259,3.62896619119572,0.897788236786603,21,21,14,2005,128,"09SOO0943","09SOO0943_05"
"67","12112600","12112600_2006",2006,"12112600",1,49,48,0.320547945205479,0.101031764996144,8.36304965872266,0.906832580467038,21,21,14,2006,48,"09SOO0943","09SOO0943_06"
"68","12112600","12112600_2007",2007,"12112600",6,10.3333333333333,145,0.427397260273973,0.0979423105914063,5.24930706257324,0.921066181982923,21,21,14,2007,145,"09SOO0943","09SOO0943_07"
"69","12112600","12112600_2008",2008,"12112600",2,3.5,71,0.480874316939891,0.0809416869170074,3.75590533780134,1.02087985704321,21,21,14,2008,71,"09SOO0943","09SOO0943_08"
"70","12112600","12112600_2009",2009,"12112600",5,6.2,149,0.394520547945205,0.131792930794179,12.0218838844138,1.01327077291697,21,21,14,2009,149,"09SOO0943","09SOO0943_09"
"71","12112600","12112600_2010",2010,"12112600",6,3.5,196,0.468493150684932,0.0843033065954188,2.62838703559855,1.46586730690057,21,21,14,2010,196,"09SOO0943","09SOO0943_10"
"72","12112600","12112600_2011",2011,"12112600",10,9.8,157,0.457534246575342,0.0797861047132225,5.10743389871991,1.07732295389917,21,21,14,2011,157,"09SOO0943","09SOO0943_11"
"73","12112600","12112600_2012",2012,"12112600",6,8.83333333333333,105,0.404371584699454,0.0892538466152785,4.45780414844413,0.614895259463789,21,21,14,2012,105,"09SOO0943","09SOO0943_12"
"74","12112600","12112600_2013",2013,"12112600",8,6.375,314,0.449315068493151,0.0948535379408396,3.85297644991151,1.07192888680013,21,21,14,2013,314,"09SOO0943","09SOO0943_13"
"75","12112600","12112600_2014",2014,"12112600",9,6.22222222222222,221,0.353424657534247,0.108518072392082,5.30157612294026,1.65845797761589,21,21,14,2014,221,"09SOO0943","09SOO0943_14"
"76","12112600","12112600_2015",2015,"12112600",4,4.25,84,0.479452054794521,0.102405974624818,3.74843832917748,0.882682301104316,21,21,14,2015,84,"09SOO0943","09SOO0943_15"
"77","12112600","12112600_2016",2016,"12112600",8,10,123,0.371584699453552,0.119732359452258,9.2590906935858,1.05709520227777,21,21,14,2016,123,"09SOO0943","09SOO0943_16"
"78","12112600","12112600_2017",2017,"12112600",7,10.8571428571429,172,0.408219178082192,0.113016318515595,5.41358125229815,1.05928121894422,21,21,14,2017,172,"09SOO0943","09SOO0943_17"
"79","12112600","12112600_2018",2018,"12112600",8,8,149,0.4,0.0928172942817294,3.71110328605818,0.997760464188322,21,21,14,2018,149,"09SOO0943","09SOO0943_18"
"80","12112600","12112600_2019",2019,"12112600",6,2.66666666666667,104,0.380821917808219,0.10340357955277,2.79266122532346,0.978762938396525,21,21,14,2019,104,"09SOO0943","09SOO0943_19"
"81","12112600","12112600_2020",2020,"12112600",3,13.6666666666667,58,0.251366120218579,0.145809187570121,8.13903940000687,1.04371886219971,21,21,14,2020,58,"09SOO0943","09SOO0943_20"
"82","12112600","12112600_2021",2021,"12112600",5,7.2,68,0.315068493150685,0.119966323868448,7.16832827890514,0.76890533841701,21,21,14,2021,68,"09SOO0943","09SOO0943_21"
"83","12112600","12112600_2022",2022,"12112600",8,8.125,176,0.386301369863014,0.133905893219078,9.63244112477878,1.13995564353952,21,21,14,2022,176,"09SOO0943","09SOO0943_22"
"84","12113347","12113347_2002",2002,"12113347",14,2.64285714285714,153,0.246575342465753,0.525831737104509,29.1244365295429,0.85170224214433,20,20,15,2002,153,"09BLA0675","09BLA0675_02"
"85","12113347","12113347_2003",2003,"12113347",5,4,96,0.26027397260274,0.404523267165636,7.98573259681016,0.735501922362529,20,20,15,2003,96,"09BLA0675","09BLA0675_03"
"86","12113347","12113347_2004",2004,"12113347",9,2.88888888888889,309,0.30327868852459,0.36032623187473,6.71741036084619,0.830897301878209,20,20,15,2004,309,"09BLA0675","09BLA0675_04"
"87","12113347","12113347_2005",2005,"12113347",7,2.71428571428571,216,0.268493150684932,0.386890869418904,4.93236425097098,0.827351005241938,20,20,15,2005,216,"09BLA0675","09BLA0675_05"
"88","12113347","12113347_2006",2006,"12113347",12,3.75,214,0.254794520547945,0.326123102968741,7.70388321104039,0.830010727719141,20,20,15,2006,214,"09BLA0675","09BLA0675_06"
"89","12113347","12113347_2007",2007,"12113347",10,4.7,142,0.26027397260274,0.358697988238129,21.1387039327328,1.1642935143956,20,20,15,2007,142,"09BLA0675","09BLA0675_07"
"90","12113347","12113347_2009",2009,"12113347",8,4.125,304,0.252054794520548,0.303529152205826,10.5458645175522,0.859444989800188,20,20,15,2009,304,"09BLA0675","09BLA0675_09"
"91","12113347","12113347_2010",2010,"12113347",19,1.89473684210526,337,0.323287671232877,0.404546962202385,4.76795210927195,1.33996818401486,20,20,15,2010,337,"09BLA0675","09BLA0675_10"
"92","12113347","12113347_2011",2011,"12113347",13,3.84615384615385,218,0.312328767123288,0.311078966150082,7.51598362052721,1.20769131948196,20,20,15,2011,218,"09BLA0675","09BLA0675_11"
"93","12113347","12113347_2012",2012,"12113347",14,3.21428571428571,163,0.281420765027322,0.360507836115891,9.46544187210145,0.907497309221655,20,20,15,2012,163,"09BLA0675","09BLA0675_12"
"94","12113347","12113347_2013",2013,"12113347",13,3.07692307692308,338,0.276712328767123,0.365873956944741,6.83484760491693,0.974345000815356,20,20,15,2013,338,"09BLA0675","09BLA0675_13"
"95","12113347","12113347_2014",2014,"12113347",15,3.33333333333333,316,0.263013698630137,0.29111932611855,6.38858607744813,1.41674550619012,20,20,15,2014,316,"09BLA0675","09BLA0675_14"
"96","12113347","12113347_2015",2015,"12113347",13,2.07692307692308,312,0.301369863013699,0.348028075707134,5.40211322725393,1.07559176978088,20,20,15,2015,312,"09BLA0675","09BLA0675_15"
"97","12113347","12113347_2016",2016,"12113347",17,3.47058823529412,156,0.308743169398907,0.306273148148148,9.74729125787122,1.32243875726976,20,20,15,2016,156,"09BLA0675","09BLA0675_16"
"98","12113347","12113347_2017",2017,"12113347",16,5.375,206,0.268493150684932,0.364755165494953,20.5515177123791,0.827705634905565,20,20,15,2017,206,"09BLA0675","09BLA0675_17"
"99","12113347","12113347_2018",2018,"12113347",14,4,181,0.315068493150685,0.271279297337929,5.84837475472273,0.884978325581336,20,20,15,2018,181,"09BLA0675","09BLA0675_18"
"100","12113347","12113347_2019",2019,"12113347",8,3.125,141,0.257534246575342,0.372291401882276,14.4682684695149,1.1793209463918,20,20,15,2019,141,"09BLA0675","09BLA0675_19"
"101","12113347","12113347_2020",2020,"12113347",8,6.625,343,0.180327868852459,0.42198081199684,26.0710681837037,1.04934917467248,20,20,15,2020,343,"09BLA0675","09BLA0675_20"
"102","12113347","12113347_2021",2021,"12113347",14,7.07142857142857,248,0.279452054794521,0.413129709780569,25.3664447192793,0.871147768699881,20,20,15,2021,248,"09BLA0675","09BLA0675_21"
"103","12113347","12113347_2022",2022,"12113347",16,3.75,226,0.293150684931507,0.36527968876026,17.2162999807701,0.84401859943241,20,20,15,2022,226,"09BLA0675","09BLA0675_22"
"104","12118500","12118500_2002",2002,"12118500",5,10.8,126,0.445054945054945,0.05727318803852,3.33685152220397,1.21871853340497,19,19,16,2002,126,"08CED4192","08CED4192_02"
"105","12118500","12118500_2004",2004,"12118500",1,6,5,0.360655737704918,0.0431421235292458,2.35880883466143,1.13172086853816,19,19,16,2004,5,"08CED4192","08CED4192_04"
"106","12118500","12118500_2005",2005,"12118500",0,NA,NA,0.449315068493151,0.0418875769959372,1.51884276183077,0.688336157153155,19,19,16,2005,NA,"08CED4192","08CED4192_05"
"107","12118500","12118500_2006",2006,"12118500",1,45,44,0.241095890410959,0.057259794835335,7.47914996356063,1.02966567738989,19,19,16,2006,44,"08CED4192","08CED4192_06"
"108","12118500","12118500_2007",2007,"12118500",4,15.75,150,0.454794520547945,0.051341372495651,4.09627290311936,0.871086150604707,19,19,16,2007,150,"08CED4192","08CED4192_07"
"109","12118500","12118500_2008",2008,"12118500",0,NA,NA,0.448087431693989,0.0316442469820022,1.80650237581387,0.778847244818978,19,19,16,2008,NA,"08CED4192","08CED4192_08"
"110","12118500","12118500_2009",2009,"12118500",3,13.6666666666667,102,0.306849315068493,0.0859167202062459,11.506384559324,0.92161633061225,19,19,16,2009,102,"08CED4192","08CED4192_09"
"111","12118500","12118500_2010",2010,"12118500",2,7,16,0.476712328767123,0.0375381439597918,2.54291098761061,1.34397667911425,19,19,16,2010,16,"08CED4192","08CED4192_10"
"112","12118500","12118500_2011",2011,"12118500",7,20.7142857142857,168,0.476712328767123,0.0525150565676654,6.96136265839105,1.09968977877683,19,19,16,2011,168,"08CED4192","08CED4192_11"
"113","12118500","12118500_2012",2012,"12118500",4,24,105,0.382513661202186,0.0511422291567027,4.59680063144996,1.33786286115151,19,19,16,2012,105,"08CED4192","08CED4192_12"
"114","12118500","12118500_2013",2013,"12118500",2,17.5,92,0.410958904109589,0.0463342062378895,3.88915798105153,1.35500813326442,19,19,16,2013,92,"08CED4192","08CED4192_13"
"115","12118500","12118500_2014",2014,"12118500",1,90,89,0.298630136986301,0.062413508099572,8.05446919152683,1.07417123423669,19,19,16,2014,89,"08CED4192","08CED4192_14"
"116","12118500","12118500_2015",2015,"12118500",1,8,7,0.424657534246575,0.0475720881531261,2.59468971812757,0.780949062925482,19,19,16,2015,7,"08CED4192","08CED4192_15"
"117","12118500","12118500_2016",2016,"12118500",3,39,130,0.379781420765027,0.0627046889708189,7.24902227237415,0.913085421827027,19,19,16,2016,130,"08CED4192","08CED4192_16"
"118","12118500","12118500_2017",2017,"12118500",3,31.6666666666667,101,0.306849315068493,0.0413146012992114,6.21344766203498,1.23087104680351,19,19,16,2017,101,"08CED4192","08CED4192_17"
"119","12118500","12118500_2018",2018,"12118500",4,22.25,148,0.408219178082192,0.0458416000997206,4.55652828549232,0.867107184838193,19,19,16,2018,148,"08CED4192","08CED4192_18"
"120","12118500","12118500_2019",2019,"12118500",1,3,2,0.410958904109589,0.0400979823120284,2.06539602839867,0.685690058074418,19,19,16,2019,2,"08CED4192","08CED4192_19"
"121","12118500","12118500_2020",2020,"12118500",3,23.3333333333333,80,0.30327868852459,0.0814945942645191,14.4980445447483,1.0034636004067,19,19,16,2020,80,"08CED4192","08CED4192_20"
"122","12118500","12118500_2021",2021,"12118500",2,28.5,73,0.306849315068493,0.0557218587919129,5.59785608811115,0.668133976058874,19,19,16,2021,73,"08CED4192","08CED4192_21"
"123","12121600","12121600_2002",2002,"12121600",14,4.28571428571429,154,0.347945205479452,0.249204087735036,10.3218893369732,0.90016059905852,21,21,17,2002,154,"08ISS3877","08ISS3877_02"
"124","12121600","12121600_2003",2003,"12121600",3,6,57,0.347945205479452,0.196377256142843,5.12354651871497,0.637613757666452,21,21,17,2003,57,"08ISS3877","08ISS3877_03"
"125","12121600","12121600_2004",2004,"12121600",8,4.125,109,0.314207650273224,0.256683033278778,9.34953744291053,0.800461371120321,21,21,17,2004,109,"08ISS3877","08ISS3877_04"
"126","12121600","12121600_2005",2005,"12121600",5,3.4,143,0.295890410958904,0.237598481310537,8.60157444747769,0.90777830163504,21,21,17,2005,143,"08ISS3877","08ISS3877_05"
"127","12121600","12121600_2006",2006,"12121600",6,7.16666666666667,204,0.252054794520548,0.207795007912651,10.5462782356031,0.972210849778176,21,21,17,2006,204,"08ISS3877","08ISS3877_06"
"128","12121600","12121600_2007",2007,"12121600",9,5.33333333333333,144,0.358904109589041,0.216679292630383,12.3413894246419,0.848927081675356,21,21,17,2007,144,"08ISS3877","08ISS3877_07"
"129","12121600","12121600_2008",2008,"12121600",5,2.6,71,0.434426229508197,0.179232941362321,10.3218893369732,1.01905161668486,21,21,17,2008,71,"08ISS3877","08ISS3877_08"
"130","12121600","12121600_2009",2009,"12121600",8,3.625,158,0.265753424657534,0.258427403748159,14.8096673095703,0.956173362466233,21,21,17,2009,158,"08ISS3877","08ISS3877_09"
"131","12121600","12121600_2010",2010,"12121600",13,2.84615384615385,229,0.372602739726027,0.167679426447701,4.27086870392153,1.65270898981621,21,21,17,2010,229,"08ISS3877","08ISS3877_10"
"132","12121600","12121600_2011",2011,"12121600",10,6.5,197,0.378082191780822,0.202246564406014,12.2665931250986,1.19621377579829,21,21,17,2011,197,"08ISS3877","08ISS3877_11"
"133","12121600","12121600_2012",2012,"12121600",11,3.81818181818182,164,0.39344262295082,0.200434004465502,7.55442625387171,1.03171387041588,21,21,17,2012,164,"08ISS3877","08ISS3877_12"
"134","12121600","12121600_2013",2013,"12121600",15,3.46666666666667,334,0.424657534246575,0.185440639387216,5.79671321460453,1.23234313296132,21,21,17,2013,334,"08ISS3877","08ISS3877_13"
"135","12121600","12121600_2014",2014,"12121600",11,3.36363636363636,216,0.353424657534247,0.201602396671849,6.26045027177289,1.17441035941157,21,21,17,2014,216,"08ISS3877","08ISS3877_14"
"136","12121600","12121600_2015",2015,"12121600",10,3.2,152,0.468493150684932,0.154922998133613,4.85427984035915,0.879942310441624,21,21,17,2015,152,"08ISS3877","08ISS3877_15"
"137","12121600","12121600_2016",2016,"12121600",8,9.25,136,0.363387978142077,0.212764029467999,12.3413894246419,0.991536760599817,21,21,17,2016,136,"08ISS3877","08ISS3877_16"
"138","12121600","12121600_2017",2017,"12121600",17,4.23529411764706,209,0.465753424657534,0.202227375262253,8.30238924930455,1.05532257055949,21,21,17,2017,209,"08ISS3877","08ISS3877_17"
"139","12121600","12121600_2018",2018,"12121600",11,5.81818181818182,179,0.372602739726027,0.207929608103183,6.08841878282334,0.822786683854127,21,21,17,2018,179,"08ISS3877","08ISS3877_18"
"140","12121600","12121600_2019",2019,"12121600",4,2.75,139,0.386301369863014,0.195289086210972,4.98891317953706,1.12764024222872,21,21,17,2019,139,"08ISS3877","08ISS3877_19"
"141","12121600","12121600_2020",2020,"12121600",6,7,118,0.275956284153005,0.260946466187259,18.2502970885614,1.02675243658355,21,21,17,2020,118,"08ISS3877","08ISS3877_20"
"142","12121600","12121600_2021",2021,"12121600",6,7.16666666666667,73,0.358904109589041,0.192062751372131,8.45198184839112,0.79671693575674,21,21,17,2021,73,"08ISS3877","08ISS3877_21"
"143","12121600","12121600_2022",2022,"12121600",13,3.76923076923077,225,0.375342465753425,0.25199000716386,13.3137413187046,0.969534991487693,21,21,17,2022,225,"08ISS3877","08ISS3877_22"
"144","12144000","12144000_2002",2002,"12144000",15,3.86666666666667,249,0.358904109589041,0.211207876020883,7.75822611638294,1.00330414847006,21,21,18,2002,249,"07SFS011059","07SFS011059_02"
"145","12144000","12144000_2003",2003,"12144000",7,3.14285714285714,133,0.36986301369863,0.234712797368217,10.0569597804964,0.73591304918991,21,21,18,2003,133,"07SFS011059","07SFS011059_03"
"146","12144000","12144000_2004",2004,"12144000",6,2.5,310,0.363387978142077,0.249249430616238,8.97942837544322,1.43881453789416,21,21,18,2004,310,"07SFS011059","07SFS011059_04"
"147","12144000","12144000_2005",2005,"12144000",5,3.6,332,0.284931506849315,0.236658291457286,11.0087791882934,0.95043737927259,21,21,18,2005,332,"07SFS011059","07SFS011059_05"
"148","12144000","12144000_2006",2006,"12144000",12,2.83333333333333,216,0.36986301369863,0.162000874342268,6.73457128158242,0.84475258597782,21,21,18,2006,216,"07SFS011059","07SFS011059_06"
"149","12144000","12144000_2007",2007,"12144000",10,3.3,143,0.358904109589041,0.228877303041624,15.821752797531,0.844936734134025,21,21,18,2007,143,"07SFS011059","07SFS011059_07"
"150","12144000","12144000_2008",2008,"12144000",4,11.5,213,0.292349726775956,0.143918399326765,5.60316330627657,1.22292248923312,21,21,18,2008,213,"07SFS011059","07SFS011059_08"
"151","12144000","12144000_2009",2009,"12144000",11,3.45454545454545,210,0.279452054794521,0.263187678978257,17.8870213238829,0.877741412817918,21,21,18,2009,210,"07SFS011059","07SFS011059_09"
"152","12144000","12144000_2010",2010,"12144000",11,2.36363636363636,229,0.375342465753425,0.151238594783909,3.80727763118793,1.34682170162543,21,21,18,2010,229,"07SFS011059","07SFS011059_10"
"153","12144000","12144000_2011",2011,"12144000",10,4.4,218,0.361643835616438,0.216825164594001,11.4577506070656,1.2122093994398,21,21,18,2011,218,"07SFS011059","07SFS011059_11"
"154","12144000","12144000_2012",2012,"12144000",14,2.78571428571429,213,0.39344262295082,0.204796165214164,7.84802040013738,0.944615047863177,21,21,18,2012,213,"07SFS011059","07SFS011059_12"
"155","12144000","12144000_2013",2013,"12144000",11,3.36363636363636,337,0.391780821917808,0.164340517407564,4.34604333371452,1.13419015855367,21,21,18,2013,337,"07SFS011059","07SFS011059_13"
"156","12144000","12144000_2014",2014,"12144000",14,3.07142857142857,227,0.383561643835616,0.193767348664498,7.54271983537231,1.30063120577742,21,21,18,2014,227,"07SFS011059","07SFS011059_14"
"157","12144000","12144000_2015",2015,"12144000",12,2.25,154,0.361643835616438,0.242311609230594,9.62594721847513,0.631641445281587,21,21,18,2015,154,"07SFS011059","07SFS011059_15"
"158","12144000","12144000_2016",2016,"12144000",6,4.16666666666667,173,0.35792349726776,0.263311393630539,12.5891585823714,0.890069280770899,21,21,18,2016,173,"07SFS011059","07SFS011059_16"
"159","12144000","12144000_2017",2017,"12144000",10,2.6,245,0.410958904109589,0.178807909601618,4.79501475248668,0.746469465338031,21,21,18,2017,245,"07SFS011059","07SFS011059_17"
"160","12144000","12144000_2018",2018,"12144000",12,4.08333333333333,210,0.364383561643836,0.190600742914823,8.00965011089536,0.9529568608643,21,21,18,2018,210,"07SFS011059","07SFS011059_18"
"161","12144000","12144000_2019",2019,"12144000",7,3,163,0.394520547945205,0.172515166236905,5.15419188750441,0.924702674442984,21,21,18,2019,163,"07SFS011059","07SFS011059_19"
"162","12144000","12144000_2020",2020,"12144000",11,3.18181818181818,203,0.311475409836066,0.253365338277883,9.82349464273489,1.06723334734542,21,21,18,2020,203,"07SFS011059","07SFS011059_20"
"163","12144000","12144000_2021",2021,"12144000",8,2.5,234,0.424657534246575,0.158328397077737,5.19010960100618,1.06397284175614,21,21,18,2021,234,"07SFS011059","07SFS011059_21"
"164","12144000","12144000_2022",2022,"12144000",13,3.76923076923077,230,0.372602739726027,0.249489609839735,10.3443014885106,0.865664233951536,21,21,18,2022,230,"07SFS011059","07SFS011059_22"
"165","15c","15c_2002",2002,"80",11,7.72727272727273,154,0.358904109589041,0.199479404578049,13.4637143006241,0.921297797999789,21,21,20,2002,154,"08LAK3879","08LAK3879_02"
"166","15c","15c_2003",2003,"80",6,5,100,0.306849315068493,0.226315898986676,6.46337349102631,0.531387959485727,21,21,20,2003,100,"08LAK3879","08LAK3879_03"
"167","15c","15c_2004",2004,"80",5,7.4,111,0.300546448087432,0.222623303997066,8.33452341095646,0.911592302329036,21,21,20,2004,111,"08LAK3879","08LAK3879_04"
"168","15c","15c_2005",2005,"80",4,7.25,130,0.293150684931507,0.251373209891342,5.52450425303319,1.06427278646296,21,21,20,2005,130,"08LAK3879","08LAK3879_05"
"169","15c","15c_2006",2006,"80",2,24,48,0.210958904109589,0.20607407087854,12.0405861925082,0.7903460355168,21,21,20,2006,48,"08LAK3879","08LAK3879_06"
"170","15c","15c_2007",2007,"80",6,13.5,147,0.276712328767123,0.180282020691948,10.3292087569383,1.79224934316688,21,21,20,2007,147,"08LAK3879","08LAK3879_07"
"171","15c","15c_2008",2008,"80",8,4.375,118,0.330601092896175,0.230566705511675,11.9005793763163,1.3990721487305,21,21,20,2008,118,"08LAK3879","08LAK3879_08"
"172","15c","15c_2009",2009,"80",5,5.8,158,0.293150684931507,0.190435367929081,7.75637761703438,0.633174948908345,21,21,20,2009,158,"08LAK3879","08LAK3879_09"
"173","15c","15c_2010",2010,"80",10,6.2,228,0.331506849315069,0.217591348598405,5.30543476416813,1.49187793320406,21,21,20,2010,228,"08LAK3879","08LAK3879_10"
"174","15c","15c_2011",2011,"80",12,7.33333333333333,203,0.347945205479452,0.184652093842581,9.732944433862,0.48249028809643,21,21,20,2011,203,"08LAK3879","08LAK3879_11"
"175","15c","15c_2012",2012,"80",7,6.85714285714286,134,0.33879781420765,0.179631653760693,4.84094156221364,0.691885418297535,21,21,20,2012,134,"08LAK3879","08LAK3879_12"
"176","15c","15c_2013",2013,"80",12,6.25,334,0.342465753424658,0.208233421242674,5.8901691141463,1.11566523700478,21,21,20,2013,334,"08LAK3879","08LAK3879_13"
"177","15c","15c_2014",2014,"80",10,5.3,205,0.326027397260274,0.205744722751015,5.54426992120147,1.63707407988044,21,21,20,2014,205,"08LAK3879","08LAK3879_14"
"178","15c","15c_2015",2015,"80",9,5.11111111111111,154,0.378082191780822,0.217699169771649,5.35649607360285,0.553840971858363,21,21,20,2015,154,"08LAK3879","08LAK3879_15"
"179","15c","15c_2016",2016,"80",6,13.6666666666667,136,0.311475409836066,0.186261463901469,9.14162152782774,0.837634828922026,21,21,20,2016,136,"08LAK3879","08LAK3879_16"
"180","15c","15c_2017",2017,"80",13,8.38461538461539,193,0.419178082191781,0.169637652545082,10.2814417255317,1.35366716815472,21,21,20,2017,193,"08LAK3879","08LAK3879_17"
"181","15c","15c_2018",2018,"80",6,10.8333333333333,149,0.287671232876712,0.170518151287382,5.88522769710423,0.847725956024648,21,21,20,2018,149,"08LAK3879","08LAK3879_18"
"182","15c","15c_2019",2019,"80",5,3,138,0.361643835616438,0.201829684156064,2.64695239553499,1.71690701276093,21,21,20,2019,138,"08LAK3879","08LAK3879_19"
"183","15c","15c_2020",2020,"80",4,9.75,102,0.210382513661202,0.243087112843435,16.0233683284159,0.775876316432212,21,21,20,2020,102,"08LAK3879","08LAK3879_20"
"184","15c","15c_2021",2021,"80",7,6.71428571428571,102,0.235616438356164,0.260925546411442,9.75929865808637,0.636667639721867,21,21,20,2021,102,"08LAK3879","08LAK3879_21"
"185","15c","15c_2022",2022,"80",13,5.23076923076923,191,0.336986301369863,0.223469536925917,16.3676203823467,0.815293827041951,21,21,20,2022,191,"08LAK3879","08LAK3879_22"
"186","16b","16b_2002",2002,"86",18,4.38888888888889,188,0.323287671232877,0.40299536725961,10.4007454203342,1.28855129136932,15,15,21,2002,188,"08EAS1536","08EAS1536_02"
"187","16b","16b_2003",2003,"86",11,2.54545454545455,120,0.257534246575342,0.519092726736373,12.6925641403347,0.49895340739285,15,15,21,2003,120,"08EAS1536","08EAS1536_03"
"188","16b","16b_2004",2004,"86",10,2.3,327,0.199453551912568,0.631680581586869,14.6493661703683,1.62495080696186,15,15,21,2004,327,"08EAS1536","08EAS1536_04"
"189","16b","16b_2007",2007,"86",20,3.55,331,0.265753424657534,0.440484708956849,11.9159345408661,0.956378823885738,15,15,21,2007,331,"08EAS1536","08EAS1536_07"
"190","16b","16b_2008",2008,"86",12,1.75,228,0.177595628415301,0.836183367682282,61.7725092204771,1.09300437015513,15,15,21,2008,228,"08EAS1536","08EAS1536_08"
"191","16b","16b_2009",2009,"86",9,2.44444444444444,182,0.221917808219178,0.491663119057755,14.2915074333583,0.690383551318325,15,15,21,2009,182,"08EAS1536","08EAS1536_09"
"192","16b","16b_2010",2010,"86",23,2.04347826086957,338,0.232876712328767,0.730197969646005,13.4006675986737,0.665682887586005,15,15,21,2010,338,"08EAS1536","08EAS1536_10"
"193","16b","16b_2011",2011,"86",20,2.75,217,0.175342465753425,0.818889272529282,68.5261411295814,0.568115265843344,15,15,21,2011,217,"08EAS1536","08EAS1536_11"
"194","16b","16b_2012",2012,"86",13,2.92307692307692,198,0.284153005464481,0.482550318536003,10.3626753419289,1.02013741214479,15,15,21,2012,198,"08EAS1536","08EAS1536_12"
"195","16b","16b_2013",2013,"86",16,3.3125,311,0.293150684931507,0.490230939456413,17.2229034705681,0.976911250613228,15,15,21,2013,311,"08EAS1536","08EAS1536_13"
"196","16b","16b_2014",2014,"86",8,5.125,113,0.254794520547945,0.401135035074045,14.0707009786074,1.11894006707406,15,15,21,2014,113,"08EAS1536","08EAS1536_14"
"197","16b","16b_2015",2015,"86",15,2.4,147,0.323287671232877,0.426996712434732,9.34239724066626,0.815121903166537,15,15,21,2015,147,"08EAS1536","08EAS1536_15"
"198","16b","16b_2016",2016,"86",15,4.93333333333333,139,0.284153005464481,0.434455610318121,19.5147221905686,0.891693960736727,15,15,21,2016,139,"08EAS1536","08EAS1536_16"
"199","16b","16b_2017",2017,"86",25,3.2,214,0.334246575342466,0.456830300530168,17.5426921291728,1.15599106267254,15,15,21,2017,214,"08EAS1536","08EAS1536_17"
"200","16b","16b_2018",2018,"86",11,3.81818181818182,147,0.293150684931507,0.387999135591999,11.8093383213312,1.63518393907954,15,15,21,2018,147,"08EAS1536","08EAS1536_18"
"201","18a","18a_2002",2002,"87",9,6.55555555555556,154,0.36986301369863,0.149573184026137,6.02675091301906,0.843765951182938,21,21,22,2002,154,"08EVA3555","08EVA3555_02"
"202","18a","18a_2003",2003,"87",5,5.4,98,0.378082191780822,0.136307326227477,4.73745059113441,0.695398505116028,21,21,22,2003,98,"08EVA3555","08EVA3555_03"
"203","18a","18a_2004",2004,"87",8,4.75,112,0.314207650273224,0.143401385161284,6.09840439092947,1.01251914141953,21,21,22,2004,112,"08EVA3555","08EVA3555_04"
"204","18a","18a_2005",2005,"87",3,6,113,0.331506849315069,0.11577060163856,4.0851728018984,1.09031114117101,21,21,22,2005,113,"08EVA3555","08EVA3555_05"
"205","18a","18a_2006",2006,"87",2,27.5,67,0.276712328767123,0.107876278458728,7.047928543368,0.69649933530119,21,21,22,2006,67,"08EVA3555","08EVA3555_06"
"206","18a","18a_2007",2007,"87",6,7.66666666666667,141,0.394520547945205,0.095273069086335,3.52904935721312,1.34741614663898,21,21,22,2007,141,"08EVA3555","08EVA3555_07"
"207","18a","18a_2008",2008,"87",4,10,74,0.363387978142077,0.117786984010939,8.49579107766083,1.14669810954434,21,21,22,2008,74,"08EVA3555","08EVA3555_08"
"208","18a","18a_2009",2009,"87",5,5,150,0.465753424657534,0.109539004114535,6.74282341162047,0.993111912969993,21,21,22,2009,150,"08EVA3555","08EVA3555_09"
"209","18a","18a_2010",2010,"87",6,3.16666666666667,204,0.471232876712329,0.0878346038766053,3.08248639165537,1.30986560587844,21,21,22,2010,204,"08EVA3555","08EVA3555_10"
"210","18a","18a_2011",2011,"87",8,6.25,157,0.405479452054795,0.121481708374531,6.3087420196342,0.935372072483587,21,21,22,2011,157,"08EVA3555","08EVA3555_11"
"211","18a","18a_2012",2012,"87",7,7.14285714285714,165,0.352459016393443,0.122744945114312,4.45453492351397,0.653730044033207,21,21,22,2012,165,"08EVA3555","08EVA3555_12"
"212","18a","18a_2013",2013,"87",9,7.11111111111111,173,0.397260273972603,0.138722750688064,4.60338924536656,1.17780675514727,21,21,22,2013,173,"08EVA3555","08EVA3555_13"
"213","18a","18a_2014",2014,"87",9,7.33333333333333,134,0.361643835616438,0.132012258382011,5.87928343267442,1.18518639453669,21,21,22,2014,134,"08EVA3555","08EVA3555_14"
"214","18a","18a_2015",2015,"87",7,4.71428571428571,138,0.410958904109589,0.133174399012532,4.64083396608103,0.812779620045029,21,21,22,2015,138,"08EVA3555","08EVA3555_15"
"215","18a","18a_2016",2016,"87",5,11.2,119,0.366120218579235,0.13703638440524,9.99404218674228,0.908184902759118,21,21,22,2016,119,"08EVA3555","08EVA3555_16"
"216","18a","18a_2017",2017,"87",13,5.07692307692308,187,0.438356164383562,0.151105756998281,6.72895499654103,0.865823326374529,21,21,22,2017,187,"08EVA3555","08EVA3555_17"
"217","18a","18a_2018",2018,"87",6,10.5,150,0.347945205479452,0.112877400244714,4.82112336211366,1.09862852479224,21,21,22,2018,150,"08EVA3555","08EVA3555_18"
"218","18a","18a_2019",2019,"87",0,NA,NA,0.416438356164384,0.0884189058753931,1.98595703937485,1.35561121579519,21,21,22,2019,NA,"08EVA3555","08EVA3555_19"
"219","18a","18a_2020",2020,"87",5,9,60,0.204918032786885,0.237778093257042,20.074068546977,1.05619899592709,21,21,22,2020,60,"08EVA3555","08EVA3555_20"
"220","18a","18a_2021",2021,"87",2,29.5,70,0.33972602739726,0.114011060322514,6.1432455996863,0.794228592850622,21,21,22,2021,70,"08EVA3555","08EVA3555_21"
"221","18a","18a_2022",2022,"87",13,4.76923076923077,227,0.435616438356164,0.132856738391846,9.21417497877548,1.02086370603298,21,21,22,2022,227,"08EVA3555","08EVA3555_22"
"222","28a","28a_2002",2002,"319",13,3.69230769230769,183,0.254794520547945,0.391795842417563,14.022833712931,1.00672172922911,21,21,28,2002,183,"28A","28A_02"
"223","28a","28a_2003",2003,"319",8,3.75,120,0.282191780821918,0.290747831963059,8.70261689276034,0.913219290529741,21,21,28,2003,120,"28A","28A_03"
"224","28a","28a_2004",2004,"319",12,3.08333333333333,121,0.30327868852459,0.320492098530539,11.8647379610946,0.898367698209552,21,21,28,2004,121,"28A","28A_04"
"225","28a","28a_2005",2005,"319",8,2.25,130,0.227397260273973,0.313968735625871,11.1735726796263,0.806799949697485,21,21,28,2005,130,"28A","28A_05"
"226","28a","28a_2006",2006,"319",4,9.75,66,0.197260273972603,0.318922260850866,15.8792430024174,0.83476191316929,21,21,28,2006,66,"28A","28A_06"
"227","28a","28a_2007",2007,"319",15,3.86666666666667,139,0.315068493150685,0.366548501013333,12.5974050839444,1.12308765373022,21,21,28,2007,139,"28A","28A_07"
"228","28a","28a_2008",2008,"319",9,2.44444444444444,70,0.278688524590164,0.313422718104584,21.636825381762,0.900211344152748,21,21,28,2008,70,"28A","28A_08"
"229","28a","28a_2009",2009,"319",10,2.4,189,0.216438356164384,0.346621796531193,17.7388447412409,0.845311664955356,21,21,28,2009,189,"28A","28A_09"
"230","28a","28a_2010",2010,"319",15,2.33333333333333,147,0.287671232876712,0.334372848975234,7.3538070478626,1.02762776378251,21,21,28,2010,147,"28A","28A_10"
"231","28a","28a_2011",2011,"319",14,3.92857142857143,218,0.26027397260274,0.396670015689945,32.251719427407,1.24558768417813,21,21,28,2011,218,"28A","28A_11"
"232","28a","28a_2012",2012,"319",8,4.25,131,0.254098360655738,0.284526949916746,7.93483282720316,1.0615303641824,21,21,28,2012,131,"28A","28A_12"
"233","28a","28a_2013",2013,"319",11,3.72727272727273,335,0.249315068493151,0.369596240488047,14.6756896023548,1.0843710889231,21,21,28,2013,335,"28A","28A_13"
"234","28a","28a_2014",2014,"319",9,3.33333333333333,178,0.221917808219178,0.340747326638391,12.7666048988073,1.19877956217587,21,21,28,2014,178,"28A","28A_14"
"235","28a","28a_2015",2015,"319",12,2.41666666666667,312,0.293150684931507,0.334961777957779,6.60837012766468,0.916906582416133,21,21,28,2015,312,"28A","28A_15"
"236","28a","28a_2016",2016,"319",9,9.44444444444444,137,0.289617486338798,0.314925758750133,15.5935187867527,1.13496892758637,21,21,28,2016,137,"28A","28A_16"
"237","28a","28a_2017",2017,"319",17,3.35294117647059,182,0.30958904109589,0.374467905761369,21.2776748313454,1.34408258192121,21,21,28,2017,182,"28A","28A_17"
"238","28a","28a_2018",2018,"319",17,3.47058823529412,182,0.287671232876712,0.340721080331735,10.2318001252006,1.17511943923819,21,21,28,2018,182,"28A","28A_18"
"239","28a","28a_2019",2019,"319",11,2,136,0.33972602739726,0.240568677283219,5.20049997003177,0.834352214070802,21,21,28,2019,136,"28A","28A_19"
"240","28a","28a_2020",2020,"319",5,5.2,50,0.19672131147541,0.327552713916474,12.9246311409906,0.832610992902228,21,21,28,2020,50,"28A","28A_20"
"241","28a","28a_2021",2021,"319",8,5.375,67,0.273972602739726,0.311090980566428,18.0437236529279,0.83424978929618,21,21,28,2021,67,"28A","28A_21"
"242","28a","28a_2022",2022,"319",16,3.0625,191,0.213698630136986,0.41976849667985,14.4282747787345,0.981331765653371,21,21,28,2022,191,"28A","28A_22"
"243","31q","31q_2011",2011,"865",8,8.75,196,0.304109589041096,0.224408029262877,13.0512435348258,1.14910258220748,10,10,32,2011,196,"08CED4975","08CED4975_11"
"244","31q","31q_2012",2012,"865",8,2.25,149,0.437158469945355,0.196694536591971,5.06689323563931,0.789253307829771,10,10,32,2012,149,"08CED4975","08CED4975_12"
"245","31q","31q_2013",2013,"865",8,4.375,335,0.465753424657534,0.165059979431557,5.54227388725541,0.851240766727051,10,10,32,2013,335,"08CED4975","08CED4975_13"
"246","31q","31q_2014",2014,"865",13,3.53846153846154,222,0.301369863013699,0.284144042783249,8.76131652548376,1.41621217781939,10,10,32,2014,222,"08CED4975","08CED4975_14"
"247","31q","31q_2015",2015,"865",11,5.18181818181818,145,0.326027397260274,0.282753598268381,14.4697180598093,0.715512382700021,10,10,32,2015,145,"08CED4975","08CED4975_15"
"248","31q","31q_2016",2016,"865",10,4.7,112,0.333333333333333,0.306397048498079,15.4243130779739,1.07290630967985,10,10,32,2016,112,"08CED4975","08CED4975_16"
"249","31q","31q_2017",2017,"865",14,3.07142857142857,215,0.457534246575342,0.213713475394224,6.38313536242582,0.559497193942973,10,10,32,2017,215,"08CED4975","08CED4975_17"
"250","31q","31q_2018",2018,"865",11,4.72727272727273,179,0.356164383561644,0.232318877364756,7.90895390551619,0.901928504663598,10,10,32,2018,179,"08CED4975","08CED4975_18"
"251","31q","31q_2019",2019,"865",7,2.14285714285714,168,0.364383561643836,0.242872058469199,5.45409844381049,1.14487926083206,10,10,32,2019,168,"08CED4975","08CED4975_19"
"252","31q","31q_2020",2020,"865",10,4.4,241,0.300546448087432,0.337635358631919,16.1450514852628,1.39946751359779,10,10,32,2020,241,"08CED4975","08CED4975_20"
"253","35c","35c_2002",2002,"120",11,4.45454545454545,136,0.323287671232877,0.184070829311753,6.36953155304715,1.12850266110467,21,21,34,2002,136,"08WES0903","08WES0903_02"
"254","35c","35c_2003",2003,"120",7,3.28571428571429,99,0.350684931506849,0.141196941808767,4.81661316561763,1.04073757018328,21,21,34,2003,99,"08WES0903","08WES0903_03"
"255","35c","35c_2004",2004,"120",5,4.8,307,0.273224043715847,0.196270705457466,7.76770243967622,0.94440212770804,21,21,34,2004,307,"08WES0903","08WES0903_04"
"256","35c","35c_2005",2005,"120",7,3.14285714285714,167,0.342465753424658,0.18171503009845,5.11910953652904,0.720502079137277,21,21,34,2005,167,"08WES0903","08WES0903_05"
"257","35c","35c_2006",2006,"120",9,5.44444444444444,97,0.235616438356164,0.200425778302852,7.15959919532476,0.878746506909761,21,21,34,2006,97,"08WES0903","08WES0903_06"
"258","35c","35c_2007",2007,"120",5,9.6,64,0.317808219178082,0.148913037903925,6.2801046053484,1.63806360639018,21,21,34,2007,64,"08WES0903","08WES0903_07"
"259","35c","35c_2008",2008,"120",5,2.6,185,0.35792349726776,0.210773541688467,11.2071406107332,1.14866783109131,21,21,34,2008,185,"08WES0903","08WES0903_08"
"260","35c","35c_2009",2009,"120",5,3,179,0.326027397260274,0.140560711893599,3.8126984744952,0.767804123885573,21,21,34,2009,179,"08WES0903","08WES0903_09"
"261","35c","35c_2010",2010,"120",7,4,337,0.389041095890411,0.178335672116446,4.79872777607788,0.91374699555662,21,21,34,2010,337,"08WES0903","08WES0903_10"
"262","35c","35c_2011",2011,"120",7,5.42857142857143,159,0.336986301369863,0.173093010286281,8.80816553551032,1.02261854462595,21,21,34,2011,159,"08WES0903","08WES0903_11"
"263","35c","35c_2012",2012,"120",4,6.5,132,0.330601092896175,0.165283034650049,5.90995480443881,1.01521785934465,21,21,34,2012,132,"08WES0903","08WES0903_12"
"264","35c","35c_2013",2013,"120",9,5,310,0.317808219178082,0.177061214928554,5.93561645030019,0.853387277987157,21,21,34,2013,310,"08WES0903","08WES0903_13"
"265","35c","35c_2014",2014,"120",6,4,68,0.320547945205479,0.163463000475768,5.02190633250866,0.921589006106983,21,21,34,2014,68,"08WES0903","08WES0903_14"
"266","35c","35c_2015",2015,"120",9,3.11111111111111,138,0.33972602739726,0.160746938937555,3.86635464311444,0.875283800952457,21,21,34,2015,138,"08WES0903","08WES0903_15"
"267","35c","35c_2016",2016,"120",8,5,122,0.327868852459016,0.157772648675354,6.07947719225035,0.936831701938642,21,21,34,2016,122,"08WES0903","08WES0903_16"
"268","35c","35c_2017",2017,"120",16,3.0625,214,0.438356164383562,0.169543569168653,5.5592456443333,1.16727138858741,21,21,34,2017,214,"08WES0903","08WES0903_17"
"269","35c","35c_2018",2018,"120",9,6.55555555555556,157,0.397260273972603,0.122492025282144,4.8236117963071,1.08545647332172,21,21,34,2018,157,"08WES0903","08WES0903_18"
"270","35c","35c_2019",2019,"120",5,2,83,0.402739726027397,0.112568388465957,3.16649157416774,1.04128999831729,21,21,34,2019,83,"08WES0903","08WES0903_19"
"271","35c","35c_2020",2020,"120",4,5.25,52,0.275956284153005,0.186961743009092,7.64717046669096,0.899454846458339,21,21,34,2020,52,"08WES0903","08WES0903_20"
"272","35c","35c_2021",2021,"120",6,4.5,116,0.315068493150685,0.175187521417421,5.69688538122615,0.702182451184914,21,21,34,2021,116,"08WES0903","08WES0903_21"
"273","35c","35c_2022",2022,"120",13,2.76923076923077,157,0.33972602739726,0.174516841368623,7.07328275015466,1.29824314920777,21,21,34,2022,157,"08WES0903","08WES0903_22"
"274","41c","41c_2006",2006,"137",2,22,45,0.191780821917808,0.25858712186728,17.8074987374397,0.553994697479324,10,10,38,2006,45,"09MIL0340","09MIL0340_06"
"275","41c","41c_2006",2006,"137",2,22,45,0.191780821917808,0.25858712186728,17.8074987374397,0.553994697479324,10,10,38,2006,45,"09MIL0390","09MIL0390_06"
"276","41c","41c_2007",2007,"137",12,5.83333333333333,145,0.29041095890411,0.360423536142855,16.429537525614,1.33868861540897,10,10,38,2007,145,"09MIL0340","09MIL0340_07"
"277","41c","41c_2007",2007,"137",12,5.83333333333333,145,0.29041095890411,0.360423536142855,16.429537525614,1.33868861540897,10,10,38,2007,145,"09MIL0390","09MIL0390_07"
"278","41c","41c_2012",2012,"137",6,6.33333333333333,133,0.319672131147541,0.243170494910209,6.92867163176969,0.637489612599422,10,10,38,2012,133,"09MIL0340","09MIL0340_12"
"279","41c","41c_2012",2012,"137",6,6.33333333333333,133,0.319672131147541,0.243170494910209,6.92867163176969,0.637489612599422,10,10,38,2012,133,"09MIL0390","09MIL0390_12"
"280","41c","41c_2013",2013,"137",8,5.625,315,0.315068493150685,0.255303822594071,7.07706745458169,1.13054489335602,10,10,38,2013,315,"09MIL0340","09MIL0340_13"
"281","41c","41c_2013",2013,"137",8,5.625,315,0.315068493150685,0.255303822594071,7.07706745458169,1.13054489335602,10,10,38,2013,315,"09MIL0390","09MIL0390_13"
"282","41c","41c_2014",2014,"137",8,7.125,221,0.287671232876712,0.236530084768739,9.19524116352913,1.00154327094298,10,10,38,2014,221,"09MIL0340","09MIL0340_14"
"283","41c","41c_2014",2014,"137",8,7.125,221,0.287671232876712,0.236530084768739,9.19524116352913,1.00154327094298,10,10,38,2014,221,"09MIL0390","09MIL0390_14"
"284","41c","41c_2015",2015,"137",12,2.58333333333333,145,0.394520547945205,0.22796559106701,5.83336913006209,1.03636579478454,10,10,38,2015,145,"09MIL0340","09MIL0340_15"
"285","41c","41c_2015",2015,"137",12,2.58333333333333,145,0.394520547945205,0.22796559106701,5.83336913006209,1.03636579478454,10,10,38,2015,145,"09MIL0390","09MIL0390_15"
"286","41c","41c_2016",2016,"137",7,13.5714285714286,139,0.363387978142077,0.202994518355205,12.02182826471,1.01301887539076,10,10,38,2016,139,"09MIL0340","09MIL0340_16"
"287","41c","41c_2016",2016,"137",7,13.5714285714286,139,0.363387978142077,0.202994518355205,12.02182826471,1.01301887539076,10,10,38,2016,139,"09MIL0390","09MIL0390_16"
"288","41c","41c_2017",2017,"137",12,5.83333333333333,197,0.427397260273973,0.224932734727571,8.77655294916671,0.961576510624827,10,10,38,2017,197,"09MIL0340","09MIL0340_17"
"289","41c","41c_2017",2017,"137",12,5.83333333333333,197,0.427397260273973,0.224932734727571,8.77655294916671,0.961576510624827,10,10,38,2017,197,"09MIL0390","09MIL0390_17"
"290","41c","41c_2018",2018,"137",12,5,166,0.375342465753425,0.197846415693914,5.76623768640905,1.23699101737169,10,10,38,2018,166,"09MIL0340","09MIL0340_18"
"291","41c","41c_2018",2018,"137",12,5,166,0.375342465753425,0.197846415693914,5.76623768640905,1.23699101737169,10,10,38,2018,166,"09MIL0390","09MIL0390_18"
"292","41c","41c_2019",2019,"137",4,3.25,53,0.356164383561644,0.197974603840907,4.71863384203387,1.08978671204147,10,10,38,2019,53,"09MIL0340","09MIL0340_19"
"293","41c","41c_2019",2019,"137",4,3.25,53,0.356164383561644,0.197974603840907,4.71863384203387,1.08978671204147,10,10,38,2019,53,"09MIL0390","09MIL0390_19"
"294","42a","42a_2002",2002,"143",19,3,170,0.241095890410959,0.503142527070626,15.8146235490488,0.914752581365296,17,17,39,2002,170,"Miller_Cove","Miller_Cove_02"
"295","42a","42a_2003",2003,"143",12,3.08333333333333,152,0.232876712328767,0.459580731000687,9.4922023453062,0.828750150348148,17,17,39,2003,152,"Miller_Cove","Miller_Cove_03"
"296","42a","42a_2004",2004,"143",16,2.375,332,0.262295081967213,0.49386156192865,19.4406211111536,1.06173449514813,17,17,39,2004,332,"Miller_Cove","Miller_Cove_04"
"297","42a","42a_2005",2005,"143",10,1.7,190,0.243835616438356,0.459843642759094,9.61482699013374,1.09849556139618,17,17,39,2005,190,"Miller_Cove","Miller_Cove_05"
"298","42a","42a_2006",2006,"143",11,4.90909090909091,213,0.219178082191781,0.360417163800119,13.6416621009221,1.01866590010684,17,17,39,2006,213,"Miller_Cove","Miller_Cove_06"
"299","42a","42a_2007",2007,"143",14,4.71428571428571,331,0.257534246575342,0.389893916024468,15.8159420936169,1.48719702327905,17,17,39,2007,331,"Miller_Cove","Miller_Cove_07"
"300","42a","42a_2008",2008,"143",8,2.375,128,0.254098360655738,0.41971649428034,21.0967130886094,1.10235510774446,17,17,39,2008,128,"Miller_Cove","Miller_Cove_08"
"301","42a","42a_2009",2009,"143",13,2.15384615384615,306,0.235616438356164,0.441762743552615,12.66857620971,0.992154568147795,17,17,39,2009,306,"Miller_Cove","Miller_Cove_09"
"302","42a","42a_2014",2014,"143",16,2.8125,321,0.252054794520548,0.425751178583239,12.1424769270628,1.13358119030853,17,17,39,2014,321,"Miller_Cove","Miller_Cove_14"
"303","42a","42a_2015",2015,"143",15,2.06666666666667,312,0.301369863013699,0.461200677236674,9.82843121015592,0.764787866179288,17,17,39,2015,312,"Miller_Cove","Miller_Cove_15"
"304","42a","42a_2016",2016,"143",13,5,135,0.270491803278689,0.407433081106282,12.738459071816,1.02559588239941,17,17,39,2016,135,"Miller_Cove","Miller_Cove_16"
"305","42a","42a_2017",2017,"143",20,3.2,245,0.317808219178082,0.403476715727361,15.2516050184966,1.26943944720648,17,17,39,2017,245,"Miller_Cove","Miller_Cove_17"
"306","42a","42a_2018",2018,"143",18,2.83333333333333,182,0.284931506849315,0.43856626189275,9.87589881460529,0.628190445750874,17,17,39,2018,182,"Miller_Cove","Miller_Cove_18"
"307","42a","42a_2019",2019,"143",16,1.875,168,0.29041095890411,0.448253388348579,7.6712922968456,1.17546712370108,17,17,39,2019,168,"Miller_Cove","Miller_Cove_19"
"308","42a","42a_2020",2020,"143",13,3.38461538461538,343,0.237704918032787,0.444664959997669,19.4999556167153,0.925629850406684,17,17,39,2020,343,"Miller_Cove","Miller_Cove_20"
"309","42a","42a_2021",2021,"143",11,3.36363636363636,343,0.293150684931507,0.381052607798545,14.1110639671436,0.724478814985044,17,17,39,2021,343,"Miller_Cove","Miller_Cove_21"
"310","42a","42a_2022",2022,"143",22,2.31818181818182,224,0.276712328767123,0.457350799642236,15.0564604224269,0.848723991526714,17,17,39,2022,224,"Miller_Cove","Miller_Cove_22"
"311","42AA","42AA_2012",2012,"1150",14,2.28571428571429,239,0.275956284153005,0.425649569633597,8.00501594180271,1.16429201555072,10,10,40,2012,239,"Miller_SWSSD","Miller_SWSSD_12"
"312","42AA","42AA_2013",2013,"1150",17,2.94117647058824,338,0.279452054794521,0.481446683552263,13.9530467745093,1.05538631113004,10,10,40,2013,338,"Miller_SWSSD","Miller_SWSSD_13"
"313","42AA","42AA_2014",2014,"1150",18,2.5,358,0.249315068493151,0.442211948790896,11.8786909255756,1.31784535870334,10,10,40,2014,358,"Miller_SWSSD","Miller_SWSSD_14"
"314","42AA","42AA_2015",2015,"1150",18,2.05555555555556,312,0.298630136986301,0.479507827482206,10.2328133259681,0.890732726303743,10,10,40,2015,312,"Miller_SWSSD","Miller_SWSSD_15"
"315","42AA","42AA_2016",2016,"1150",14,5.35714285714286,157,0.278688524590164,0.420416835349151,14.6449812447049,0.992400553843637,10,10,40,2016,157,"Miller_SWSSD","Miller_SWSSD_16"
"316","42AA","42AA_2017",2017,"1150",19,3.47368421052632,245,0.306849315068493,0.414588101542282,15.342705961513,1.1197677128374,10,10,40,2017,245,"Miller_SWSSD","Miller_SWSSD_17"
"317","42AA","42AA_2018",2018,"1150",17,2.41176470588235,179,0.263013698630137,0.431384442085653,7.79946218705841,0.993471629794607,10,10,40,2018,179,"Miller_SWSSD","Miller_SWSSD_18"
"318","42AA","42AA_2019",2019,"1150",13,1.46153846153846,168,0.312328767123288,0.39929753656659,6.55455916536757,0.8607620737848,10,10,40,2019,168,"Miller_SWSSD","Miller_SWSSD_19"
"319","42AA","42AA_2020",2020,"1150",10,4.7,342,0.254098360655738,0.387245446135593,13.8589552670559,1.05772969548337,10,10,40,2020,342,"Miller_SWSSD","Miller_SWSSD_20"
"320","42AA","42AA_2021",2021,"1150",14,3.21428571428571,343,0.301369863013699,0.379027743950639,10.3037438469714,0.547611922568349,10,10,40,2021,343,"Miller_SWSSD","Miller_SWSSD_21"
"321","43a","43a_2002",2002,"153",11,4.18181818181818,153,0.241095890410959,0.373565617089551,15.5620927779945,0.883956967145821,21,21,45,2002,153,"VashShing","VashShing_02"
"322","43a","43a_2003",2003,"153",6,4.83333333333333,101,0.219178082191781,0.278446093905526,10.9230847021771,0.974423930054303,21,21,45,2003,101,"VashShing","VashShing_03"
"323","43a","43a_2004",2004,"153",8,3.125,104,0.254098360655738,0.34797124255608,20.8361143616637,0.90313980968548,21,21,45,2004,104,"VashShing","VashShing_04"
"324","43a","43a_2005",2005,"153",4,1.75,127,0.235616438356164,0.277333115539584,12.7173174995305,0.832779044596977,21,21,45,2005,127,"VashShing","VashShing_05"
"325","43a","43a_2006",2006,"153",5,6.4,44,0.167123287671233,0.342590808363041,14.6756309683757,0.94830251793329,21,21,45,2006,44,"VashShing","VashShing_06"
"326","43a","43a_2007",2007,"153",10,4.6,126,0.227397260273973,0.366622639895856,17.2604342738266,1.03916260885021,21,21,45,2007,126,"VashShing","VashShing_07"
"327","43a","43a_2008",2008,"153",5,6.4,69,0.215846994535519,0.274794212568445,23.2888007627963,0.838073312446857,21,21,45,2008,69,"VashShing","VashShing_08"
"328","43a","43a_2009",2009,"153",8,2.375,181,0.208219178082192,0.263766291705172,12.9922058972247,0.855349344378046,21,21,45,2009,181,"VashShing","VashShing_09"
"329","43a","43a_2010",2010,"153",14,2.71428571428571,147,0.235616438356164,0.347477292315852,9.10754272670798,0.937085409428831,21,21,45,2010,147,"VashShing","VashShing_10"
"330","43a","43a_2011",2011,"153",14,4.28571428571429,197,0.219178082191781,0.454169345479139,34.4633337667403,1.1914889118994,21,21,45,2011,197,"VashShing","VashShing_11"
"331","43a","43a_2012",2012,"153",10,4.1,131,0.234972677595628,0.315275410484246,12.1014822519828,0.985105347646167,21,21,45,2012,131,"VashShing","VashShing_12"
"332","43a","43a_2013",2013,"153",7,4.85714285714286,142,0.241095890410959,0.300082060274958,9.24392146664933,1.17421287996821,21,21,45,2013,142,"VashShing","VashShing_13"
"333","43a","43a_2014",2014,"153",7,3.28571428571429,78,0.189041095890411,0.313928354228185,13.0326933356448,0.987055867380334,21,21,45,2014,78,"VashShing","VashShing_14"
"334","43a","43a_2015",2015,"153",7,1.85714285714286,108,0.298630136986301,0.212878728568073,4.26183562316705,1.01660729001948,21,21,45,2015,108,"VashShing","VashShing_15"
"335","43a","43a_2016",2016,"153",12,4.83333333333333,121,0.265027322404372,0.353264953324882,25.8565567257545,1.13273961704911,21,21,45,2016,121,"VashShing","VashShing_16"
"336","43a","43a_2017",2017,"153",16,3.3125,159,0.282191780821918,0.340153638912149,19.1782603042517,1.20881560668083,21,21,45,2017,159,"VashShing","VashShing_17"
"337","43a","43a_2018",2018,"153",8,6.5,147,0.252054794520548,0.253382440965688,7.62229301203427,0.99096535065704,21,21,45,2018,147,"VashShing","VashShing_18"
"338","43a","43a_2019",2019,"153",10,3,136,0.30958904109589,0.221173545078203,5.71938340629018,0.92856788889083,21,21,45,2019,136,"VashShing","VashShing_19"
"339","43a","43a_2020",2020,"153",7,4.57142857142857,101,0.172131147540984,0.348095073140197,17.8293893295194,1.06331190079703,21,21,45,2020,101,"VashShing","VashShing_20"
"340","43a","43a_2021",2021,"153",6,6.16666666666667,94,0.161643835616438,0.33306051807097,22.7645949811468,1.00739700175093,21,21,45,2021,94,"VashShing","VashShing_21"
"341","43a","43a_2022",2022,"153",11,3.72727272727273,144,0.227397260273973,0.396548896264279,16.0117164362386,1.10145939274082,21,21,45,2022,144,"VashShing","VashShing_22"
"342","54h","54h_2002",2002,"191",15,4.8,154,0.361643835616438,0.373185822873145,16.8139298395983,0.852827250856694,21,21,51,2002,154,"09SOO1022","09SOO1022_02"
"343","54h","54h_2003",2003,"191",8,5,119,0.336986301369863,0.252841938694776,7.71780238562927,0.946632888128801,21,21,51,2003,119,"09SOO1022","09SOO1022_03"
"344","54h","54h_2004",2004,"191",12,3.25,128,0.322404371584699,0.333629905231798,9.28154012389403,0.838890413319124,21,21,51,2004,128,"09SOO1022","09SOO1022_04"
"345","54h","54h_2005",2005,"191",7,2.57142857142857,164,0.331506849315069,0.328980129996785,9.92912114017629,1.20392835036086,21,21,51,2005,164,"09SOO1022","09SOO1022_05"
"346","54h","54h_2006",2006,"191",9,5.88888888888889,213,0.227397260273973,0.32823488431207,17.8336995241859,1.59040757592194,21,21,51,2006,213,"09SOO1022","09SOO1022_06"
"347","54h","54h_2007",2007,"191",10,6.3,145,0.304109589041096,0.327319683747296,12.4853619939221,1.8932657762576,21,21,51,2007,145,"09SOO1022","09SOO1022_07"
"348","54h","54h_2008",2008,"191",6,3,119,0.363387978142077,0.276915957637012,13.2856357972014,1.37760278736751,21,21,51,2008,119,"09SOO1022","09SOO1022_08"
"349","54h","54h_2009",2009,"191",7,5,159,0.243835616438356,0.451264901714153,25.3320060285069,0.844250735448959,21,21,51,2009,159,"09SOO1022","09SOO1022_09"
"350","54h","54h_2010",2010,"191",18,2.5,216,0.394520547945205,0.336760069709609,4.88071587008529,1.59523186583879,21,21,51,2010,216,"09SOO1022","09SOO1022_10"
"351","54h","54h_2011",2011,"191",16,3.9375,197,0.334246575342466,0.432655217497809,21.8977816495279,0.864083927329347,21,21,51,2011,197,"09SOO1022","09SOO1022_11"
"352","54h","54h_2012",2012,"191",16,3.4375,200,0.308743169398907,0.432663447735874,15.1915689777543,0.675400588359167,21,21,51,2012,200,"09SOO1022","09SOO1022_12"
"353","54h","54h_2013",2013,"191",16,3.125,336,0.361643835616438,0.367104272463675,9.9250311548103,0.999164045001181,21,21,51,2013,336,"09SOO1022","09SOO1022_13"
"354","54h","54h_2014",2014,"191",13,4.69230769230769,221,0.304109589041096,0.398464491362764,18.7362229616151,1.53519625798465,21,21,51,2014,221,"09SOO1022","09SOO1022_14"
"355","54h","54h_2015",2015,"191",15,2.26666666666667,145,0.328767123287671,0.438829361152733,9.61010228162882,0.37736667794036,21,21,51,2015,145,"09SOO1022","09SOO1022_15"
"356","54h","54h_2016",2016,"191",9,9.66666666666667,137,0.314207650273224,0.391734598233306,24.7948546171064,0.814098923468639,21,21,51,2016,137,"09SOO1022","09SOO1022_16"
"357","54h","54h_2017",2017,"191",18,3.55555555555556,204,0.350684931506849,0.43917484161943,16.6148838851199,1.03615026769704,21,21,51,2017,204,"09SOO1022","09SOO1022_17"
"358","54h","54h_2018",2018,"191",13,4.61538461538461,178,0.287671232876712,0.375510022403893,11.3428927483546,0.575698596744242,21,21,51,2018,178,"09SOO1022","09SOO1022_18"
"359","54h","54h_2019",2019,"191",13,2.61538461538462,167,0.265753424657534,0.440258899676375,13.2774558264694,1.02596565565035,21,21,51,2019,167,"09SOO1022","09SOO1022_19"
"360","54h","54h_2020",2020,"191",6,6.16666666666667,163,0.229508196721311,0.404425956738769,14.6148810411492,0.761165742436522,21,21,51,2020,163,"09SOO1022","09SOO1022_20"
"361","54h","54h_2021",2021,"191",7,7,72,0.249315068493151,0.352192073618431,23.4192562056774,0.53978443847435,21,21,51,2021,72,"09SOO1022","09SOO1022_21"
"362","54h","54h_2022",2022,"191",18,3.33333333333333,225,0.306849315068493,0.420139862617007,18.7648528591771,0.652887235413862,21,21,51,2022,225,"09SOO1022","09SOO1022_22"
"363","54i","54i_2002",2002,"192",12,5.75,154,0.298630136986301,0.221622179725447,7.47647011462765,0.75808904928947,21,21,52,2002,154,"09SOO1209","09SOO1209_02"
"364","54i","54i_2003",2003,"192",4,5.5,81,0.320547945205479,0.169023569023569,5.52093624308738,0.798907551353693,21,21,52,2003,81,"09SOO1209","09SOO1209_03"
"365","54i","54i_2004",2004,"192",11,2.90909090909091,108,0.341530054644809,0.169578851767018,5.33839385587309,1.00738067692906,21,21,52,2004,108,"09SOO1209","09SOO1209_04"
"366","54i","54i_2005",2005,"192",5,4.6,164,0.287671232876712,0.182426165486942,7.49006369665424,1.18086885155664,21,21,52,2005,164,"09SOO1209","09SOO1209_05"
"367","54i","54i_2006",2006,"192",6,7,99,0.221917808219178,0.268567797641312,33.510121635848,1.05588638186634,21,21,52,2006,99,"09SOO1209","09SOO1209_06"
"368","54i","54i_2007",2007,"192",11,4.45454545454545,143,0.336986301369863,0.204740658860655,9.4863783142743,1.02372177569604,21,21,52,2007,143,"09SOO1209","09SOO1209_07"
"369","54i","54i_2008",2008,"192",5,3.2,119,0.352459016393443,0.118236400462963,4.40820445719604,1.16785512584176,21,21,52,2008,119,"09SOO1209","09SOO1209_08"
"370","54i","54i_2009",2009,"192",6,4.83333333333333,159,0.224657534246575,0.296079428400686,36.7706393819414,0.944931694440131,21,21,52,2009,159,"09SOO1209","09SOO1209_09"
"371","54i","54i_2010",2010,"192",11,3.45454545454545,216,0.421917808219178,0.146749769691386,3.65084774428571,1.27280997868514,21,21,52,2010,216,"09SOO1209","09SOO1209_10"
"372","54i","54i_2011",2011,"192",7,6.57142857142857,155,0.476712328767123,0.1160461685325,7.07837235527734,1.03399966134586,21,21,52,2011,155,"09SOO1209","09SOO1209_11"
"373","54i","54i_2012",2012,"192",4,7.25,104,0.420765027322404,0.101109130520895,4.85485072378419,1.05749197140259,21,21,52,2012,104,"09SOO1209","09SOO1209_12"
"374","54i","54i_2013",2013,"192",9,2.44444444444444,148,0.410958904109589,0.119460354927076,4.0897262497158,1.10025135589434,21,21,52,2013,148,"09SOO1209","09SOO1209_13"
"375","54i","54i_2014",2014,"192",8,4.875,118,0.33972602739726,0.164614534003221,6.59677116347795,0.983296833885295,21,21,52,2014,118,"09SOO1209","09SOO1209_14"
"376","54i","54i_2015",2015,"192",4,3.5,83,0.410958904109589,0.150254041570439,4.26255893548252,0.843441534806559,21,21,52,2015,83,"09SOO1209","09SOO1209_15"
"377","54i","54i_2016",2016,"192",9,4.44444444444444,118,0.352459016393443,0.216559834157773,20.0116946834384,1.01574664346006,21,21,52,2016,118,"09SOO1209","09SOO1209_16"
"378","54i","54i_2017",2017,"192",9,3,107,0.452054794520548,0.163478090565182,6.14235713573175,0.963607235888107,21,21,52,2017,107,"09SOO1209","09SOO1209_17"
"379","54i","54i_2018",2018,"192",10,3.7,147,0.36986301369863,0.134596073844388,3.44111819301823,1.05580187715391,21,21,52,2018,147,"09SOO1209","09SOO1209_18"
"380","54i","54i_2019",2019,"192",5,2,104,0.361643835616438,0.11991968720279,2.23128939265121,1.01084537013887,21,21,52,2019,104,"09SOO1209","09SOO1209_19"
"381","54i","54i_2020",2020,"192",4,6.75,54,0.204918032786885,0.234353260497685,16.8599255935577,0.916707120487081,21,21,52,2020,54,"09SOO1209","09SOO1209_20"
"382","54i","54i_2021",2021,"192",6,4.5,67,0.279452054794521,0.219646799116998,18.100825438557,0.867778891987632,21,21,52,2021,67,"09SOO1209","09SOO1209_21"
"383","54i","54i_2022",2022,"192",9,3.33333333333333,210,0.282191780821918,0.323191813027244,31.6070201521246,0.940580417891396,21,21,52,2022,210,"09SOO1209","09SOO1209_22"
