"","SiteName","SampleDate","LargeWoodyDebrisNumber","SampleName"
"1","08WES0622",2017-07-25 08:30:00,2,"08WES0622_17"
"2","08BEA3571",2017-07-24 12:15:00,4,"08BEA3571_17"
"3","09COV1756",2017-07-26 11:59:59,9,"09COV1756_17"
"4","09COV1862",2017-07-26 14:00:00,12,"09COV1862_17"
"5","09JEN1357",2017-07-30 23:59:59,7,"09JEN1357_17"
"6","09JEN1318",2017-07-31 11:00:00,2,"09JEN1318_17"
"7","08EAS1964",2017-08-01 13:45:00,15,"08EAS1964_17"
"8","08WES0903",2017-07-25 13:29:59,21,"08WES0903_17"
"9","08WES0905",2017-07-25 10:35:00,0,"08WES0905_17"
"10","09NEW2076",2017-08-29 11:59:59,4,"09NEW2076_17"
"11","08BEA3826",2017-08-22 09:30:00,17,"08BEA3826_17"
"12","09SOO1209",2017-08-01 11:00:00,10,"09SOO1209_17"
"13","BSE_8_268hAveSE",2017-08-30 13:45:00,0,"BSE_8_268hAveSE_17"
"14","BSE_1_MudMtnRd",2017-08-30 11:14:59,11,"BSE_1_MudMtnRd_17"
"15","09BLA0716",2017-08-23 11:14:59,2,"09BLA0716_17"
"16","09DEE2208",2017-08-29 09:15:00,18,"09DEE2208_17"
"17","09BLA0772",2017-08-29 09:15:00,7,"09BLA0772_17"
"18","08CED4192",2017-08-10 09:44:59,22,"08CED4192_17"
"19","08CED2433",2017-08-28 08:30:00,1,"08CED2433_17"
"20","08LAK3540",2017-08-28 11:45:00,8,"08LAK3540_17"
"21","09BLA0817",2017-08-28 14:30:00,6,"09BLA0817_17"
"22","08EAS2546",2017-08-14 10:00:00,2,"08EAS2546_17"
"23","09BLA0756",2017-08-23 13:45:00,7,"09BLA0756_17"
"24","09BLA0675",2017-08-23 09:15:00,0,"09BLA0675_17"
"25","09SOO1134",2017-08-02 09:30:00,9,"09SOO1134_17"
"26","08BEA3914",2017-08-22 13:00:00,10,"08BEA3914_17"
"27","08LAK3627",2017-08-01 11:00:00,9,"08LAK3627_17"
"28","08BEA3474",2017-07-27 10:29:59,1,"08BEA3474_17"
"29","08EAS2631",2017-08-03 08:45:00,9,"08EAS2631_17"
"30","08EAS2058",2017-08-03 11:00:00,21,"08EAS2058_17"
"32","08CED2518",2017-08-10 14:00:00,2,"08CED2518_17"
"33","09MID1958",2017-08-07 13:29:59,9,"09MID1958_17"
"34","09COV1864",2017-08-03 09:15:00,1,"09COV1864_17"
"35","09COV1165",2017-08-03 12:30:00,20,"09COV1165_17"
"36","09COV1418",2017-08-17 10:15:00,15,"09COV1418_17"
"37","09SOO1283",2017-08-02 09:15:00,16,"09SOO1283_17"
"38","07PAT231079",2017-08-15 08:59:59,12,"07PAT231079_17"
"39","08LAK3699",2017-08-15 11:59:59,6,"08LAK3699_17"
"40","09SOO1130",2017-08-02 00:15:00,73,"09SOO1130_17"
"41","09MID1817",2017-08-16 11:59:59,10,"09MID1817_17"
"42","08ISS4573",2017-08-02 08:59:59,0,"08ISS4573_17"
"43","08ISS4884",2017-08-02 13:00:00,10,"08ISS4884_17"
"44","08SAM2674",2017-09-18 09:15:00,5,"08SAM2674_17"
"45","08BEA3650",2017-09-18 11:00:00,3,"08BEA3650_17"
"46","08BEA3737",2017-09-18 00:44:59,1,"08BEA3737_17"
"47","WalkerPreserve",2017-09-13 11:30:00,1,"WalkerPreserve_17"
"48","08CED4975",2017-07-31 14:00:00,14,"08CED4975_17"
"49","08CED2711",2017-09-21 10:15:00,14,"08CED2711_17"
"50","07RAG004615",2017-08-07 08:59:59,1,"07RAG004615_17"
"51","08LAK3628",2017-09-25 09:15:00,2,"08LAK3628_17"
"52","07LNT075179",2017-09-27 13:15:00,23,"07LNT075179_17"
"53","Miller_SWSSD",2017-09-13 13:00:00,8,"Miller_SWSSD_17"
"54","08SAM1914",2017-09-14 08:45:00,6,"08SAM1914_17"
"55","07SFS009443",2017-09-11 13:45:00,12,"07SFS009443_17"
"57","08SAM3045",2017-08-23 13:00:00,0,"08SAM3045_17"
"58","07SFS041891",2017-08-23 13:29:59,2,"07SFS041891_17"
"59","07SFS011059",2017-08-23 11:14:59,1,"07SFS011059_17"
"60","08SAM2865",2017-08-24 11:59:59,2,"08SAM2865_17"
"61","07LMS093027",2017-09-05 09:15:00,10,"07LMS093027_17"
"62","Miller_Cove",2017-09-13 09:15:00,2,"Miller_Cove_17"
"63","09DEE2211",2017-08-18 09:30:00,0,"09DEE2211_17"
"64","07GRN022903",2017-09-11 11:30:00,7,"07GRN022903_17"
"65","08LAK3880",2017-09-28 14:00:00,0,"08LAK3880_17"
"66","Evans Creek Trib #0108",2017-08-23 09:30:00,NA,"Evans Creek Trib #0108_17"
"67","07LNT062039",2017-09-27 10:29:59,8,"07LNT062039_17"
"68","07SFS066611",2017-08-24 10:15:00,8,"07SFS066611_17"
"69","07STL184007",2017-08-23 08:59:59,0,"07STL184007_17"
"70","09NEW2128",2017-10-07 12:15:00,0,"09NEW2128_17"
"71","07SFS011475",2017-08-24 11:45:00,9,"07SFS011475_17"
"72","08EAS2272",2017-08-14 12:15:00,3,"08EAS2272_17"
"73","08SAM3047",2017-07-27 11:59:59,20,"08SAM3047_17"
"74","08SAM2855",2017-07-27 09:30:00,2,"08SAM2855_17"
"75","09MID2426",2017-08-16 09:30:00,4,"09MID2426_17"
"76","09NEW1657",2017-09-07 09:30:00,20,"09NEW1657_17"
"77","07RAG043443",2017-08-06 23:59:59,3,"07RAG043443_17"
"78","07LMS026663",2017-08-14 10:15:00,15,"07LMS026663_17"
"79","08LAK3879",2017-08-15 13:45:00,4,"08LAK3879_17"
"80","09SOO1022",2017-08-02 11:14:59,4,"09SOO1022_17"
"81","09NEW2102",2017-07-26 08:59:59,6,"09NEW2102_17"
"82","09DEE2163",2017-08-16 09:30:00,1,"09DEE2163_17"
"83","08LAK2827",2017-08-01 08:30:00,0,"08LAK2827_17"
"84","09MIL0390",2017-07-20 02:00:00,3,"09MIL0390_17"
"86","09SOO0943",2017-08-08 11:59:59,2,"09SOO0943_17"
"87","09BLA0771",2017-07-26 13:00:00,8,"09BLA0771_17"
"88","09LOW0751",2017-08-17 01:15:00,13,"09LOW0751_17"
"90","09MIL0340",2017-07-20 11:30:00,1,"09MIL0340_17"
"91","09DEE2294",2017-08-16 12:44:59,16,"09DEE2294_17"
"92","08ISS4730",2017-08-09 10:00:00,9,"08ISS4730_17"
"93","KNKC",2017-09-14 14:30:00,NA,"KNKC_17"
"94","KNKT-U",2017-09-07 14:59:59,NA,"KNKT-U_17"
"95","SFCC",2017-09-20 13:00:00,NA,"SFCC_17"
"96","TAMA_MOUTH",2017-08-29 11:30:00,NA,"TAMA_MOUTH_17"
"97","PI01",2017-09-05 09:15:00,NA,"PI01_17"
"98","PI02",2017-09-14 12:44:59,NA,"PI02_17"
"99","PIVE1895",2017-09-07 15:30:00,NA,"PIVE1895_17"
"100","VENE",2017-09-07 14:14:59,NA,"VENE_17"
"101","TNMA0609",2017-09-28 12:15:00,NA,"TNMA0609_17"
"102","TNMA6462",2017-10-05 10:00:00,NA,"TNMA6462_17"
"103","08EAS2540",2017-07-20 09:15:00,21,"08EAS2540_17"
"104","95T",2017-09-28 13:15:00,NA,"95T_17"
"105","KNKT-D",2017-09-07 01:29:59,NA,"KNKT-D_17"
"106","NFCC",2017-08-30 08:59:59,NA,"NFCC_17"
"107","NFCT",2017-09-08 11:00:00,NA,"NFCT_17"
"108","SFCT",2017-09-08 10:29:59,NA,"SFCT_17"
"109","MA01",2017-08-28 00:44:59,NA,"MA01_17"
"110","MOHL",2017-10-05 11:59:59,NA,"MOHL_17"
"111","PIMA6462",2017-09-05 10:29:59,NA,"PIMA6462_17"
"112","PIMA7729",2017-09-14 11:30:00,NA,"PIMA7729_17"
"113","TMMA1199",2017-09-18 10:45:00,NA,"TMMA1199_17"
"114","TMMA3168",2017-09-18 09:15:00,NA,"TMMA3168_17"
"115","TMMA8751",2017-09-18 11:45:00,NA,"TMMA8751_17"
"116","TNMA7673",2017-08-30 12:15:00,NA,"TNMA7673_17"
"117","TSMA6612",2017-08-30 13:29:59,NA,"TSMA6612_17"
"118","TSMA7774",2017-09-20 22:29:59,NA,"TSMA7774_17"
"119","08NOR2115",2017-08-21 08:14:59,3,"08NOR2115_17"
"120","07RAG002867",2017-08-06 23:59:59,24,"07RAG002867_17"
"121","07GRN077319",2017-09-08 13:15:00,12,"07GRN077319_17"
"122","07HAR070087",2017-08-08 10:29:59,1,"07HAR070087_17"
"123","07PAT001415",2017-08-07 13:45:00,6,"07PAT001415_17"
"124","07TKL072439",2017-08-09 09:15:00,4,"07TKL072439_17"
"125","08BEA3321",2017-08-21 13:29:59,11,"08BEA3321_17"
"126","07STL080295",2017-08-10 14:00:00,3,"07STL080295_17"
"127","08CED5046",2017-07-31 09:15:00,15,"08CED5046_17"
"128","08CED5032",2017-07-31 11:45:00,15,"08CED5032_17"
"129","07LMS213875",2017-09-12 11:45:00,5,"07LMS213875_17"
"131","07LMS103591",2017-09-12 10:00:00,15,"07LMS103591_17"
"134","07RAG022147",2017-08-22 08:59:59,60,"07RAG022147_17"
"135","07RAG018227",2017-08-24 14:30:00,11,"07RAG018227_17"
"136","07RAG042787",2017-08-22 11:14:59,11,"07RAG042787_17"
"137","07CHR045515",2017-08-22 11:59:59,14,"07CHR045515_17"
"138","07TKL047047",2017-08-14 13:15:00,11,"07TKL047047_17"
"139","08ISS4748",2017-07-20 13:15:00,8,"08ISS4748_17"
"140","08BEA3747",2017-07-24 09:44:59,15,"08BEA3747_17"
"141","08LAK3121",2017-07-20 13:29:59,2,"08LAK3121_17"
"142","07LMS055075",2017-09-12 13:00:00,0,"07LMS055075_17"
"143","07LMS033235",2017-08-14 14:14:59,87,"07LMS033235_17"
"144","07LNT130827",2017-08-16 13:00:00,37,"07LNT130827_17"
"145","07HAR025863",2017-08-17 09:30:00,3,"07HAR025863_17"
"146","07CHR070059",2017-08-22 09:30:00,1,"07CHR070059_17"
"147","08EAS2446",2017-08-15 12:44:59,5,"08EAS2446_17"
"148","08ISS4294",2017-10-10 09:44:59,0,"08ISS4294_17"
"149","08NOR2306",2017-08-20 23:59:59,14,"08NOR2306_17"
"150","08BEA3312",2017-08-23 10:29:59,3,"08BEA3312_17"
"151","08ISS3962",2017-07-20 09:15:00,22,"08ISS3962_17"
"152","08ISS3958",2017-08-15 09:44:59,3,"08ISS3958_17"
"153","08EAS1536",2017-08-21 08:59:59,6,"08EAS1536_17"
"154","08EAS2191",2017-08-21 11:45:00,7,"08EAS2191_17"
"155","08SAM0000",2017-08-21 13:45:00,13,"08SAM0000_17"
"156","08ISS4724",2017-10-26 14:14:59,12,"08ISS4724_17"
"157","BSE_21_GolfCrs",2017-08-30 09:15:00,5,"BSE_21_GolfCrs_17"
"158","09LOW0325",2017-08-28 12:15:00,5,"09LOW0325_17"
"159","09LOW0753",2017-08-28 09:30:00,2,"09LOW0753_17"
"160","09BLA0722",2017-09-12 10:29:59,9,"09BLA0722_17"
"161","09BLA0768",2017-07-26 08:45:00,3,"09BLA0768_17"
"162","08ISS3877",2017-07-19 10:15:00,11,"08ISS3877_17"
"163","08CED2898",2017-08-10 12:15:00,1,"08CED2898_17"
"164","09MID1537",2017-08-24 11:30:00,0,"09MID1537_17"
"165","08SAM2862",2017-08-24 09:15:00,2,"08SAM2862_17"
"166","08EVA3637",2017-07-26 10:29:59,1,"08EVA3637_17"
"167","08WES0629",2017-07-27 13:15:00,35,"08WES0629_17"
"168","08LIT2585",2017-07-31 10:45:00,23,"08LIT2585_17"
"170","08WES1178",2017-07-27 11:00:00,4,"08WES1178_17"
"171","08LIT2682",2017-07-31 14:30:00,12,"08LIT2682_17"
"172","08LIT2781",2017-08-01 10:15:00,13,"08LIT2781_17"
"173","08LIT2692",2017-08-01 13:00:00,5,"08LIT2692_17"
"175","08NOR1370",2017-08-08 11:30:00,10,"08NOR1370_17"
"176","08NOR1362",2017-08-08 12:44:59,2,"08NOR1362_17"
"177","08NOR1756",2017-08-10 12:44:59,17,"08NOR1756_17"
"178","08NOR1750",2017-08-10 10:45:00,13,"08NOR1750_17"
"179","09DUW0277",2017-08-31 14:30:00,0,"09DUW0277_17"
"180","08EVA3642",2017-09-07 11:59:59,3,"08EVA3642_17"
"181","08WES1340",2017-09-18 09:44:59,13,"08WES1340_17"
"182","08EVA3813",2017-08-23 11:45:00,6,"08EVA3813_17"
"183","09MID1374",2017-08-24 13:29:59,7,"09MID1374_17"
"184","09DUW0225",2017-08-31 13:00:00,3,"09DUW0225_17"
"185","09DUW0091",2017-09-05 14:14:59,1,"09DUW0091_17"
"186","08EVA3640",2017-09-07 10:00:00,2,"08EVA3640_17"
"187","08WES1579",2017-09-12 12:44:59,0,"08WES1579_17"
"188","09MID1744",2017-09-12 09:30:00,3,"09MID1744_17"
"189","08WES1037",2017-09-17 23:59:59,3,"08WES1037_17"
"190","08LIT2602",2017-09-21 11:14:59,9,"08LIT2602_17"
"191","08LIT2603",2017-09-20 23:59:59,4,"08LIT2603_17"
"192","08LIT2685",2017-09-24 23:59:59,3,"08LIT2685_17"
"193","VashChris",2017-09-20 14:59:59,0,"VashChris_17"
"194","VashShing",2017-08-03 08:59:59,5,"VashShing_17"
"195","28A",2017-08-03 11:00:00,8,"28A_17"
"174","08EVA3640",2018-08-30 17:05:00,1,"08EVA3640_18"
"211","07SFS066611",2018-08-29 17:35:00,9,"07SFS066611_18"
"310","07RAG018227",2018-08-27 20:30:00,9,"07RAG018227_18"
"417","07RAG043443",2018-08-08 16:30:00,32,"07RAG043443_18"
"612","07LMS033235",2018-08-06 18:45:00,37,"07LMS033235_18"
"714","07LMS093027",2018-08-13 19:36:00,2,"07LMS093027_18"
"810","07STL080295",2018-08-07 19:55:00,1,"07STL080295_18"
"910","07LMS055075",2018-08-29 20:51:00,0,"07LMS055075_18"
"1010","07PAT228627",2018-08-29 19:50:00,15,"07PAT228627_18"
"1110","07LMS213875",2018-08-06 20:56:00,5,"07LMS213875_18"
"1210","07LMS026663",2018-08-13 15:38:00,13,"07LMS026663_18"
"1310","08WES0622",2018-08-02 16:50:00,16,"08WES0622_18"
"1410","08ISS3877",2018-07-25 16:30:00,25,"08ISS3877_18"
"1510","08BEA3826",2018-08-06 18:45:00,6,"08BEA3826_18"
"1610","07HAR070087",2018-08-07 16:45:00,3,"07HAR070087_18"
"1710","09MIL0390",2018-08-24 17:40:00,0,"09MIL0390_18"
"1810","08WES1178",2018-08-02 16:43:00,0,"08WES1178_18"
"1910","BSE_21_GolfCrs",2018-08-09 17:00:00,32,"BSE_21_GolfCrs_18"
"2010","08EAS2058",2018-08-14 21:00:00,NA,"08EAS2058_18"
"212","08EAS2540",2018-07-31 15:30:00,6,"08EAS2540_18"
"2210","08ISS4294",2018-08-01 20:24:00,0,"08ISS4294_18"
"2310","08CED2898",2018-08-01 21:30:00,5,"08CED2898_18"
"244","09NEW1657",2018-08-23 18:50:00,13,"09NEW1657_18"
"252","08CED2711",2018-08-01 18:45:00,19,"08CED2711_18"
"262","08EAS1964",2018-08-14 18:27:00,12,"08EAS1964_18"
"285","08WES0629",2018-08-02 19:30:00,8,"08WES0629_18"
"293","09BLA0756",2018-08-29 19:00:00,15,"09BLA0756_18"
"301","08BEA3914",2018-08-06 21:30:00,1,"08BEA3914_18"
"31","08EAS2446",2018-08-14 15:50:00,8,"08EAS2446_18"
"322","08LAK3879",2018-08-01 16:40:00,12,"08LAK3879_18"
"333","09MID1374",2018-08-23 22:00:00,5,"09MID1374_18"
"341","09SOO1134",2018-08-16 17:00:00,17,"09SOO1134_18"
"351","08EAS2272",2018-08-31 19:50:00,0,"08EAS2272_18"
"361","09MID2426",2018-08-23 17:40:00,5,"09MID2426_18"
"374","09MID1817",2018-08-23 20:20:00,2,"09MID1817_18"
"389","08EAS2631",2018-08-14 15:21:00,6,"08EAS2631_18"
"392","08EVA3637",2018-08-13 15:32:00,2,"08EVA3637_18"
"401","08SAM0000",2018-08-17 16:12:00,10,"08SAM0000_18"
"4110","08ISS4748",2018-08-01 18:26:00,11,"08ISS4748_18"
"422","08WES0903",2018-08-14 21:20:00,23,"08WES0903_18"
"433","09NEW2102",2018-08-15 16:45:00,38,"09NEW2102_18"
"4410","08CED4192",2018-08-30 16:40:00,31,"08CED4192_18"
"4510","08ISS3958",2018-08-27 15:15:00,1,"08ISS3958_18"
"4610","08WES1340",2018-08-28 21:00:00,18,"08WES1340_18"
"4710","08ISS3962",2018-08-01 21:43:00,8,"08ISS3962_18"
"4810","08ISS4573",2018-08-01 16:00:00,2,"08ISS4573_18"
"497","09BLA0722",2018-08-07 17:39:00,9,"09BLA0722_18"
"5010","09BLA0716",2018-08-09 16:09:00,4,"09BLA0716_18"
"516","08CED5032",2018-08-30 21:36:00,9,"08CED5032_18"
"527","08CED2433",2018-08-29 15:47:00,4,"08CED2433_18"
"531","08ISS4730",2018-08-27 17:15:00,23,"08ISS4730_18"
"541","08ISS4884",2018-08-29 16:30:00,9,"08ISS4884_18"
"5510","08SAM2865",2018-08-28 15:45:00,4,"08SAM2865_18"
"56","08EVA3642",2018-08-30 15:13:00,2,"08EVA3642_18"
"577","08EVA3813",2018-08-30 20:40:00,7,"08EVA3813_18"
"581","09BLA0675",2018-08-07 20:20:00,13,"09BLA0675_18"
"591","09BLA0817",2018-08-08 17:00:00,6,"09BLA0817_18"
"613","09LOW0753",2018-08-09 19:32:00,1,"09LOW0753_18"
"6210","09BLA0768",2018-08-15 21:05:00,0,"09BLA0768_18"
"632","09DUW0225",2018-08-15 15:56:00,1,"09DUW0225_18"
"644","09DUW0277",2018-08-20 20:00:00,0,"09DUW0277_18"
"652","09BLA0771",2018-07-30 18:37:00,9,"09BLA0771_18"
"6610","09BLA0772",2018-07-30 16:18:00,0,"09BLA0772_18"
"673","09NEW2151",2018-08-23 16:00:00,9,"09NEW2151_18"
"6810","09LOW0325",2018-08-15 18:10:00,1,"09LOW0325_18"
"692","07GRN022903",2018-09-06 16:38:00,35,"07GRN022903_18"
"708","07RAG004615",2018-09-06 20:52:00,1,"07RAG004615_18"
"715","09DEE2208",2018-09-06 16:10:00,5,"09DEE2208_18"
"7210","08ISS4735",2018-07-27 16:15:00,3,"08ISS4735_18"
"7310","07PAT187623",2018-09-06 19:08:00,0,"07PAT187623_18"
"744","09MIL0340",2018-08-24 15:15:00,5,"09MIL0340_18"
"752","08CED2518",2018-08-01 16:00:00,2,"08CED2518_18"
"766","08WES0905",2018-08-02 20:52:00,1,"08WES0905_18"
"776","Miller_SWSSD",2018-08-30 18:00:00,8,"Miller_SWSSD_18"
"781","09DEE2211",2018-08-23 16:40:00,19,"09DEE2211_18"
"791","09MID1537",2018-09-06 18:50:00,0,"09MID1537_18"
"801","Miller_Cove",2018-08-30 16:00:00,20,"Miller_Cove_18"
"811","WalkerPreserve",2018-08-30 21:00:00,0,"WalkerPreserve_18"
"821","BSE_1_MudMtnRd",2018-08-23 21:45:00,21,"BSE_1_MudMtnRd_18"
"831","08LIT2682",2018-09-10 20:45:00,3,"08LIT2682_18"
"841","08SAM2855",2018-09-10 16:00:00,4,"08SAM2855_18"
"85","08LIT2585",2018-09-10 17:50:00,14,"08LIT2585_18"
"861","08ISS4724",2018-09-12 21:00:00,8,"08ISS4724_18"
"871","08NOR1750",2018-09-13 20:15:00,4,"08NOR1750_18"
"881","07SFS011059",2018-09-12 20:45:00,1,"07SFS011059_18"
"89","08NOR1370",2018-09-13 15:19:00,18,"08NOR1370_18"
"901","08EAS1536",2018-09-17 21:00:00,0,"08EAS1536_18"
"911","07LMS103591",2018-09-18 21:15:00,4,"07LMS103591_18"
"921","08CED5046",2018-09-17 16:32:00,0,"08CED5046_18"
"931","08NOR2306",2018-09-13 21:06:00,0,"08NOR2306_18"
"941","08NOR1362",2018-09-13 17:50:00,1,"08NOR1362_18"
"951","08LIT2781",2018-09-17 15:30:00,1,"08LIT2781_18"
"961","07SFS041891",2018-09-18 17:23:00,4,"07SFS041891_18"
"971","07SFS011475",2018-09-18 19:30:00,9,"07SFS011475_18"
"981","07LST069191",2018-09-19 17:11:00,2,"07LST069191_18"
"991","07SFS009443",2018-09-18 17:00:00,12,"07SFS009443_18"
"1001","07TKL072439",2018-09-17 21:22:00,9,"07TKL072439_18"
"1011","07LNT163403",2018-09-19 20:48:00,2,"07LNT163403_18"
"1021","07LNT130827",2018-09-20 21:30:00,17,"07LNT130827_18"
"1041","09COV1864",2018-09-20 19:18:00,0,"09COV1864_18"
"1051","09DUW0091",2018-09-19 15:40:00,6,"09DUW0091_18"
"1061","07LNT062039",2018-09-20 17:30:00,9,"07LNT062039_18"
"1071","08EAS2546",2018-09-24 17:40:00,2,"08EAS2546_18"
"1081","07RAG042787",2018-09-12 16:50:00,16,"07RAG042787_18"
"1091","08EAS2191",2018-09-24 15:35:00,1,"08EAS2191_18"
"1101","08WES1037",2018-09-19 21:30:00,0,"08WES1037_18"
"1111","09COV1862",2018-09-20 07:00:00,2,"09COV1862_18"
"1131","09SOO0943",2018-09-25 21:30:00,1,"09SOO0943_18"
"1151","07STL184007",2018-09-26 16:30:00,3,"07STL184007_18"
"1161","07CHR234411",2018-09-25 21:15:00,9,"07CHR234411_18"
"1171","08LAK3627",2018-09-25 16:15:00,16,"08LAK3627_18"
"1181","07CHR070059",2018-09-25 17:12:00,2,"07CHR070059_18"
"1191","08LAK3628",2018-09-25 17:50:00,0,"08LAK3628_18"
"1201","09COV1756",2018-09-11 18:45:00,8,"09COV1756_18"
"1211","07RAG022147",2018-10-01 16:30:00,36,"07RAG022147_18"
"1221","07RAG002867",2018-10-01 20:15:00,20,"07RAG002867_18"
"1241","09COV1418",2018-09-27 18:30:00,4,"09COV1418_18"
"1251","09NEW2128",2018-09-27 15:55:00,0,"09NEW2128_18"
"1261","07LNT075179",2018-09-28 18:30:00,6,"07LNT075179_18"
"1271","BSE_8_268hAveSE",2018-10-03 15:34:00,0,"BSE_8_268hAveSE_18"
"1281","08WES1579",2018-10-02 20:30:00,1,"08WES1579_18"
"1291","08NOR2115",2018-10-02 18:05:00,3,"08NOR2115_18"
"130","08LIT2685",2018-10-02 16:00:00,1,"08LIT2685_18"
"132","09LOW0751",2018-10-04 15:15:00,0,"09LOW0751_18"
"133","08SAM2674",2018-09-21 16:45:00,0,"08SAM2674_18"
"1341","08LAK2827",2018-07-26 17:00:00,0,"08LAK2827_18"
"1351","08LAK3699",2018-08-08 19:35:00,2,"08LAK3699_18"
"1361","08SAM2862",2018-08-08 19:00:00,6,"08SAM2862_18"
"1371","08LAK3121",2018-08-14 20:00:00,5,"08LAK3121_18"
"1381","09SOO1283",2018-08-21 18:20:00,10,"09SOO1283_18"
"1391","09JEN1357",2018-08-23 19:00:00,1,"09JEN1357_18"
"1411","08LAK3880",2018-10-04 18:40:00,5,"08LAK3880_18"
"1421","09JEN1318",2018-08-23 20:30:00,0,"09JEN1318_18"
"1441","08SAM3047",2018-08-27 21:00:00,18,"08SAM3047_18"
"1451","08SAM1914",2018-08-27 18:30:00,3,"08SAM1914_18"
"1481","07PAT231079",2018-09-05 15:45:00,12,"07PAT231079_18"
"1491","28A",2018-08-29 17:20:00,2,"28A_18"
"1501","08BEA3312",2018-08-28 20:10:00,2,"08BEA3312_18"
"1521","08BEA3737",2018-09-19 16:30:00,0,"08BEA3737_18"
"1531","08BEA3650",2018-09-19 17:55:00,0,"08BEA3650_18"
"1541","08BEA3747",2018-09-27 16:24:00,3,"08BEA3747_18"
"1551","08WES1490",2018-10-02 18:20:00,2,"08WES1490_18"
"1561","08LAK3540",2018-08-07 16:30:00,8,"08LAK3540_18"
"1571","08SAM3045",2018-08-08 17:00:00,1,"08SAM3045_18"
"1591","07GRN077319",2018-08-14 18:30:00,9,"07GRN077319_18"
"1601","09SOO1209",2018-08-21 17:00:00,1,"09SOO1209_18"
"1611","09MID1744",2018-10-05 19:00:00,12,"09MID1744_18"
"1621","09SOO1130",2018-08-23 17:10:00,10,"09SOO1130_18"
"1631","07TKL047047",2018-10-08 16:40:00,10,"07TKL047047_18"
"1641","07HAR025863",2018-08-28 17:15:00,0,"07HAR025863_18"
"1651","VashChris",2018-09-26 21:50:00,1,"VashChris_18"
"1661","VashShing",2018-08-29 19:19:00,7,"VashShin_18"
"1671","08BEA3321",2018-09-19 19:56:00,NA,"08BEA3321_18"
"1681","07PAT001415",2018-09-24 16:21:00,1,"07PAT001415_18"
"169","07PAT166087",2018-09-24 17:50:00,1,"07PAT166087_18"
"1711","Evans Creek Trib #0108",2018-08-30 18:45:00,NA,"Evans Creek Trib #0108_18"
"1751","09SOO1022",2018-09-24 20:29:00,NA,"09SOO1022_18"
"1801","07CHR045515",2018-09-26 19:45:00,10,"07CHR045515_18"
"1921","07RAG004615",2019-07-29 15:30:00,11,"07RAG004615_19"
"1941","07LMS055075",2019-08-01 19:30:00,0,"07LMS055075_19"
"1951","08CED4975",2019-07-31 17:30:00,0,"08CED4975_19"
"196","08CED5046",2019-07-31 20:00:00,NA,"08CED5046_19"
"197","08SAM2855",2019-07-25 19:00:00,NA,"08SAM2855_19"
"198","07SFS066611",2019-08-01 16:15:00,15,"07SFS066611_19"
"199","08CED5032",2019-07-31 16:00:00,0,"08CED5032_19"
"200","07RAG018227",2019-07-29 18:30:00,8,"07RAG018227_19"
"201","08ISS4730",2019-07-29 22:00:00,4,"08ISS4730_19"
"202","08ISS4884",2019-07-29 16:00:00,3,"08ISS4884_19"
"203","08ISS4735",2019-07-23 20:00:00,1,"08ISS4735_19"
"204","08NOR2306",2019-08-05 19:00:00,1,"08NOR2306_19"
"205","09DUW0091",2019-07-23 19:30:00,4,"09DUW0091_19"
"206","08ISS4294",2019-07-29 18:45:00,NA,"08ISS4294_19"
"207","08CED4192",2019-07-23 16:00:00,27,"08CED4192_19"
"208","08LIT2781",2019-08-05 15:45:00,6,"08LIT2781_19"
"209","07CHR045515",2019-08-08 16:30:00,2,"07CHR045515_19"
"210","08EVA3637",2019-08-08 16:00:00,1,"08EVA3637_19"
"213","07RAG043443",2019-08-07 18:45:00,33,"07RAG043443_19"
"215","07RAG002867",2019-08-07 15:45:00,11,"07RAG002867_19"
"216","09NEW1657",2019-08-07 20:00:00,2,"09NEW1657_19"
"218","08CED2518",2019-08-01 17:30:00,3,"08CED2518_19"
"219","08CED2711",2019-08-01 20:45:00,3,"08CED2711_19"
"220","08EVA3642",2019-08-06 07:00:00,0,"08EVA3642_19"
"221","08BEA3650",2019-08-06 17:30:00,1,"08BEA3650_19"
"222","07LMS033235",2019-08-14 16:05:00,42,"07LMS033235_19"
"223","08ISS3962",2019-07-18 16:50:00,4,"08ISS3962_19"
"224","08WES0905",2019-07-18 21:30:00,0,"08WES0905_19"
"225","08EAS1536",2019-07-18 15:10:00,4,"08EAS1536_19"
"226","07RAG022147",2019-08-14 17:15:00,23,"07RAG022147_19"
"227","08WES1178",2019-07-18 18:10:00,4,"08WES1178_19"
"228","09MID1817",2019-08-13 15:45:00,NA,"09MID1817_19"
"229","07TKL072439",2019-07-22 18:35:00,5,"07TKL072439_19"
"230","09SOO1130",2019-08-15 19:00:00,38,"09SOO1130_19"
"231","09DUW0277",2019-08-12 19:20:00,2,"09DUW0277_19"
"232","08CED2898",2019-08-01 15:12:00,4,"08CED2898_19"
"233","08EAS1964",2019-08-20 21:00:00,8,"08EAS1964_19"
"234","08NOR1750",2019-08-19 21:15:00,8,"08NOR1750_19"
"235","08BEA3474",2019-07-17 15:11:00,1,"08BEA3474_19"
"236","08BEA3747",2019-08-19 15:45:00,17,"08BEA3747_19"
"237","08LIT2682",2019-07-17 18:30:00,6,"08LIT2682_19"
"238","08EAS2546",2019-08-20 17:45:00,2,"08EAS2546_19"
"239","08ISS3877",2019-07-15 16:00:00,16,"08ISS3877_19"
"240","08BEA3737",2019-07-16 19:30:00,0,"08BEA3737_19"
"241","08BEA3312",2019-06-16 16:13:00,4,"08BEA3312_19"
"242","08BEA3571",2019-08-19 18:45:00,3,"08BEA3571_19"
"243","09MID1374",2019-08-07 16:00:00,6,"09MID1374_19"
"245","09DUW0225",2019-07-23 15:45:00,1,"09DUW0225_19"
"246","09COV1862",2019-07-18 15:30:00,24,"09COV1862_19"
"247","09SOO1134",2019-08-15 15:15:00,8,"09SOO1134_19"
"248","09DEE2211",2019-08-19 16:20:00,0,"09DEE2211_19"
"251","08LAK3879",2019-08-12 15:15:00,1,"08LAK3879_19"
"254","08SAM2674",2019-08-06 16:45:00,0,"08SAM2674_19"
"255","08NOR1362",2019-08-06 19:40:00,1,"08NOR1362_19"
"256","08ISS4748",2019-07-22 19:50:00,1,"08ISS4748_19"
"258","09COV1756",2019-08-13 19:47:00,21,"09COV1756_19"
"259","07TKL047047",2019-08-12 15:30:00,4,"07TKL047047_19"
"261","09COV1864",2019-07-18 18:56:00,6,"09COV1864_19"
"263","Miller_Cove",2019-08-26 17:00:00,20,"Miller_Cove_19"
"264","Miller_SWSSD",2019-08-26 15:20:00,9,"Miller_SWSSD_19"
"265","08WES1340",2019-08-26 18:15:00,12,"08WES1340_19"
"266","WalkerPreserve",2019-08-26 15:15:00,0,"WalkerPreserve_19"
"267","07STL080295",2019-08-22 17:30:00,3,"07STL080295_19"
"268","07CHR234411",2019-08-22 21:15:00,6,"07CHR234411_19"
"269","07HAR025863",2019-08-20 15:54:00,4,"07HAR025863_19"
"270","07GRN022903",2019-08-20 18:39:00,7,"07GRN022903_19"
"271","08LAK3628",2019-08-22 15:15:00,1,"08LAK3628_19"
"273","09LOW0751",2019-09-05 18:15:00,11,"09LOW0751_19"
"274","08SAM2865",2019-08-27 15:30:00,10,"08SAM2865_19"
"275","08NOR1370",2019-08-22 19:30:00,14,"08NOR1370_19"
"276","08LAK3540",2019-08-29 15:15:00,15,"08LAK3540_19"
"277","07PAT166087",2019-07-22 16:37:00,0,"07PAT166087_19"
"278","09LOW0753",2019-09-05 16:15:00,2,"09LOW0753_19"
"279","07PAT187623",2019-08-28 15:45:00,0,"07PAT187623_19"
"280","09JEN1318",2019-09-05 20:15:00,3,"09JEN1318_19"
"281","BSE_21_GolfCrs",2019-09-10 16:45:00,7,"BSE_21_GolfCrs_19"
"282","09DEE2208",2019-08-28 21:00:00,13,"09DEE2208_19"
"283","09BLA0768",2019-08-28 18:20:00,0,"09BLA0768_19"
"284","09NEW2128",2019-09-10 19:30:00,0,"09NEW2128_19"
"288","09MIL0340",2019-09-10 17:15:00,0,"09MIL0340_19"
"289","08LAK3121",2019-08-06 20:17:00,1,"08LAK3121_19"
"291","07PAT231079",2019-08-28 17:53:00,6,"07PAT231079_19"
"292","09LOW0325",2019-09-10 15:15:00,0,"09LOW0325_19"
"294","08LAK2827",2019-09-11 20:00:00,0,"08LAK2827_19"
"295","08EAS2540",2019-09-11 17:30:00,3,"08EAS2540_19"
"296","08EAS2446",2019-09-11 15:24:00,4,"08EAS2446_19"
"297","07SFS041891",2019-08-27 20:27:00,3,"07SFS041891_19"
"300","09COV1165",2019-09-12 15:30:00,16,"09COV1165_19"
"302","07PAT001415",2019-08-12 18:30:00,3,"07PAT001415_19"
"305","08WES1037",2019-09-18 20:15:00,1,"08WES1037_19"
"306","08EVA3640",2019-09-16 15:40:00,0,"08EVA3640_19"
"307","08EAS2191",2019-09-16 18:05:00,0,"08EAS2191_19"
"308","09COV1418",2019-09-19 17:15:00,9,"09COV1418_19"
"311","09BLA0771",2019-09-19 15:15:00,5,"09BLA0771_19"
"312","09SOO1022",2019-09-19 20:15:00,12,"09SOO1022_19"
"313","07HAR070087",2019-09-19 15:00:00,0,"07HAR070087_19"
"314","08LAK3627",2019-09-23 15:15:00,3,"08LAK3627_19"
"315","08WES0629",2019-09-25 18:30:00,12,"08WES0629_19"
"316","08WES1490",2019-09-23 19:15:00,8,"08WES1490_19"
"317","08CED2433",2019-09-23 17:15:00,4,"08CED2433_19"
"318","07LNT075179",2019-10-02 17:15:00,6,"07LNT075179_19"
"321","08LIT2602",2019-10-01 15:15:00,6,"08LIT2602_19"
"323","08LIT2692",2019-10-01 17:45:00,9,"08LIT2692_19"
"326","09BLA0716",2019-09-26 15:00:00,2,"09BLA0716_19"
"327","08SAM1914",2019-10-01 20:45:00,2,"08SAM1914_19"
"328","07CHR070059",2019-09-03 16:00:00,8,"07CHR070059_19"
"329","08LIT2603",2019-10-07 20:15:00,3,"08LIT2603_19"
"331","07GRN077319",2019-09-03 18:00:00,6,"07GRN077319_19"
"332","09SOO1209",2019-09-26 19:45:00,6,"09SOO1209_19"
"334","09BLA0675",2019-09-24 15:10:00,12,"09BLA0675_19"
"335","09MIL0390",2019-09-24 17:30:00,0,"09MIL0390_19"
"336","09MID2426",2019-09-30 20:15:00,3,"09MID2426_19"
"338","09NEW2076",2019-10-07 16:00:00,2,"09NEW2076_19"
"339","09MID1537",2019-09-26 17:30:00,0,"09MID1537_19"
"340","08EAS2272",2019-10-03 19:30:00,1,"08EAS2272_19"
"342","09NEW2102",2019-10-03 16:15:00,4,"09NEW2102_19"
"344","09JEN1357",2019-09-24 20:00:00,3,"09JEN1357_19"
"346","07PAT228627",2019-09-25 15:30:00,3,"07PAT228627_19"
"347","09DEE2294",2019-09-30 16:15:00,2,"09DEE2294_19"
"348","08EAS2631",2019-09-18 17:00:00,12,"08EAS2631_19"
"352","07SFS009443",2019-09-19 17:45:00,12,"07SFS009443_19"
"358","08ISS4724",2019-10-11 15:15:00,18,"08ISS4724_19"
"359","07LNT163403",2019-08-27 16:30:00,1,"07LNT163403_19"
"360","09MID1958",2019-07-29 20:45:00,2,"09MID1958_19"
"362","08BEA3914",2019-08-06 19:25:00,4,"08BEA3914_19"
"363","07LMS103591",2019-09-05 19:45:00,17,"07LMS103591_19"
"364","08LAK3880",2019-09-19 14:45:00,NA,"08LAK3880_19"
"365","07SFS011475",2019-09-12 15:30:00,4,"07SFS011475_19"
"366","09SOO1283",2019-09-19 16:15:00,5,"09SOO1283_19"
"367","08ISS3958",2019-08-29 16:15:00,0,"08ISS3958_19"
"368","08EVA3813",2019-09-10 18:15:00,6,"08EVA3813_19"
"369","08LIT2585",2019-09-17 18:00:00,5,"08LIT2585_19"
"370","08EAS2058",2019-09-04 21:10:00,2,"08EAS2058_19"
"371","08SAM2862",2019-09-18 16:45:00,5,"08SAM2862_19"
"372","07LMS026663",2019-09-05 17:15:00,34,"07LMS026663_19"
"373","08WES0903",2019-10-01 17:15:00,4,"08WES0903_19"
"375","08SAM3045",2019-09-18 20:00:00,1,"08SAM3045_19"
"376","08BEA3826",2019-08-06 17:40:00,7,"08BEA3826_19"
"377","08SAM3047",2019-08-28 16:15:00,21,"08SAM3047_19"
"379","07LMS093027",2019-09-12 17:15:00,NA,"07LMS093027_19"
"380","08WES0622",2019-08-28 20:05:00,2,"08WES0622_19"
"381","07SFS011059",2019-09-12 19:30:00,NA,"07SFS011059_19"
"382","08SAM0000",2019-09-24 19:30:00,2,"08SAM0000_19"
"383","08LAK3699",2019-09-09 18:15:00,3,"08LAK3699_19"
"384","08ISS4573",2019-08-29 18:00:00,3,"08ISS4573_19"
"385","VashShing",2019-09-30 15:45:00,6,"VashShin_19"
"386","09BLA0817",2019-09-04 18:55:00,5,"09BLA0817_19"
"387","VashChris",2019-09-30 17:45:00,1,"VashChris_19"
"388","28A",2019-09-30 19:00:00,12,"28A_19"
"390","09MID1744",2019-09-11 18:15:00,6,"09MID1744_19"
"391","08BEA3321",2019-10-01 16:00:00,1,"08BEA3321_19"
"396","08CED2898",2020-08-05 16:50:00,2,"08CED2898_20"
"398","08BEA3650",2020-08-10 17:45:00,3,"08BEA3650_20"
"399","08BEA3571",2020-08-12 21:00:00,0,"08BEA3571_20"
"400","08EVA3640",2020-08-04 16:00:00,1,"08EVA3640_20"
"402","09BLA0675",2020-07-27 17:00:00,25,"09BLA0675_20"
"403","08LAK3879",2020-08-06 17:15:00,8,"08LAK3879_20"
"404","08WES1178",2020-07-30 15:30:00,0,"08WES1178_20"
"405","08NOR1370",2020-07-30 18:30:00,6,"08NOR1370_20"
"406","08CED5046",2020-07-28 17:45:00,12,"08CED5046_20"
"407","08SAM2855",2020-08-12 20:30:00,6,"08SAM2855_20"
"408","08NOR1750",2020-08-12 16:45:00,4,"08NOR1750_20"
"409","07PAT231079",2020-07-29 16:30:00,27,"07PAT231079_20"
"410","09MIL0390",2020-07-22 18:45:00,0,"09MIL0390_20"
"411","09MIL0340",2020-07-22 17:00:00,0,"09MIL0340_20"
"412","09DUW0225",2020-07-22 22:15:00,6,"09DUW0225_20"
"413","08CED5032",2020-07-28 21:30:00,0,"08CED5032_20"
"414","09BLA0716",2020-07-27 19:45:00,1,"09BLA0716_20"
"415","09COV1418",2020-07-29 21:00:00,3,"09COV1418_20"
"416","09MID1374",2020-07-29 17:30:00,6,"09MID1374_20"
"418","08CED4192",2020-08-05 19:30:00,9,"08CED4192_20"
"419","08CED2711",2020-08-11 20:00:00,8,"08CED2711_20"
"420","09BLA0771",2020-08-11 15:30:00,13,"09BLA0771_20"
"421","09BLA0772",2020-08-11 17:30:00,2,"09BLA0772_20"
"423","07TKL072439",2020-08-13 20:00:00,9,"07TKL072439_20"
"424","08ISS4735",2020-08-18 19:45:00,20,"08ISS4735_20"
"425","08ISS4730",2020-08-18 16:30:00,13,"08ISS4730_20"
"426","09COV1165",2020-07-23 16:35:00,26,"09COV1165_20"
"427","09JEN1318",2020-07-23 20:30:00,0,"09JEN1318_20"
"428","08CED2433",2020-08-17 16:20:00,4,"08CED2433_20"
"429","09BLA0722",2020-08-17 19:40:00,5,"09BLA0722_20"
"430","07STL080295",2020-08-25 19:15:00,0,"07STL080295_20"
"431","07PAT001415",2020-08-25 16:00:00,3,"07PAT001415_20"
"432","08ISS4294",2020-07-29 15:50:00,2,"08ISS4294_20"
"434","08ISS4724",2020-07-28 18:15:00,1,"08ISS4724_20"
"435","09SOO1134",2020-08-04 16:00:00,11,"09SOO1134_20"
"436","08CED2518",2020-08-05 23:10:00,3,"08CED2518_20"
"437","09NEW2102",2020-08-06 21:45:00,4,"09NEW2102_20"
"438","09DEE2211",2020-08-06 16:35:00,0,"09DEE2211_20"
"439","09DEE2208",2020-08-06 19:00:00,2,"09DEE2208_20"
"440","07PAT187623",2020-08-10 20:00:00,0,"07PAT187623_20"
"441","07PAT166087",2020-08-10 17:15:00,0,"07PAT166087_20"
"442","07LMS213875",2020-08-12 20:30:00,4,"07LMS213875_20"
"443","BSE_1_MudMtnRd",2020-08-31 18:00:00,2,"BSE_1_MudMtnRd_20"
"444","BSE_21_GolfCrs",2020-09-02 20:15:00,9,"BSE_21_GolfCrs_20"
"445","BSE_8_268hAveSE",2020-08-31 20:50:00,6,"BSE_8_268hAveSE_20"
"446","09SOO1130",2020-09-02 16:45:00,31,"09SOO1130_20"
"447","07RAG022147",2020-09-03 16:50:00,21,"07RAG022147_20"
"448","07SFS041891",2020-09-03 20:25:00,0,"07SFS041891_20"
"449","07LNT130827",2020-08-26 20:00:00,8,"07LNT130827_20"
"450","WalkerPreserve",2020-08-27 21:15:00,0,"WalkerPreserve_20"
"451","Miller_SWSSD",2020-08-27 18:55:00,9,"Miller_SWSSD_20"
"452","Miller_Cove",2020-08-27 16:15:00,7,"Miller_Cove_20"
"453","09JEN1357",2020-08-17 22:00:00,2,"09JEN1357_20"
"454","08LAK3628",2020-08-19 16:40:00,11,"08LAK3628_20"
"455","09BLA0768",2020-08-19 19:40:00,0,"09BLA0768_20"
"456","08EAS1964",2020-08-19 22:00:00,22,"08EAS1964_20"
"457","09DEE2163",2020-08-24 17:50:00,2,"09DEE2163_20"
"458","09DUW0277",2020-08-24 20:30:00,1,"09DUW0277_20"
"459","09LOW0325",2020-08-24 22:10:00,1,"09LOW0325_20"
"460","08LIT2682",2020-08-27 20:30:00,18,"08LIT2682_20"
"461","08LAK3121",2020-08-13 16:30:00,11,"08LAK3121_20"
"462","07LMS033235",2020-08-12 17:30:00,30,"07LMS033235_20"
"463","08LIT2692",2020-08-11 21:23:00,15,"08LIT2692_20"
"464","08EAS1536",2020-08-31 17:45:00,5,"08EAS1536_20"
"465","08LIT2685",2020-08-11 17:30:00,0,"08LIT2685_20"
"466","08EVA3637",2020-08-20 21:30:00,2,"08EVA3637_20"
"467","08LAK2827",2020-08-13 19:45:00,0,"08LAK2827_20"
"468","09COV1756",2020-07-28 19:50:00,27,"09COV1756_20"
"469","08EAS2191",2020-08-20 18:40:00,6,"08EAS2191_20"
"470","08EVA3642",2020-09-02 16:00:00,7,"08EVA3642_20"
"471","08SAM1914",2020-08-21 16:45:00,0,"08SAM1914_20"
"472","08LIT2781",2020-08-21 07:10:00,0,"08LIT2781_20"
"473","08WES1490",2020-09-01 17:45:00,3,"08WES1490_20"
"474","08BEA3747",2020-08-31 21:00:00,0,"08BEA3747_20"
"475","09COV1862",2020-07-30 16:30:00,11,"09COV1862_20"
"476","08SAM2674",2020-08-20 16:15:00,0,"08SAM2674_20"
"477","08WES0905",2020-08-25 22:15:00,0,"08WES0905_20"
"478","08NOR1362",2020-08-25 19:00:00,2,"08NOR1362_20"
"479","08NOR2306",2020-08-25 16:00:00,1,"08NOR2306_20"
"480","08EAS2631",2020-09-03 18:20:00,16,"08EAS2631_20"
"481","07RAG004615",2020-09-01 16:15:00,2,"07RAG004615_20"
"482","08ISS3877",2020-07-20 17:30:00,11,"08ISS3877_20"
"483","09LOW0753",2020-08-05 19:10:00,2,"09LOW0753_20"
"484","07RAG018227",2020-09-01 19:30:00,12,"07RAG018227_20"
"485","08EAS2272",2020-09-03 21:00:00,0,"08EAS2272_20"
"486","09COV1864",2020-08-03 21:00:00,3,"09COV1864_20"
"487","08SAM2865",2020-09-02 16:15:00,9,"08SAM2865_20"
"488","08WES1579",2020-09-01 15:52:00,1,"08WES1579_20"
"489","07HAR070087",2020-09-02 16:30:00,4,"07HAR070087_20"
"490","08WES1037",2020-09-01 22:05:00,3,"08WES1037_20"
"491","08WES1340",2020-09-01 20:00:00,13,"08WES1340_20"
"492","07SFS009443",2020-08-24 21:30:00,4,"07SFS009443_20"
"493","07SFS066611",2020-08-24 17:40:00,6,"07SFS066611_20"
"494","07RAG002867",2020-08-26 18:40:00,7,"07RAG002867_20"
"495","09DUW0091",2020-07-28 15:30:00,2,"09DUW0091_20"
"496","09MID1817",2020-08-03 18:15:00,5,"09MID1817_20"
"498","07HAR025863",2020-08-05 16:40:00,2,"07HAR025863_20"
"499","08NOR2115",2020-08-18 21:40:00,10,"08NOR2115_20"
"500","09MID1537",2020-09-22 20:00:00,0,"09MID1537_20"
"501","08EAS2446",2020-09-22 15:10:00,0,"08EAS2446_20"
"502","08EAS2540",2020-09-22 17:15:00,7,"08EAS2540_20"
"503","08LAK3540",2020-09-21 16:00:00,3,"08LAK3540_20"
"504","08LAK3627",2020-09-21 17:55:00,0,"08LAK3627_20"
"505","08EAS2546",2020-09-21 22:00:00,0,"08EAS2546_20"
"506","09MID2426",2020-09-23 16:30:00,4,"09MID2426_20"
"507","07LNT062039",2020-09-22 17:15:00,11,"07LNT062039_20"
"508","07LNT075179",2020-09-22 20:15:00,15,"07LNT075179_20"
"509","07CHR070059",2020-09-29 18:15:00,6,"07CHR070059_20"
"510","07CHR045515",2020-09-29 21:45:00,0,"07CHR045515_20"
"511","07RAG043443",2020-09-30 16:30:00,12,"07RAG043443_20"
"512","07GRN077319",2020-09-30 19:45:00,4,"07GRN077319_20"
"513","09SOO1022",2020-10-01 20:45:00,5,"09SOO1022_20"
"514","09SOO1209",2020-10-01 18:15:00,0,"09SOO1209_20"
"515","08LIT2602",2020-09-22 21:45:00,13,"08LIT2602_20"
"517","07CHR234411",2020-10-02 16:30:00,10,"07CHR234411_20"
"521","08ISS4748",2020-08-03 20:00:00,0,"08ISS4748_20"
"522","08ISS3962",2020-08-03 22:20:00,18,"08ISS3962_20"
"523","08ISS4884",2020-08-03 17:00:00,9,"08ISS4884_20"
"524","09NEW2128",2020-09-30 18:45:00,1,"09NEW2128_20"
"525","08BEA3737",2020-07-21 20:20:00,0,"08BEA3737_20"
"526","09DEE2294",2020-09-30 16:30:00,0,"09DEE2294_20"
"529","08LAK3699",2020-10-07 21:50:00,5,"08LAK3699_20"
"532","07GRN022903",2020-09-23 16:30:00,6,"07GRN022903_20"
"533","07LMS055075",2020-09-21 16:45:00,1,"07LMS055075_20"
"534","07TKL047047",2020-09-21 20:00:00,5,"07TKL047047_20"
"535","07PAT228627",2020-10-07 19:00:00,2,"07PAT228627_20"
"544","07LNT163403",2020-09-29 17:45:00,2,"07LNT163403_20"
"545","08LIT2603",2020-09-29 22:00:00,0,"08LIT2603_20"
"546","08EAS2058",2020-07-27 19:30:00,3,"08EAS2058_20"
"547","07LMS026663",2020-09-22 18:55:00,9,"07LMS026663_20"
"548","08WES0622",2020-08-06 19:01:00,2,"08WES0622_20"
"549","09NEW2076",2020-10-01 21:00:00,4,"09NEW2076_20"
"550","07SFS011475",2020-09-22 21:11:00,0,"07SFS011475_20"
"551","08WES0629",2020-08-06 20:45:00,5,"08WES0629_20"
"552","09BLA0817",2020-08-13 18:30:00,4,"09BLA0817_20"
"553","VashShing",2020-09-22 21:20:00,10,"VashShin_20"
"554","08BEA3914",2020-08-20 17:00:00,5,"08BEA3914_20"
"555","08BEA3826",2020-08-20 18:24:00,5,"08BEA3826_20"
"556","09MID1958",2020-09-29 17:45:00,3,"09MID1958_20"
"557","08SAM3047",2020-08-20 20:35:00,4,"08SAM3047_20"
"558","09MID1744",2020-09-29 20:25:00,6,"09MID1744_20"
"559","08EVA3813",2020-08-27 20:00:00,2,"08EVA3813_20"
"560","08SAM2862",2020-09-30 17:00:00,9,"08SAM2862_20"
"561","07STL184007",2020-09-10 18:00:00,2,"07STL184007_20"
"562","08SAM3045",2020-09-30 20:00:00,1,"08SAM3045_20"
"563","08LIT2585",2020-09-21 16:30:00,5,"08LIT2585_20"
"564","07RAG012515",2020-08-27 17:10:00,2,"07RAG012515_20"
"565","08ISS4573",2020-10-01 17:40:00,4,"08ISS4573_20"
"568","07LMS103591",2020-09-22 16:42:00,0,"07LMS103591_20"
"569","08LAK3880",2020-10-01 19:30:00,3,"08LAK3880_20"
"570","28A",2020-10-05 20:30:00,17,"28A_20"
"571","VashChris",2020-10-05 22:00:00,1,"VashChris_20"
"572","09SOO1283",2020-10-06 21:00:00,11,"09SOO1283_20"
"573","07SFS011059",2020-10-07 16:30:00,1,"07SFS011059_20"
"574","08BEA3312",2020-09-21 18:50:00,2,"08BEA3312_20"
"575","09NEW1657",2020-10-01 17:53:00,1,"09NEW1657_20"
"576","08SAM0000",2020-09-09 19:00:00,6,"08SAM0000_20"
"579","07LMS093027",2020-10-07 19:21:00,1,"07LMS093027_20"
"580","09LOW0751",2020-10-01 18:30:00,10,"09LOW0751_20"
"588","08WES0905",2021-07-26 22:30:00,0,"08WES0905_21"
"589","07RAG004615",2021-08-09 17:00:00,3,"07RAG004615_21"
"590","07PAT166087",2021-08-09 20:00:00,1,"07PAT166087_21"
"593","07TKL072439",2021-07-20 19:30:00,10,"07TKL072439_21"
"594","09COV1864",2021-07-22 19:00:00,6,"09COV1864_21"
"595","09NEW2102",2021-07-28 21:00:00,12,"09NEW2102_21"
"596","09DEE2211",2021-07-28 17:00:00,0,"09DEE2211_21"
"597","09NEW2128",2021-07-28 19:30:00,4,"09NEW2128_21"
"599","08ISS3877",2021-07-27 15:45:00,9,"08ISS3877_21"
"600","07PAT231079",2021-07-21 16:30:00,20,"07PAT231079_21"
"601","09COV1862",2021-07-22 15:30:00,2,"09COV1862_21"
"602","08WES1490",2021-08-12 15:30:00,6,"08WES1490_21"
"603","08WES1579",2021-08-12 18:20:00,2,"08WES1579_21"
"604","08LAK3540",2021-07-28 20:00:00,14,"08LAK3540_21"
"605","08EAS2546",2021-08-19 16:00:00,3,"08EAS2546_21"
"608","08NOR2115",2021-08-24 20:30:00,3,"08NOR2115_21"
"610","08LAK3121",2021-08-24 16:45:00,5,"08LAK3121_21"
"611","08LIT2692",2021-08-12 18:15:00,20,"08LIT2692_21"
"614","07HAR070087",2021-07-20 17:15:00,10,"07HAR070087_21"
"615","08EVA3642",2021-07-20 20:15:00,0,"08EVA3642_21"
"618","07STL080295",2021-09-02 20:30:00,2,"07STL080295_21"
"621","08EAS2631",2021-07-22 18:36:00,24,"08EAS2631_21"
"622","07GRN022903",2021-08-23 17:05:00,3,"07GRN022903_21"
"623","08CED2898",2021-07-22 16:15:00,2,"08CED2898_21"
"624","08SAM2674",2021-08-26 16:45:00,1,"08SAM2674_21"
"625","08LIT2602",2021-08-12 22:00:00,7,"08LIT2602_21"
"626","07SFS066611",2021-07-26 17:20:00,11,"07SFS066611_21"
"627","07LNT062039",2021-08-23 20:45:00,2,"07LNT062039_21"
"628","08ISS4748",2021-07-26 20:50:00,3,"08ISS4748_21"
"629","08BEA3474",2021-08-26 21:00:00,0,"08BEA3474_21"
"630","08CED4192",2021-08-02 17:00:00,15,"08CED4192_21"
"631","08SAM1914",2021-07-19 16:00:00,8,"08SAM1914_21"
"633","09SOO1022",2021-08-04 17:30:00,4,"09SOO1022_21"
"634","BSE_1_MudMtnRd",2021-09-01 16:30:00,7,"BSE_1_MudMtnRd_21"
"635","07LNT130827",2021-08-25 18:00:00,22,"07LNT130827_21"
"636","09MIL0340",2021-07-19 16:00:00,1,"09MIL0340_21"
"637","09MID1817",2021-07-19 21:45:00,6,"09MID1817_21"
"638","07PAT001415",2021-09-02 17:00:00,5,"07PAT001415_21"
"639","09SOO1134",2021-08-04 20:30:00,4,"09SOO1134_21"
"640","09MIL0390",2021-07-19 19:15:00,2,"09MIL0390_21"
"641","09JEN1357",2021-08-02 22:15:00,9,"09JEN1357_21"
"642","07LNT075179",2021-08-24 18:30:00,57,"07LNT075179_21"
"643","09JEN1318",2021-08-02 20:30:00,0,"09JEN1318_21"
"645","09SOO0943",2021-08-12 19:15:00,7,"09SOO0943_21"
"646","07SFS041891",2021-09-02 20:45:00,1,"07SFS041891_21"
"647","09LOW0753",2021-08-12 16:00:00,9,"09LOW0753_21"
"649","08WES1340",2021-08-30 16:45:00,9,"08WES1340_21"
"650","08NOR1370",2021-08-09 21:00:00,17,"08NOR1370_21"
"651","08BEA3747",2021-08-09 17:00:00,34,"08BEA3747_21"
"653","BSE_21_GolfCrs",2021-09-01 21:00:00,10,"BSE_21_GolfCrs_21"
"654","BSE_8_268hAveSE",2021-09-01 19:15:00,6,"BSE_8_268hAveSE_21"
"658","09DUW0277",2021-08-18 18:30:00,2,"09DUW0277_21"
"659","09BLA0756",2021-09-20 20:30:00,5,"09BLA0756_21"
"660","WalkerPreserve",2021-09-20 16:15:00,0,"WalkerPreserve_21"
"661","09BLA0722",2021-09-20 18:00:00,5,"09BLA0722_21"
"662","07LMS093027",2021-09-16 20:30:00,3,"07LMS093027_21"
"663","07SFS011475",2021-09-16 17:00:00,115,"07SFS011475_21"
"664","09BLA0675",2021-09-13 19:30:00,5,"09BLA0675_21"
"665","09BLA0716",2021-09-13 16:45:00,0,"09BLA0716_21"
"666","08LAK3628",2021-09-21 16:00:00,4,"08LAK3628_21"
"667","08CED2433",2021-09-14 16:15:00,4,"08CED2433_21"
"668","08LAK3879",2021-09-21 20:45:00,8,"08LAK3879_21"
"669","08CED2711",2021-09-14 21:00:00,11,"08CED2711_21"
"670","09NEW1657",2021-09-15 16:45:00,11,"09NEW1657_21"
"671","08EVA3637",2021-09-16 15:45:00,0,"08EVA3637_21"
"672","09BLA0772",2021-09-15 21:00:00,0,"09BLA0772_21"
"674","07RAG018227",2021-09-22 17:00:00,13,"07RAG018227_21"
"675","07HAR025863",2021-09-23 19:45:00,0,"07HAR025863_21"
"676","07GRN077319",2021-09-23 21:35:00,3,"07GRN077319_21"
"677","08EVA3640",2021-09-23 16:30:00,2,"08EVA3640_21"
"678","09NEW2076",2021-09-21 20:00:00,0,"09NEW2076_21"
"679","08SAM2865",2021-09-23 19:45:00,6,"08SAM2865_21"
"680","09MID1374",2021-09-21 17:00:00,0,"09MID1374_21"
"681","07LMS213875",2021-09-13 17:15:00,12,"07LMS213875_21"
"682","08EAS2272",2021-09-20 18:00:00,0,"08EAS2272_21"
"683","07SFS009443",2021-09-13 21:15:00,10,"07SFS009443_21"
"684","08BEA3571",2021-09-16 18:30:00,2,"08BEA3571_21"
"685","Miller_SWSSD",2021-09-14 19:50:00,4,"Miller_SWSSD_21"
"686","07RAG022147",2021-09-22 21:15:00,16,"07RAG022147_21"
"687","07RAG012515",2021-09-22 21:30:00,7,"07RAG012515_21"
"688","ZAK",2021-07-28 16:30:00,2,"ZAK_21"
"689","08ISS4294",2021-09-21 17:15:00,3,"08ISS4294_21"
"690","Miller_Cove",2021-09-14 16:30:00,8,"Miller_Cove_21"
"691","09BLA0771",2021-09-13 21:45:00,13,"09BLA0771_21"
"693","07CHR070059",2021-09-23 16:45:00,3,"07CHR070059_21"
"694","07TKL047047",2021-09-29 16:00:00,4,"07TKL047047_21"
"695","09DUW0225",2021-07-28 19:30:00,5,"09DUW0225_21"
"696","09DUW0091",2021-07-28 16:15:00,7,"09DUW0091_21"
"697","07PAT228627",2021-08-17 16:45:00,95,"07PAT228627_21"
"698","07PAT187623",2021-09-29 15:45:00,0,"07PAT187623_21"
"699","08ISS3962",2021-08-25 17:15:00,12,"08ISS3962_21"
"700","07CHR234411",2021-08-23 22:00:00,14,"07CHR234411_21"
"701","08EAS2191",2021-08-04 21:30:00,3,"08EAS2191_21"
"702","07CHR045515",2021-08-23 17:45:00,0,"07CHR045515_21"
"703","08WES1037",2021-09-28 21:40:00,1,"08WES1037_21"
"704","07LMS055075",2021-07-21 16:15:00,6,"07LMS055075_21"
"705","07RAG002867",2021-09-29 19:30:00,11,"07RAG002867_21"
"706","08CED2518",2021-09-14 18:00:00,4,"08CED2518_21"
"707","07LNT163403",2021-09-29 20:00:00,10,"07LNT163403_21"
"709","08EAS1964",2021-09-20 20:30:00,6,"08EAS1964_21"
"710","08EAS2446",2021-07-21 22:00:00,3,"08EAS2446_21"
"711","08LAK2827",2021-08-05 20:30:00,1,"08LAK2827_21"
"712","08LIT2603",2021-09-16 20:30:00,1,"08LIT2603_21"
"713","08LIT2781",2021-09-16 18:00:00,1,"08LIT2781_21"
"716","08EAS1536",2021-09-20 16:00:00,6,"08EAS1536_21"
"717","08WES1178",2021-07-14 19:30:00,15,"08WES1178_21"
"718","08BEA3737",2021-08-04 18:00:00,0,"08BEA3737_21"
"719","08BEA3650",2021-08-04 15:30:00,26,"08BEA3650_21"
"720","08CED5032",2021-07-13 20:45:00,3,"08CED5032_21"
"721","08CED5046",2021-07-12 20:45:00,25,"08CED5046_21"
"722","08SAM2855",2021-07-19 18:45:00,5,"08SAM2855_21"
"723","08ISS4730",2021-07-26 17:00:00,7,"08ISS4730_21"
"724","07RAG043443",2021-08-17 21:30:00,15,"07RAG043443_21"
"725","08EAS2540",2021-07-21 19:45:00,5,"08EAS2540_21"
"726","09LOW0325",2021-10-04 22:15:00,2,"09LOW0325_21"
"727","08NOR1362",2021-10-04 17:15:00,7,"08NOR1362_21"
"728","09BLA0768",2021-10-07 17:15:00,4,"09BLA0768_21"
"729","08LIT2682",2021-09-29 21:40:00,12,"08LIT2682_21"
"730","09MID2426",2021-10-05 16:30:00,9,"09MID2426_21"
"731","08ISS4735",2021-07-26 20:30:00,11,"08ISS4735_21"
"732","08NOR2306",2021-09-29 19:00:00,19,"08NOR2306_21"
"733","09COV1418",2021-10-05 19:15:00,2,"09COV1418_21"
"734","08NOR1750",2021-09-29 16:20:00,4,"08NOR1750_21"
"735","09DEE2163",2021-10-07 18:15:00,1,"09DEE2163_21"
"736","09COV1165",2021-10-04 22:45:00,13,"09COV1165_21"
"737","09DEE2294",2021-10-06 15:05:00,2,"09DEE2294_21"
"738","09SOO1130",2021-10-06 20:30:00,8,"09SOO1130_21"
"739","09DEE2208",2021-10-07 16:20:00,0,"09DEE2208_21"
"740","09COV1756",2021-10-04 20:20:00,17,"09COV1756_21"
"741","09LOW0751",2021-10-06 18:00:00,12,"09LOW0751_21"
"742","09SOO1209",2021-10-07 14:30:00,2,"09SOO1209_21"
"743","08BEA3312",2021-07-19 21:00:00,7,"08BEA3312_21"
"745","07LMS033235",2021-08-05 16:00:00,56,"07LMS033235_21"
"746","08ISS4724",2021-07-14 20:45:00,2,"08ISS4724_21"
"749","08WES0622",2021-07-22 17:00:00,3,"08WES0622_21"
"750","08EAS2058",2021-07-29 16:45:00,6,"08EAS2058_21"
"751","08WES0903",2021-08-04 17:30:00,12,"08WES0903_21"
"753","09MID1958",2021-08-05 16:45:00,3,"09MID1958_21"
"754","09MID1744",2021-08-05 20:15:00,10,"09MID1744_21"
"755","07STL184007",2021-08-12 17:30:00,2,"07STL184007_21"
"756","08SAM0000",2021-08-19 16:45:00,3,"08SAM0000_21"
"757","08WES0629",2021-08-19 21:00:00,8,"08WES0629_21"
"758","08ISS4573",2021-08-26 17:00:00,6,"08ISS4573_21"
"759","08LAK3699",2021-08-26 20:00:00,7,"08LAK3699_21"
"760","08LIT2585",2021-08-31 17:15:00,4,"08LIT2585_21"
"761","08SAM2862",2021-08-31 21:00:00,9,"08SAM2862_21"
"762","08BEA3914",2021-09-02 17:00:00,7,"08BEA3914_21"
"763","08BEA3826",2021-09-02 20:30:00,2,"08BEA3826_21"
"764","08SAM3047",2021-09-08 18:30:00,9,"08SAM3047_21"
"765","08EVA3813",2021-09-09 16:30:00,5,"08EVA3813_21"
"767","08SAM3045",2021-09-09 19:45:00,1,"08SAM3045_21"
"768","VashShing",2021-09-13 16:30:00,6,"VashShin_21"
"769","28A",2021-09-13 18:30:00,18,"28A_21"
"770","VashChris",2021-09-13 21:00:00,1,"VashChris_21"
"771","07LMS103591",2021-09-16 16:30:00,55,"07LMS103591_21"
"772","07LMS026663",2021-09-16 19:15:00,19,"07LMS026663_21"
"773","07SFS011059",2021-09-16 20:00:00,0,"07SFS011059_21"
"774","08BEA3321",2021-09-22 18:00:00,10,"08BEA3321_21"
"775","08LAK3880",2021-09-23 16:00:00,1,"08LAK3880_21"
"777","09BLA0817",2021-09-23 19:00:00,4,"09BLA0817_21"
"778","09SOO1283",2021-10-07 16:30:00,9,"09SOO1283_21"
